<?xml version="1.0" encoding="UTF-8" ?>
<document>
<node>
	<id>Bed</id>
	<type>SHEET</type>
	<mesh>meshes/Bed.obj</mesh>

	<controls>
		<c>4</c>
		<c>4</c>
	</controls>

	<point>-0.659782 -0.661953 0.10683</point>
	<point>-0.659782 -0.222051 0.10683</point>
	<point>-0.659782 0.217852 0.10683</point>
	<point>-0.659782 0.657757 0.10683</point>
	<point>-0.219203 -0.661953 0.10683</point>
	<point>-0.219203 -0.222051 0.10683</point>
	<point>-0.219203 0.217852 0.10683</point>
	<point>-0.219203 0.657757 0.10683</point>
	<point>0.221374 -0.661953 0.10683</point>
	<point>0.221374 -0.222051 0.10683</point>
	<point>0.221374 0.217852 0.10683</point>
	<point>0.221374 0.657757 0.10683</point>
	<point>0.661952 -0.661953 0.10683</point>
	<point>0.661952 -0.222051 0.10683</point>
	<point>0.661952 0.217852 0.10683</point>
	<point>0.661952 0.657757 0.10683</point>

	<weights>1 1 1 1 1 1 1 1 1 1 1 1 1 1 1 1 </weights>

	<meta><key>label</key><value>mattress</value></meta>

	<meta><key>parentLabel</key><value>mattress</value></meta>
</node>

<node>
	<id>Leg4</id>
	<type>CURVE</type>
	<mesh>meshes/Leg4.obj</mesh>

	<controls>
		<c>5</c>
	</controls>

	<point>-0.71339 -0.708816 0.785942</point>
	<point>-0.71339 -0.708816 0.614704</point>
	<point>-0.71339 -0.708816 0.39652</point>
	<point>-0.71339 -0.708816 0.171238</point>
	<point>-0.71339 -0.708816 2.42851e-08</point>

	<weights>1 1 1 1 1 </weights>

	<meta><key>label</key><value>leg-front-left</value></meta>

	<meta><key>parentLabel</key><value>leg</value></meta>
</node>

<node>
	<id>Leg3</id>
	<type>CURVE</type>
	<mesh>meshes/Leg3.obj</mesh>

	<controls>
		<c>5</c>
	</controls>

	<point>-0.71339 0.714779 0.785942</point>
	<point>-0.71339 0.714779 0.614704</point>
	<point>-0.71339 0.714779 0.39652</point>
	<point>-0.71339 0.714779 0.171238</point>
	<point>-0.71339 0.714779 2.42851e-08</point>

	<weights>1 1 1 1 1 </weights>

	<meta><key>label</key><value>leg-front-right</value></meta>

	<meta><key>parentLabel</key><value>leg</value></meta>
</node>

<node>
	<id>Leg2</id>
	<type>CURVE</type>
	<mesh>meshes/Leg2.obj</mesh>

	<controls>
		<c>5</c>
	</controls>

	<point>0.71339 0.714779 0.785942</point>
	<point>0.71339 0.714779 0.614704</point>
	<point>0.71339 0.714779 0.39652</point>
	<point>0.71339 0.714779 0.171238</point>
	<point>0.71339 0.714779 2.42851e-08</point>

	<weights>1 1 1 1 1 </weights>

	<meta><key>label</key><value>leg-back-right</value></meta>

	<meta><key>parentLabel</key><value>leg</value></meta>
</node>

<node>
	<id>Leg1</id>
	<type>CURVE</type>
	<mesh>meshes/Leg1.obj</mesh>

	<controls>
		<c>5</c>
	</controls>

	<point>0.71339 -0.708816 0.785942</point>
	<point>0.71339 -0.708816 0.614704</point>
	<point>0.71339 -0.708816 0.39652</point>
	<point>0.71339 -0.708816 0.171238</point>
	<point>0.71339 -0.708816 2.42851e-08</point>

	<weights>1 1 1 1 1 </weights>

	<meta><key>label</key><value>leg-back-left</value></meta>

	<meta><key>parentLabel</key><value>leg</value></meta>
</node>

<node>
	<id>TopBar1</id>
	<type>CURVE</type>
	<mesh>meshes/TopBar1.obj</mesh>

	<controls>
		<c>8</c>
	</controls>

	<point>-0.639571 0.708782 0.70583</point>
	<point>-0.468333 0.708782 0.70583</point>
	<point>-0.297094 0.708782 0.70583</point>
	<point>-0.125856 0.708782 0.70583</point>
	<point>0.125094 0.708782 0.70583</point>
	<point>0.296332 0.708782 0.70583</point>
	<point>0.46757 0.708782 0.70583</point>
	<point>0.638809 0.708782 0.70583</point>

	<weights>1 1 1 1 1 1 1 1 </weights>

	<meta><key>label</key><value>support-bar-other</value></meta>

	<meta><key>parentLabel</key><value>support</value></meta>
</node>

<node>
	<id>BottomBar1</id>
	<type>CURVE</type>
	<mesh>meshes/BottomBar1.obj</mesh>

	<controls>
		<c>8</c>
	</controls>

	<point>-0.639571 0.708782 0.100075</point>
	<point>-0.468333 0.708782 0.100075</point>
	<point>-0.297094 0.708782 0.100075</point>
	<point>-0.125856 0.708782 0.100075</point>
	<point>0.125094 0.708782 0.100075</point>
	<point>0.296332 0.708782 0.100075</point>
	<point>0.46757 0.708782 0.100075</point>
	<point>0.638809 0.708782 0.100075</point>

	<weights>1 1 1 1 1 1 1 1 </weights>

	<meta><key>label</key><value>mattress-bar-right</value></meta>

	<meta><key>parentLabel</key><value>mattress</value></meta>
</node>

<node>
	<id>BottomBar3</id>
	<type>CURVE</type>
	<mesh>meshes/BottomBar3.obj</mesh>

	<controls>
		<c>8</c>
	</controls>

	<point>-0.639571 -0.714779 0.100075</point>
	<point>-0.468333 -0.714779 0.100075</point>
	<point>-0.297094 -0.714779 0.100075</point>
	<point>-0.125856 -0.714779 0.100075</point>
	<point>0.125094 -0.714779 0.100075</point>
	<point>0.296332 -0.714779 0.100075</point>
	<point>0.46757 -0.714779 0.100075</point>
	<point>0.638809 -0.714779 0.100075</point>

	<weights>1 1 1 1 1 1 1 1 </weights>

	<meta><key>label</key><value>mattress-bar-left</value></meta>

	<meta><key>parentLabel</key><value>mattress</value></meta>
</node>

<node>
	<id>TopBar3</id>
	<type>CURVE</type>
	<mesh>meshes/TopBar3.obj</mesh>

	<controls>
		<c>8</c>
	</controls>

	<point>-0.639571 -0.714779 0.70583</point>
	<point>-0.468333 -0.714779 0.70583</point>
	<point>-0.297094 -0.714779 0.70583</point>
	<point>-0.125856 -0.714779 0.70583</point>
	<point>0.125094 -0.714779 0.70583</point>
	<point>0.296332 -0.714779 0.70583</point>
	<point>0.46757 -0.714779 0.70583</point>
	<point>0.638809 -0.714779 0.70583</point>

	<weights>1 1 1 1 1 1 1 1 </weights>

	<meta><key>label</key><value>support-bar-other</value></meta>

	<meta><key>parentLabel</key><value>support</value></meta>
</node>

<node>
	<id>TopBar2</id>
	<type>CURVE</type>
	<mesh>meshes/TopBar2.obj</mesh>

	<controls>
		<c>8</c>
	</controls>

	<point>-0.712162 -0.642189 0.70583</point>
	<point>-0.712162 -0.470951 0.70583</point>
	<point>-0.712162 -0.299713 0.70583</point>
	<point>-0.712162 -0.128474 0.70583</point>
	<point>-0.712162 0.122477 0.70583</point>
	<point>-0.712162 0.293716 0.70583</point>
	<point>-0.712162 0.464954 0.70583</point>
	<point>-0.712162 0.636193 0.70583</point>

	<weights>1 1 1 1 1 1 1 1 </weights>

	<meta><key>label</key><value>support-bar-front</value></meta>

	<meta><key>parentLabel</key><value>support</value></meta>
</node>

<node>
	<id>BottomBar2</id>
	<type>CURVE</type>
	<mesh>meshes/BottomBar2.obj</mesh>

	<controls>
		<c>8</c>
	</controls>

	<point>-0.712162 -0.642189 0.100075</point>
	<point>-0.712162 -0.470951 0.100075</point>
	<point>-0.712162 -0.299713 0.100075</point>
	<point>-0.712162 -0.128474 0.100075</point>
	<point>-0.712162 0.122477 0.100075</point>
	<point>-0.712162 0.293716 0.100075</point>
	<point>-0.712162 0.464954 0.100075</point>
	<point>-0.712162 0.636193 0.100075</point>

	<weights>1 1 1 1 1 1 1 1 </weights>

	<meta><key>label</key><value>support-bar-front</value></meta>

	<meta><key>parentLabel</key><value>support</value></meta>
</node>

<node>
	<id>BottomBar4</id>
	<type>CURVE</type>
	<mesh>meshes/BottomBar4.obj</mesh>

	<controls>
		<c>8</c>
	</controls>

	<point>0.7114 -0.642189 0.100075</point>
	<point>0.7114 -0.470951 0.100075</point>
	<point>0.7114 -0.299713 0.100075</point>
	<point>0.7114 -0.128474 0.100075</point>
	<point>0.7114 0.122477 0.100075</point>
	<point>0.7114 0.293716 0.100075</point>
	<point>0.7114 0.464954 0.100075</point>
	<point>0.7114 0.636193 0.100075</point>

	<weights>1 1 1 1 1 1 1 1 </weights>

	<meta><key>label</key><value>support-bar-back</value></meta>

	<meta><key>parentLabel</key><value>support</value></meta>
</node>

<node>
	<id>TopBar4</id>
	<type>CURVE</type>
	<mesh>meshes/TopBar4.obj</mesh>

	<controls>
		<c>8</c>
	</controls>

	<point>0.7114 -0.642189 0.70583</point>
	<point>0.7114 -0.470951 0.70583</point>
	<point>0.7114 -0.299713 0.70583</point>
	<point>0.7114 -0.128474 0.70583</point>
	<point>0.7114 0.122477 0.70583</point>
	<point>0.7114 0.293716 0.70583</point>
	<point>0.7114 0.464954 0.70583</point>
	<point>0.7114 0.636193 0.70583</point>

	<weights>1 1 1 1 1 1 1 1 </weights>

	<meta><key>label</key><value>support-bar-back</value></meta>

	<meta><key>parentLabel</key><value>support</value></meta>
</node>

<node>
	<id>Bar11</id>
	<type>CURVE</type>
	<mesh>meshes/Bar11.obj</mesh>

	<controls>
		<c>4</c>
	</controls>

	<point>0.574079 0.709075 0.693895</point>
	<point>0.574079 0.709075 0.494728</point>
	<point>0.574079 0.709075 0.286534</point>
	<point>0.574079 0.709075 0.104772</point>

	<weights>1 1 1 1 </weights>

	<meta><key>label</key><value>support-bar-right</value></meta>

	<meta><key>parentLabel</key><value>support</value></meta>
</node>

<node>
	<id>Bar12</id>
	<type>CURVE</type>
	<mesh>meshes/Bar12.obj</mesh>

	<controls>
		<c>4</c>
	</controls>

	<point>0.446529 0.709075 0.693895</point>
	<point>0.446529 0.709075 0.494728</point>
	<point>0.446529 0.709075 0.286534</point>
	<point>0.446529 0.709075 0.104772</point>

	<weights>1 1 1 1 </weights>

	<meta><key>label</key><value>support-bar-right</value></meta>

	<meta><key>parentLabel</key><value>support</value></meta>
</node>

<node>
	<id>Bar13</id>
	<type>CURVE</type>
	<mesh>meshes/Bar13.obj</mesh>

	<controls>
		<c>4</c>
	</controls>

	<point>0.31898 0.709075 0.693895</point>
	<point>0.31898 0.709075 0.494728</point>
	<point>0.31898 0.709075 0.286534</point>
	<point>0.31898 0.709075 0.104772</point>

	<weights>1 1 1 1 </weights>

	<meta><key>label</key><value>support-bar-right</value></meta>

	<meta><key>parentLabel</key><value>support</value></meta>
</node>

<node>
	<id>Bar14</id>
	<type>CURVE</type>
	<mesh>meshes/Bar14.obj</mesh>

	<controls>
		<c>4</c>
	</controls>

	<point>0.19143 0.709075 0.693895</point>
	<point>0.19143 0.709075 0.494728</point>
	<point>0.19143 0.709075 0.286534</point>
	<point>0.19143 0.709075 0.104772</point>

	<weights>1 1 1 1 </weights>

	<meta><key>label</key><value>support-bar-right</value></meta>

	<meta><key>parentLabel</key><value>support</value></meta>
</node>

<node>
	<id>Bar15</id>
	<type>CURVE</type>
	<mesh>meshes/Bar15.obj</mesh>

	<controls>
		<c>4</c>
	</controls>

	<point>0.0638811 0.709075 0.693895</point>
	<point>0.0638811 0.709075 0.494728</point>
	<point>0.0638811 0.709075 0.286534</point>
	<point>0.0638811 0.709075 0.104772</point>

	<weights>1 1 1 1 </weights>

	<meta><key>label</key><value>support-bar-right</value></meta>

	<meta><key>parentLabel</key><value>support</value></meta>
</node>

<node>
	<id>Bar16</id>
	<type>CURVE</type>
	<mesh>meshes/Bar16.obj</mesh>

	<controls>
		<c>4</c>
	</controls>

	<point>-0.0636683 0.709075 0.693895</point>
	<point>-0.0636683 0.709075 0.494728</point>
	<point>-0.0636683 0.709075 0.286534</point>
	<point>-0.0636683 0.709075 0.104772</point>

	<weights>1 1 1 1 </weights>

	<meta><key>label</key><value>support-bar-right</value></meta>

	<meta><key>parentLabel</key><value>support</value></meta>
</node>

<node>
	<id>Bar17</id>
	<type>CURVE</type>
	<mesh>meshes/Bar17.obj</mesh>

	<controls>
		<c>4</c>
	</controls>

	<point>-0.191217 0.709075 0.693895</point>
	<point>-0.191217 0.709075 0.494728</point>
	<point>-0.191217 0.709075 0.286534</point>
	<point>-0.191217 0.709075 0.104772</point>

	<weights>1 1 1 1 </weights>

	<meta><key>label</key><value>support-bar-right</value></meta>

	<meta><key>parentLabel</key><value>support</value></meta>
</node>

<node>
	<id>Bar18</id>
	<type>CURVE</type>
	<mesh>meshes/Bar18.obj</mesh>

	<controls>
		<c>4</c>
	</controls>

	<point>-0.318766 0.709075 0.693895</point>
	<point>-0.318766 0.709075 0.494728</point>
	<point>-0.318766 0.709075 0.286534</point>
	<point>-0.318766 0.709075 0.104772</point>

	<weights>1 1 1 1 </weights>

	<meta><key>label</key><value>support-bar-right</value></meta>

	<meta><key>parentLabel</key><value>support</value></meta>
</node>

<node>
	<id>Bar19</id>
	<type>CURVE</type>
	<mesh>meshes/Bar19.obj</mesh>

	<controls>
		<c>4</c>
	</controls>

	<point>-0.446315 0.709075 0.693895</point>
	<point>-0.446315 0.709075 0.494728</point>
	<point>-0.446315 0.709075 0.286534</point>
	<point>-0.446315 0.709075 0.104772</point>

	<weights>1 1 1 1 </weights>

	<meta><key>label</key><value>support-bar-right</value></meta>

	<meta><key>parentLabel</key><value>support</value></meta>
</node>

<node>
	<id>Bar20</id>
	<type>CURVE</type>
	<mesh>meshes/Bar20.obj</mesh>

	<controls>
		<c>4</c>
	</controls>

	<point>-0.573862 0.709075 0.693895</point>
	<point>-0.573862 0.709075 0.494728</point>
	<point>-0.573862 0.709075 0.286534</point>
	<point>-0.573862 0.709075 0.104772</point>

	<weights>1 1 1 1 </weights>

	<meta><key>label</key><value>support-bar-right</value></meta>

	<meta><key>parentLabel</key><value>support</value></meta>
</node>

<node>
	<id>Bar31</id>
	<type>CURVE</type>
	<mesh>meshes/Bar31.obj</mesh>

	<controls>
		<c>4</c>
	</controls>

	<point>-0.573862 -0.711907 0.693895</point>
	<point>-0.573862 -0.711907 0.494728</point>
	<point>-0.573862 -0.711907 0.286534</point>
	<point>-0.573862 -0.711907 0.104772</point>

	<weights>1 1 1 1 </weights>

	<meta><key>label</key><value>support-bar-left</value></meta>

	<meta><key>parentLabel</key><value>support</value></meta>
</node>

<node>
	<id>Bar32</id>
	<type>CURVE</type>
	<mesh>meshes/Bar32.obj</mesh>

	<controls>
		<c>4</c>
	</controls>

	<point>-0.446315 -0.711907 0.693895</point>
	<point>-0.446315 -0.711907 0.494728</point>
	<point>-0.446315 -0.711907 0.286534</point>
	<point>-0.446315 -0.711907 0.104772</point>

	<weights>1 1 1 1 </weights>

	<meta><key>label</key><value>support-bar-left</value></meta>

	<meta><key>parentLabel</key><value>support</value></meta>
</node>

<node>
	<id>Bar33</id>
	<type>CURVE</type>
	<mesh>meshes/Bar33.obj</mesh>

	<controls>
		<c>4</c>
	</controls>

	<point>-0.318766 -0.711907 0.693895</point>
	<point>-0.318766 -0.711907 0.494728</point>
	<point>-0.318766 -0.711907 0.286534</point>
	<point>-0.318766 -0.711907 0.104772</point>

	<weights>1 1 1 1 </weights>

	<meta><key>label</key><value>support-bar-left</value></meta>

	<meta><key>parentLabel</key><value>support</value></meta>
</node>

<node>
	<id>Bar34</id>
	<type>CURVE</type>
	<mesh>meshes/Bar34.obj</mesh>

	<controls>
		<c>4</c>
	</controls>

	<point>-0.191217 -0.711907 0.693895</point>
	<point>-0.191217 -0.711907 0.494728</point>
	<point>-0.191217 -0.711907 0.286534</point>
	<point>-0.191217 -0.711907 0.104772</point>

	<weights>1 1 1 1 </weights>

	<meta><key>label</key><value>support-bar-left</value></meta>

	<meta><key>parentLabel</key><value>support</value></meta>
</node>

<node>
	<id>Bar35</id>
	<type>CURVE</type>
	<mesh>meshes/Bar35.obj</mesh>

	<controls>
		<c>4</c>
	</controls>

	<point>-0.0636683 -0.711907 0.693895</point>
	<point>-0.0636683 -0.711907 0.494728</point>
	<point>-0.0636683 -0.711907 0.286534</point>
	<point>-0.0636683 -0.711907 0.104772</point>

	<weights>1 1 1 1 </weights>

	<meta><key>label</key><value>support-bar-left</value></meta>

	<meta><key>parentLabel</key><value>support</value></meta>
</node>

<node>
	<id>Bar36</id>
	<type>CURVE</type>
	<mesh>meshes/Bar36.obj</mesh>

	<controls>
		<c>4</c>
	</controls>

	<point>0.0638811 -0.711907 0.693895</point>
	<point>0.0638811 -0.711907 0.494728</point>
	<point>0.0638811 -0.711907 0.286534</point>
	<point>0.0638811 -0.711907 0.104772</point>

	<weights>1 1 1 1 </weights>

	<meta><key>label</key><value>support-bar-left</value></meta>

	<meta><key>parentLabel</key><value>support</value></meta>
</node>

<node>
	<id>Bar37</id>
	<type>CURVE</type>
	<mesh>meshes/Bar37.obj</mesh>

	<controls>
		<c>4</c>
	</controls>

	<point>0.19143 -0.711907 0.693895</point>
	<point>0.19143 -0.711907 0.494728</point>
	<point>0.19143 -0.711907 0.286534</point>
	<point>0.19143 -0.711907 0.104772</point>

	<weights>1 1 1 1 </weights>

	<meta><key>label</key><value>support-bar-left</value></meta>

	<meta><key>parentLabel</key><value>support</value></meta>
</node>

<node>
	<id>Bar38</id>
	<type>CURVE</type>
	<mesh>meshes/Bar38.obj</mesh>

	<controls>
		<c>4</c>
	</controls>

	<point>0.31898 -0.711907 0.693895</point>
	<point>0.31898 -0.711907 0.494728</point>
	<point>0.31898 -0.711907 0.286534</point>
	<point>0.31898 -0.711907 0.104772</point>

	<weights>1 1 1 1 </weights>

	<meta><key>label</key><value>support-bar-left</value></meta>

	<meta><key>parentLabel</key><value>support</value></meta>
</node>

<node>
	<id>Bar39</id>
	<type>CURVE</type>
	<mesh>meshes/Bar39.obj</mesh>

	<controls>
		<c>4</c>
	</controls>

	<point>0.446529 -0.711907 0.693895</point>
	<point>0.446529 -0.711907 0.494728</point>
	<point>0.446529 -0.711907 0.286534</point>
	<point>0.446529 -0.711907 0.104772</point>

	<weights>1 1 1 1 </weights>

	<meta><key>label</key><value>support-bar-left</value></meta>

	<meta><key>parentLabel</key><value>support</value></meta>
</node>

<node>
	<id>Bar40</id>
	<type>CURVE</type>
	<mesh>meshes/Bar40.obj</mesh>

	<controls>
		<c>4</c>
	</controls>

	<point>0.574079 -0.711907 0.693895</point>
	<point>0.574079 -0.711907 0.494728</point>
	<point>0.574079 -0.711907 0.286534</point>
	<point>0.574079 -0.711907 0.104772</point>

	<weights>1 1 1 1 </weights>

	<meta><key>label</key><value>support-bar-left</value></meta>

	<meta><key>parentLabel</key><value>support</value></meta>
</node>

<node>
	<id>Bar21</id>
	<type>CURVE</type>
	<mesh>meshes/Bar21.obj</mesh>

	<controls>
		<c>4</c>
	</controls>

	<point>-0.710383 0.572555 0.693895</point>
	<point>-0.710383 0.572555 0.494728</point>
	<point>-0.710383 0.572555 0.286534</point>
	<point>-0.710383 0.572555 0.104772</point>

	<weights>1 1 1 1 </weights>

	<meta><key>label</key><value>support-bar-front</value></meta>

	<meta><key>parentLabel</key><value>support</value></meta>
</node>

<node>
	<id>Bar22</id>
	<type>CURVE</type>
	<mesh>meshes/Bar22.obj</mesh>

	<controls>
		<c>4</c>
	</controls>

	<point>-0.710383 0.445007 0.693895</point>
	<point>-0.710383 0.445007 0.494728</point>
	<point>-0.710383 0.445007 0.286534</point>
	<point>-0.710383 0.445007 0.104772</point>

	<weights>1 1 1 1 </weights>

	<meta><key>label</key><value>support-bar-front</value></meta>

	<meta><key>parentLabel</key><value>support</value></meta>
</node>

<node>
	<id>Bar23</id>
	<type>CURVE</type>
	<mesh>meshes/Bar23.obj</mesh>

	<controls>
		<c>4</c>
	</controls>

	<point>-0.710383 0.317456 0.693895</point>
	<point>-0.710383 0.317456 0.494728</point>
	<point>-0.710383 0.317456 0.286534</point>
	<point>-0.710383 0.317456 0.104772</point>

	<weights>1 1 1 1 </weights>

	<meta><key>label</key><value>support-bar-front</value></meta>

	<meta><key>parentLabel</key><value>support</value></meta>
</node>

<node>
	<id>Bar24</id>
	<type>CURVE</type>
	<mesh>meshes/Bar24.obj</mesh>

	<controls>
		<c>4</c>
	</controls>

	<point>-0.710383 0.189908 0.693895</point>
	<point>-0.710383 0.189908 0.494728</point>
	<point>-0.710383 0.189908 0.286534</point>
	<point>-0.710383 0.189908 0.104772</point>

	<weights>1 1 1 1 </weights>

	<meta><key>label</key><value>support-bar-front</value></meta>

	<meta><key>parentLabel</key><value>support</value></meta>
</node>

<node>
	<id>Bar25</id>
	<type>CURVE</type>
	<mesh>meshes/Bar25.obj</mesh>

	<controls>
		<c>4</c>
	</controls>

	<point>-0.710383 0.0623581 0.693895</point>
	<point>-0.710383 0.0623581 0.494728</point>
	<point>-0.710383 0.0623581 0.286534</point>
	<point>-0.710383 0.0623581 0.104772</point>

	<weights>1 1 1 1 </weights>

	<meta><key>label</key><value>support-bar-front</value></meta>

	<meta><key>parentLabel</key><value>support</value></meta>
</node>

<node>
	<id>Bar26</id>
	<type>CURVE</type>
	<mesh>meshes/Bar26.obj</mesh>

	<controls>
		<c>4</c>
	</controls>

	<point>-0.710383 -0.0651913 0.693895</point>
	<point>-0.710383 -0.0651913 0.494728</point>
	<point>-0.710383 -0.0651913 0.286534</point>
	<point>-0.710383 -0.0651913 0.104772</point>

	<weights>1 1 1 1 </weights>

	<meta><key>label</key><value>support-bar-front</value></meta>

	<meta><key>parentLabel</key><value>support</value></meta>
</node>

<node>
	<id>Bar27</id>
	<type>CURVE</type>
	<mesh>meshes/Bar27.obj</mesh>

	<controls>
		<c>4</c>
	</controls>

	<point>-0.710383 -0.192741 0.693895</point>
	<point>-0.710383 -0.192741 0.494728</point>
	<point>-0.710383 -0.192741 0.286534</point>
	<point>-0.710383 -0.192741 0.104772</point>

	<weights>1 1 1 1 </weights>

	<meta><key>label</key><value>support-bar-front</value></meta>

	<meta><key>parentLabel</key><value>support</value></meta>
</node>

<node>
	<id>Bar28</id>
	<type>CURVE</type>
	<mesh>meshes/Bar28.obj</mesh>

	<controls>
		<c>4</c>
	</controls>

	<point>-0.710383 -0.320289 0.693895</point>
	<point>-0.710383 -0.320289 0.494728</point>
	<point>-0.710383 -0.320289 0.286534</point>
	<point>-0.710383 -0.320289 0.104772</point>

	<weights>1 1 1 1 </weights>

	<meta><key>label</key><value>support-bar-front</value></meta>

	<meta><key>parentLabel</key><value>support</value></meta>
</node>

<node>
	<id>Bar29</id>
	<type>CURVE</type>
	<mesh>meshes/Bar29.obj</mesh>

	<controls>
		<c>4</c>
	</controls>

	<point>-0.710383 -0.447837 0.693895</point>
	<point>-0.710383 -0.447837 0.494728</point>
	<point>-0.710383 -0.447837 0.286534</point>
	<point>-0.710383 -0.447837 0.104772</point>

	<weights>1 1 1 1 </weights>

	<meta><key>label</key><value>support-bar-front</value></meta>

	<meta><key>parentLabel</key><value>support</value></meta>
</node>

<node>
	<id>Bar30</id>
	<type>CURVE</type>
	<mesh>meshes/Bar30.obj</mesh>

	<controls>
		<c>4</c>
	</controls>

	<point>-0.710383 -0.575386 0.693895</point>
	<point>-0.710383 -0.575386 0.494728</point>
	<point>-0.710383 -0.575386 0.286534</point>
	<point>-0.710383 -0.575386 0.104772</point>

	<weights>1 1 1 1 </weights>

	<meta><key>label</key><value>support-bar-front</value></meta>

	<meta><key>parentLabel</key><value>support</value></meta>
</node>

<node>
	<id>Bar1</id>
	<type>CURVE</type>
	<mesh>meshes/Bar1.obj</mesh>

	<controls>
		<c>4</c>
	</controls>

	<point>0.710597 -0.575386 0.693895</point>
	<point>0.710597 -0.575386 0.494728</point>
	<point>0.710597 -0.575386 0.286534</point>
	<point>0.710597 -0.575386 0.104772</point>

	<weights>1 1 1 1 </weights>

	<meta><key>label</key><value>support-bar-back</value></meta>

	<meta><key>parentLabel</key><value>support</value></meta>
</node>

<node>
	<id>Bar2</id>
	<type>CURVE</type>
	<mesh>meshes/Bar2.obj</mesh>

	<controls>
		<c>4</c>
	</controls>

	<point>0.710597 -0.447837 0.693895</point>
	<point>0.710597 -0.447837 0.494728</point>
	<point>0.710597 -0.447837 0.286534</point>
	<point>0.710597 -0.447837 0.104772</point>

	<weights>1 1 1 1 </weights>

	<meta><key>label</key><value>support-bar-back</value></meta>

	<meta><key>parentLabel</key><value>support</value></meta>
</node>

<node>
	<id>Bar3</id>
	<type>CURVE</type>
	<mesh>meshes/Bar3.obj</mesh>

	<controls>
		<c>4</c>
	</controls>

	<point>0.710597 -0.320289 0.693895</point>
	<point>0.710597 -0.320289 0.494728</point>
	<point>0.710597 -0.320289 0.286534</point>
	<point>0.710597 -0.320289 0.104772</point>

	<weights>1 1 1 1 </weights>

	<meta><key>label</key><value>support-bar-back</value></meta>

	<meta><key>parentLabel</key><value>support</value></meta>
</node>

<node>
	<id>Bar4</id>
	<type>CURVE</type>
	<mesh>meshes/Bar4.obj</mesh>

	<controls>
		<c>4</c>
	</controls>

	<point>0.710597 -0.192741 0.693895</point>
	<point>0.710597 -0.192741 0.494728</point>
	<point>0.710597 -0.192741 0.286534</point>
	<point>0.710597 -0.192741 0.104772</point>

	<weights>1 1 1 1 </weights>

	<meta><key>label</key><value>support-bar-back</value></meta>

	<meta><key>parentLabel</key><value>support</value></meta>
</node>

<node>
	<id>Bar5</id>
	<type>CURVE</type>
	<mesh>meshes/Bar5.obj</mesh>

	<controls>
		<c>4</c>
	</controls>

	<point>0.710597 -0.0651916 0.693895</point>
	<point>0.710597 -0.0651916 0.494728</point>
	<point>0.710597 -0.0651916 0.286534</point>
	<point>0.710597 -0.0651916 0.104772</point>

	<weights>1 1 1 1 </weights>

	<meta><key>label</key><value>support-bar-back</value></meta>

	<meta><key>parentLabel</key><value>support</value></meta>
</node>

<node>
	<id>Bar6</id>
	<type>CURVE</type>
	<mesh>meshes/Bar6.obj</mesh>

	<controls>
		<c>4</c>
	</controls>

	<point>0.710597 0.0623578 0.693895</point>
	<point>0.710597 0.0623578 0.494728</point>
	<point>0.710597 0.0623578 0.286534</point>
	<point>0.710597 0.0623578 0.104772</point>

	<weights>1 1 1 1 </weights>

	<meta><key>label</key><value>support-bar-back</value></meta>

	<meta><key>parentLabel</key><value>support</value></meta>
</node>

<node>
	<id>Bar7</id>
	<type>CURVE</type>
	<mesh>meshes/Bar7.obj</mesh>

	<controls>
		<c>4</c>
	</controls>

	<point>0.710597 0.189908 0.693895</point>
	<point>0.710597 0.189908 0.494728</point>
	<point>0.710597 0.189908 0.286534</point>
	<point>0.710597 0.189908 0.104772</point>

	<weights>1 1 1 1 </weights>

	<meta><key>label</key><value>support-bar-back</value></meta>

	<meta><key>parentLabel</key><value>support</value></meta>
</node>

<node>
	<id>Bar8</id>
	<type>CURVE</type>
	<mesh>meshes/Bar8.obj</mesh>

	<controls>
		<c>4</c>
	</controls>

	<point>0.710597 0.317456 0.693895</point>
	<point>0.710597 0.317456 0.494728</point>
	<point>0.710597 0.317456 0.286534</point>
	<point>0.710597 0.317456 0.104772</point>

	<weights>1 1 1 1 </weights>

	<meta><key>label</key><value>support-bar-back</value></meta>

	<meta><key>parentLabel</key><value>support</value></meta>
</node>

<node>
	<id>Bar9</id>
	<type>CURVE</type>
	<mesh>meshes/Bar9.obj</mesh>

	<controls>
		<c>4</c>
	</controls>

	<point>0.710597 0.445007 0.693895</point>
	<point>0.710597 0.445007 0.494728</point>
	<point>0.710597 0.445007 0.286534</point>
	<point>0.710597 0.445007 0.104772</point>

	<weights>1 1 1 1 </weights>

	<meta><key>label</key><value>support-bar-back</value></meta>

	<meta><key>parentLabel</key><value>support</value></meta>
</node>

<node>
	<id>Bar10</id>
	<type>CURVE</type>
	<mesh>meshes/Bar10.obj</mesh>

	<controls>
		<c>4</c>
	</controls>

	<point>0.710599 0.572555 0.693895</point>
	<point>0.710597 0.572555 0.494728</point>
	<point>0.710597 0.572555 0.286534</point>
	<point>0.710597 0.572555 0.104772</point>

	<weights>1 1 1 1 </weights>

	<meta><key>label</key><value>support-bar-back</value></meta>

	<meta><key>parentLabel</key><value>support</value></meta>
</node>

<edge>
	<id>Bed : Leg4</id>
	<type>POINT</type>

	<n>Bed</n>
	<n>Leg4</n>
	<coord>
		<uv>0 0 0 0</uv>
	</coord>
	<coord>
		<uv>0.89289 0 0 0</uv>
	</coord>
</edge>

<edge>
	<id>Bed : Leg3</id>
	<type>POINT</type>

	<n>Bed</n>
	<n>Leg3</n>
	<coord>
		<uv>0 1 0 0</uv>
	</coord>
	<coord>
		<uv>0.89289 0 0 0</uv>
	</coord>
</edge>

<edge>
	<id>Bed : Leg2</id>
	<type>POINT</type>

	<n>Bed</n>
	<n>Leg2</n>
	<coord>
		<uv>1 1 0 0</uv>
	</coord>
	<coord>
		<uv>0.89289 0 0 0</uv>
	</coord>
</edge>

<edge>
	<id>Bed : Leg1</id>
	<type>POINT</type>

	<n>Bed</n>
	<n>Leg1</n>
	<coord>
		<uv>1 0 0 0</uv>
	</coord>
	<coord>
		<uv>0.89289 0 0 0</uv>
	</coord>
</edge>

<edge>
	<id>Leg4 : BottomBar3</id>
	<type>POINT</type>

	<n>Leg4</n>
	<n>BottomBar3</n>
	<coord>
		<uv>0.896657 0 0 0</uv>
	</coord>
	<coord>
		<uv>0 0 0 0</uv>
	</coord>
</edge>

<edge>
	<id>Leg4 : TopBar3</id>
	<type>POINT</type>

	<n>Leg4</n>
	<n>TopBar3</n>
	<coord>
		<uv>0.0747103 0 0 0</uv>
	</coord>
	<coord>
		<uv>0 0 0 0</uv>
	</coord>
</edge>

<edge>
	<id>Leg4 : TopBar2</id>
	<type>POINT</type>

	<n>Leg4</n>
	<n>TopBar2</n>
	<coord>
		<uv>0.0747103 0 0 0</uv>
	</coord>
	<coord>
		<uv>0 0 0 0</uv>
	</coord>
</edge>

<edge>
	<id>Leg4 : BottomBar2</id>
	<type>POINT</type>

	<n>Leg4</n>
	<n>BottomBar2</n>
	<coord>
		<uv>0.896657 0 0 0</uv>
	</coord>
	<coord>
		<uv>0 0 0 0</uv>
	</coord>
</edge>

<edge>
	<id>Leg3 : BottomBar1</id>
	<type>POINT</type>

	<n>Leg3</n>
	<n>BottomBar1</n>
	<coord>
		<uv>0.896657 0 0 0</uv>
	</coord>
	<coord>
		<uv>0 0 0 0</uv>
	</coord>
</edge>

<edge>
	<id>Leg3 : TopBar2</id>
	<type>POINT</type>

	<n>Leg3</n>
	<n>TopBar2</n>
	<coord>
		<uv>0.0747103 0 0 0</uv>
	</coord>
	<coord>
		<uv>1 0 0 0</uv>
	</coord>
</edge>

<edge>
	<id>Leg3 : BottomBar2</id>
	<type>POINT</type>

	<n>Leg3</n>
	<n>BottomBar2</n>
	<coord>
		<uv>0.896657 0 0 0</uv>
	</coord>
	<coord>
		<uv>1 0 0 0</uv>
	</coord>
</edge>

<edge>
	<id>Leg3 : TopBar1</id>
	<type>POINT</type>

	<n>Leg3</n>
	<n>TopBar1</n>
	<coord>
		<uv>0.0747103 0 0 0</uv>
	</coord>
	<coord>
		<uv>0 0 0 0</uv>
	</coord>
</edge>

<edge>
	<id>Leg2 : BottomBar1</id>
	<type>POINT</type>

	<n>Leg2</n>
	<n>BottomBar1</n>
	<coord>
		<uv>0.896657 0 0 0</uv>
	</coord>
	<coord>
		<uv>1 0 0 0</uv>
	</coord>
</edge>

<edge>
	<id>Leg2 : TopBar1</id>
	<type>POINT</type>

	<n>Leg2</n>
	<n>TopBar1</n>
	<coord>
		<uv>0.0747103 0 0 0</uv>
	</coord>
	<coord>
		<uv>1 0 0 0</uv>
	</coord>
</edge>

<edge>
	<id>Leg2 : BottomBar4</id>
	<type>POINT</type>

	<n>Leg2</n>
	<n>BottomBar4</n>
	<coord>
		<uv>0.896657 0 0 0</uv>
	</coord>
	<coord>
		<uv>1 0 0 0</uv>
	</coord>
</edge>

<edge>
	<id>Leg2 : TopBar4</id>
	<type>POINT</type>

	<n>Leg2</n>
	<n>TopBar4</n>
	<coord>
		<uv>0.0747103 0 0 0</uv>
	</coord>
	<coord>
		<uv>1 0 0 0</uv>
	</coord>
</edge>

<edge>
	<id>Leg1 : BottomBar3</id>
	<type>POINT</type>

	<n>Leg1</n>
	<n>BottomBar3</n>
	<coord>
		<uv>0.896657 0 0 0</uv>
	</coord>
	<coord>
		<uv>1 0 0 0</uv>
	</coord>
</edge>

<edge>
	<id>Leg1 : TopBar3</id>
	<type>POINT</type>

	<n>Leg1</n>
	<n>TopBar3</n>
	<coord>
		<uv>0.0747103 0 0 0</uv>
	</coord>
	<coord>
		<uv>1 0 0 0</uv>
	</coord>
</edge>

<edge>
	<id>Leg1 : BottomBar4</id>
	<type>POINT</type>

	<n>Leg1</n>
	<n>BottomBar4</n>
	<coord>
		<uv>0.896657 0 0 0</uv>
	</coord>
	<coord>
		<uv>0 0 0 0</uv>
	</coord>
</edge>

<edge>
	<id>Leg1 : TopBar4</id>
	<type>POINT</type>

	<n>Leg1</n>
	<n>TopBar4</n>
	<coord>
		<uv>0.0747103 0 0 0</uv>
	</coord>
	<coord>
		<uv>0 0 0 0</uv>
	</coord>
</edge>

<edge>
	<id>TopBar1 : Bar11</id>
	<type>POINT</type>

	<n>TopBar1</n>
	<n>Bar11</n>
	<coord>
		<uv>0.971627 0 0 0</uv>
	</coord>
	<coord>
		<uv>0 0 0 0</uv>
	</coord>
</edge>

<edge>
	<id>TopBar1 : Bar12</id>
	<type>POINT</type>

	<n>TopBar1</n>
	<n>Bar12</n>
	<coord>
		<uv>0.906772 0 0 0</uv>
	</coord>
	<coord>
		<uv>0 0 0 0</uv>
	</coord>
</edge>

<edge>
	<id>TopBar1 : Bar13</id>
	<type>POINT</type>

	<n>TopBar1</n>
	<n>Bar13</n>
	<coord>
		<uv>0.802376 0 0 0</uv>
	</coord>
	<coord>
		<uv>0 0 0 0</uv>
	</coord>
</edge>

<edge>
	<id>TopBar1 : Bar14</id>
	<type>POINT</type>

	<n>TopBar1</n>
	<n>Bar14</n>
	<coord>
		<uv>0.678536 0 0 0</uv>
	</coord>
	<coord>
		<uv>0 0 0 0</uv>
	</coord>
</edge>

<edge>
	<id>TopBar1 : Bar15</id>
	<type>POINT</type>

	<n>TopBar1</n>
	<n>Bar15</n>
	<coord>
		<uv>0.559166 0 0 0</uv>
	</coord>
	<coord>
		<uv>0 0 0 0</uv>
	</coord>
</edge>

<edge>
	<id>TopBar1 : Bar16</id>
	<type>POINT</type>

	<n>TopBar1</n>
	<n>Bar16</n>
	<coord>
		<uv>0.441267 0 0 0</uv>
	</coord>
	<coord>
		<uv>0 0 0 0</uv>
	</coord>
</edge>

<edge>
	<id>TopBar1 : Bar17</id>
	<type>POINT</type>

	<n>TopBar1</n>
	<n>Bar17</n>
	<coord>
		<uv>0.32197 0 0 0</uv>
	</coord>
	<coord>
		<uv>0 0 0 0</uv>
	</coord>
</edge>

<edge>
	<id>TopBar1 : Bar18</id>
	<type>POINT</type>

	<n>TopBar1</n>
	<n>Bar18</n>
	<coord>
		<uv>0.19808 0 0 0</uv>
	</coord>
	<coord>
		<uv>0 0 0 0</uv>
	</coord>
</edge>

<edge>
	<id>TopBar1 : Bar19</id>
	<type>POINT</type>

	<n>TopBar1</n>
	<n>Bar19</n>
	<coord>
		<uv>0.0935289 0 0 0</uv>
	</coord>
	<coord>
		<uv>0 0 0 0</uv>
	</coord>
</edge>

<edge>
	<id>TopBar1 : Bar20</id>
	<type>POINT</type>

	<n>TopBar1</n>
	<n>Bar20</n>
	<coord>
		<uv>0.0285945 0 0 0</uv>
	</coord>
	<coord>
		<uv>0 0 0 0</uv>
	</coord>
</edge>

<edge>
	<id>BottomBar1 : Bar11</id>
	<type>POINT</type>

	<n>BottomBar1</n>
	<n>Bar11</n>
	<coord>
		<uv>0.971627 0 0 0</uv>
	</coord>
	<coord>
		<uv>1 0 0 0</uv>
	</coord>
</edge>

<edge>
	<id>BottomBar1 : Bar12</id>
	<type>POINT</type>

	<n>BottomBar1</n>
	<n>Bar12</n>
	<coord>
		<uv>0.906772 0 0 0</uv>
	</coord>
	<coord>
		<uv>1 0 0 0</uv>
	</coord>
</edge>

<edge>
	<id>BottomBar1 : Bar13</id>
	<type>POINT</type>

	<n>BottomBar1</n>
	<n>Bar13</n>
	<coord>
		<uv>0.802376 0 0 0</uv>
	</coord>
	<coord>
		<uv>1 0 0 0</uv>
	</coord>
</edge>

<edge>
	<id>BottomBar1 : Bar14</id>
	<type>POINT</type>

	<n>BottomBar1</n>
	<n>Bar14</n>
	<coord>
		<uv>0.678536 0 0 0</uv>
	</coord>
	<coord>
		<uv>1 0 0 0</uv>
	</coord>
</edge>

<edge>
	<id>BottomBar1 : Bar15</id>
	<type>POINT</type>

	<n>BottomBar1</n>
	<n>Bar15</n>
	<coord>
		<uv>0.559166 0 0 0</uv>
	</coord>
	<coord>
		<uv>1 0 0 0</uv>
	</coord>
</edge>

<edge>
	<id>BottomBar1 : Bar16</id>
	<type>POINT</type>

	<n>BottomBar1</n>
	<n>Bar16</n>
	<coord>
		<uv>0.441267 0 0 0</uv>
	</coord>
	<coord>
		<uv>1 0 0 0</uv>
	</coord>
</edge>

<edge>
	<id>BottomBar1 : Bar17</id>
	<type>POINT</type>

	<n>BottomBar1</n>
	<n>Bar17</n>
	<coord>
		<uv>0.32197 0 0 0</uv>
	</coord>
	<coord>
		<uv>1 0 0 0</uv>
	</coord>
</edge>

<edge>
	<id>BottomBar1 : Bar18</id>
	<type>POINT</type>

	<n>BottomBar1</n>
	<n>Bar18</n>
	<coord>
		<uv>0.19808 0 0 0</uv>
	</coord>
	<coord>
		<uv>1 0 0 0</uv>
	</coord>
</edge>

<edge>
	<id>BottomBar1 : Bar19</id>
	<type>POINT</type>

	<n>BottomBar1</n>
	<n>Bar19</n>
	<coord>
		<uv>0.0935289 0 0 0</uv>
	</coord>
	<coord>
		<uv>1 0 0 0</uv>
	</coord>
</edge>

<edge>
	<id>BottomBar1 : Bar20</id>
	<type>POINT</type>

	<n>BottomBar1</n>
	<n>Bar20</n>
	<coord>
		<uv>0.0285945 0 0 0</uv>
	</coord>
	<coord>
		<uv>1 0 0 0</uv>
	</coord>
</edge>

<edge>
	<id>TopBar3 : Bar31</id>
	<type>POINT</type>

	<n>TopBar3</n>
	<n>Bar31</n>
	<coord>
		<uv>0.0285945 0 0 0</uv>
	</coord>
	<coord>
		<uv>0 0 0 0</uv>
	</coord>
</edge>

<edge>
	<id>TopBar3 : Bar32</id>
	<type>POINT</type>

	<n>TopBar3</n>
	<n>Bar32</n>
	<coord>
		<uv>0.0935289 0 0 0</uv>
	</coord>
	<coord>
		<uv>0 0 0 0</uv>
	</coord>
</edge>

<edge>
	<id>TopBar3 : Bar33</id>
	<type>POINT</type>

	<n>TopBar3</n>
	<n>Bar33</n>
	<coord>
		<uv>0.19808 0 0 0</uv>
	</coord>
	<coord>
		<uv>0 0 0 0</uv>
	</coord>
</edge>

<edge>
	<id>TopBar3 : Bar34</id>
	<type>POINT</type>

	<n>TopBar3</n>
	<n>Bar34</n>
	<coord>
		<uv>0.32197 0 0 0</uv>
	</coord>
	<coord>
		<uv>0 0 0 0</uv>
	</coord>
</edge>

<edge>
	<id>TopBar3 : Bar35</id>
	<type>POINT</type>

	<n>TopBar3</n>
	<n>Bar35</n>
	<coord>
		<uv>0.441267 0 0 0</uv>
	</coord>
	<coord>
		<uv>0 0 0 0</uv>
	</coord>
</edge>

<edge>
	<id>TopBar3 : Bar36</id>
	<type>POINT</type>

	<n>TopBar3</n>
	<n>Bar36</n>
	<coord>
		<uv>0.559166 0 0 0</uv>
	</coord>
	<coord>
		<uv>0 0 0 0</uv>
	</coord>
</edge>

<edge>
	<id>TopBar3 : Bar37</id>
	<type>POINT</type>

	<n>TopBar3</n>
	<n>Bar37</n>
	<coord>
		<uv>0.678536 0 0 0</uv>
	</coord>
	<coord>
		<uv>0 0 0 0</uv>
	</coord>
</edge>

<edge>
	<id>TopBar3 : Bar38</id>
	<type>POINT</type>

	<n>TopBar3</n>
	<n>Bar38</n>
	<coord>
		<uv>0.802376 0 0 0</uv>
	</coord>
	<coord>
		<uv>0 0 0 0</uv>
	</coord>
</edge>

<edge>
	<id>TopBar3 : Bar39</id>
	<type>POINT</type>

	<n>TopBar3</n>
	<n>Bar39</n>
	<coord>
		<uv>0.906772 0 0 0</uv>
	</coord>
	<coord>
		<uv>0 0 0 0</uv>
	</coord>
</edge>

<edge>
	<id>TopBar3 : Bar40</id>
	<type>POINT</type>

	<n>TopBar3</n>
	<n>Bar40</n>
	<coord>
		<uv>0.971627 0 0 0</uv>
	</coord>
	<coord>
		<uv>0 0 0 0</uv>
	</coord>
</edge>

<edge>
	<id>BottomBar3 : Bar31</id>
	<type>POINT</type>

	<n>BottomBar3</n>
	<n>Bar31</n>
	<coord>
		<uv>0.0285945 0 0 0</uv>
	</coord>
	<coord>
		<uv>1 0 0 0</uv>
	</coord>
</edge>

<edge>
	<id>BottomBar3 : Bar32</id>
	<type>POINT</type>

	<n>BottomBar3</n>
	<n>Bar32</n>
	<coord>
		<uv>0.0935289 0 0 0</uv>
	</coord>
	<coord>
		<uv>1 0 0 0</uv>
	</coord>
</edge>

<edge>
	<id>BottomBar3 : Bar33</id>
	<type>POINT</type>

	<n>BottomBar3</n>
	<n>Bar33</n>
	<coord>
		<uv>0.19808 0 0 0</uv>
	</coord>
	<coord>
		<uv>1 0 0 0</uv>
	</coord>
</edge>

<edge>
	<id>BottomBar3 : Bar34</id>
	<type>POINT</type>

	<n>BottomBar3</n>
	<n>Bar34</n>
	<coord>
		<uv>0.32197 0 0 0</uv>
	</coord>
	<coord>
		<uv>1 0 0 0</uv>
	</coord>
</edge>

<edge>
	<id>BottomBar3 : Bar35</id>
	<type>POINT</type>

	<n>BottomBar3</n>
	<n>Bar35</n>
	<coord>
		<uv>0.441267 0 0 0</uv>
	</coord>
	<coord>
		<uv>1 0 0 0</uv>
	</coord>
</edge>

<edge>
	<id>BottomBar3 : Bar36</id>
	<type>POINT</type>

	<n>BottomBar3</n>
	<n>Bar36</n>
	<coord>
		<uv>0.559166 0 0 0</uv>
	</coord>
	<coord>
		<uv>1 0 0 0</uv>
	</coord>
</edge>

<edge>
	<id>BottomBar3 : Bar37</id>
	<type>POINT</type>

	<n>BottomBar3</n>
	<n>Bar37</n>
	<coord>
		<uv>0.678536 0 0 0</uv>
	</coord>
	<coord>
		<uv>1 0 0 0</uv>
	</coord>
</edge>

<edge>
	<id>BottomBar3 : Bar38</id>
	<type>POINT</type>

	<n>BottomBar3</n>
	<n>Bar38</n>
	<coord>
		<uv>0.802376 0 0 0</uv>
	</coord>
	<coord>
		<uv>1 0 0 0</uv>
	</coord>
</edge>

<edge>
	<id>BottomBar3 : Bar39</id>
	<type>POINT</type>

	<n>BottomBar3</n>
	<n>Bar39</n>
	<coord>
		<uv>0.906772 0 0 0</uv>
	</coord>
	<coord>
		<uv>1 0 0 0</uv>
	</coord>
</edge>

<edge>
	<id>BottomBar3 : Bar40</id>
	<type>POINT</type>

	<n>BottomBar3</n>
	<n>Bar40</n>
	<coord>
		<uv>0.971627 0 0 0</uv>
	</coord>
	<coord>
		<uv>1 0 0 0</uv>
	</coord>
</edge>

<edge>
	<id>BottomBar2 : Bar21</id>
	<type>POINT</type>

	<n>BottomBar2</n>
	<n>Bar21</n>
	<coord>
		<uv>0.971874 0 0 0</uv>
	</coord>
	<coord>
		<uv>1 0 0 0</uv>
	</coord>
</edge>

<edge>
	<id>BottomBar2 : Bar22</id>
	<type>POINT</type>

	<n>BottomBar2</n>
	<n>Bar22</n>
	<coord>
		<uv>0.907109 0 0 0</uv>
	</coord>
	<coord>
		<uv>1 0 0 0</uv>
	</coord>
</edge>

<edge>
	<id>BottomBar2 : Bar23</id>
	<type>POINT</type>

	<n>BottomBar2</n>
	<n>Bar23</n>
	<coord>
		<uv>0.813732 0 0 0</uv>
	</coord>
	<coord>
		<uv>1 0 0 0</uv>
	</coord>
</edge>

<edge>
	<id>BottomBar2 : Bar24</id>
	<type>POINT</type>

	<n>BottomBar2</n>
	<n>Bar24</n>
	<coord>
		<uv>0.679105 0 0 0</uv>
	</coord>
	<coord>
		<uv>1 0 0 0</uv>
	</coord>
</edge>

<edge>
	<id>BottomBar2 : Bar25</id>
	<type>POINT</type>

	<n>BottomBar2</n>
	<n>Bar25</n>
	<coord>
		<uv>0.559653 0 0 0</uv>
	</coord>
	<coord>
		<uv>1 0 0 0</uv>
	</coord>
</edge>

<edge>
	<id>BottomBar2 : Bar26</id>
	<type>POINT</type>

	<n>BottomBar2</n>
	<n>Bar26</n>
	<coord>
		<uv>0.441754 0 0 0</uv>
	</coord>
	<coord>
		<uv>1 0 0 0</uv>
	</coord>
</edge>

<edge>
	<id>BottomBar2 : Bar27</id>
	<type>POINT</type>

	<n>BottomBar2</n>
	<n>Bar27</n>
	<coord>
		<uv>0.322538 0 0 0</uv>
	</coord>
	<coord>
		<uv>1 0 0 0</uv>
	</coord>
</edge>

<edge>
	<id>BottomBar2 : Bar28</id>
	<type>POINT</type>

	<n>BottomBar2</n>
	<n>Bar28</n>
	<coord>
		<uv>0.198593 0 0 0</uv>
	</coord>
	<coord>
		<uv>1 0 0 0</uv>
	</coord>
</edge>

<edge>
	<id>BottomBar2 : Bar29</id>
	<type>POINT</type>

	<n>BottomBar2</n>
	<n>Bar29</n>
	<coord>
		<uv>0.093867 0 0 0</uv>
	</coord>
	<coord>
		<uv>1 0 0 0</uv>
	</coord>
</edge>

<edge>
	<id>BottomBar2 : Bar30</id>
	<type>POINT</type>

	<n>BottomBar2</n>
	<n>Bar30</n>
	<coord>
		<uv>0.0288421 0 0 0</uv>
	</coord>
	<coord>
		<uv>1 0 0 0</uv>
	</coord>
</edge>

<edge>
	<id>TopBar2 : Bar21</id>
	<type>POINT</type>

	<n>TopBar2</n>
	<n>Bar21</n>
	<coord>
		<uv>0.971874 0 0 0</uv>
	</coord>
	<coord>
		<uv>0 0 0 0</uv>
	</coord>
</edge>

<edge>
	<id>TopBar2 : Bar22</id>
	<type>POINT</type>

	<n>TopBar2</n>
	<n>Bar22</n>
	<coord>
		<uv>0.907109 0 0 0</uv>
	</coord>
	<coord>
		<uv>0 0 0 0</uv>
	</coord>
</edge>

<edge>
	<id>TopBar2 : Bar23</id>
	<type>POINT</type>

	<n>TopBar2</n>
	<n>Bar23</n>
	<coord>
		<uv>0.813732 0 0 0</uv>
	</coord>
	<coord>
		<uv>0 0 0 0</uv>
	</coord>
</edge>

<edge>
	<id>TopBar2 : Bar24</id>
	<type>POINT</type>

	<n>TopBar2</n>
	<n>Bar24</n>
	<coord>
		<uv>0.679105 0 0 0</uv>
	</coord>
	<coord>
		<uv>0 0 0 0</uv>
	</coord>
</edge>

<edge>
	<id>TopBar2 : Bar25</id>
	<type>POINT</type>

	<n>TopBar2</n>
	<n>Bar25</n>
	<coord>
		<uv>0.559653 0 0 0</uv>
	</coord>
	<coord>
		<uv>0 0 0 0</uv>
	</coord>
</edge>

<edge>
	<id>TopBar2 : Bar26</id>
	<type>POINT</type>

	<n>TopBar2</n>
	<n>Bar26</n>
	<coord>
		<uv>0.441754 0 0 0</uv>
	</coord>
	<coord>
		<uv>0 0 0 0</uv>
	</coord>
</edge>

<edge>
	<id>TopBar2 : Bar27</id>
	<type>POINT</type>

	<n>TopBar2</n>
	<n>Bar27</n>
	<coord>
		<uv>0.322538 0 0 0</uv>
	</coord>
	<coord>
		<uv>0 0 0 0</uv>
	</coord>
</edge>

<edge>
	<id>TopBar2 : Bar28</id>
	<type>POINT</type>

	<n>TopBar2</n>
	<n>Bar28</n>
	<coord>
		<uv>0.198593 0 0 0</uv>
	</coord>
	<coord>
		<uv>0 0 0 0</uv>
	</coord>
</edge>

<edge>
	<id>TopBar2 : Bar29</id>
	<type>POINT</type>

	<n>TopBar2</n>
	<n>Bar29</n>
	<coord>
		<uv>0.093867 0 0 0</uv>
	</coord>
	<coord>
		<uv>0 0 0 0</uv>
	</coord>
</edge>

<edge>
	<id>TopBar2 : Bar30</id>
	<type>POINT</type>

	<n>TopBar2</n>
	<n>Bar30</n>
	<coord>
		<uv>0.0288421 0 0 0</uv>
	</coord>
	<coord>
		<uv>0 0 0 0</uv>
	</coord>
</edge>

<edge>
	<id>TopBar4 : Bar1</id>
	<type>POINT</type>

	<n>TopBar4</n>
	<n>Bar1</n>
	<coord>
		<uv>0.0288421 0 0 0</uv>
	</coord>
	<coord>
		<uv>0 0 0 0</uv>
	</coord>
</edge>

<edge>
	<id>TopBar4 : Bar2</id>
	<type>POINT</type>

	<n>TopBar4</n>
	<n>Bar2</n>
	<coord>
		<uv>0.093867 0 0 0</uv>
	</coord>
	<coord>
		<uv>0 0 0 0</uv>
	</coord>
</edge>

<edge>
	<id>TopBar4 : Bar3</id>
	<type>POINT</type>

	<n>TopBar4</n>
	<n>Bar3</n>
	<coord>
		<uv>0.198593 0 0 0</uv>
	</coord>
	<coord>
		<uv>0 0 0 0</uv>
	</coord>
</edge>

<edge>
	<id>TopBar4 : Bar4</id>
	<type>POINT</type>

	<n>TopBar4</n>
	<n>Bar4</n>
	<coord>
		<uv>0.322538 0 0 0</uv>
	</coord>
	<coord>
		<uv>0 0 0 0</uv>
	</coord>
</edge>

<edge>
	<id>TopBar4 : Bar5</id>
	<type>POINT</type>

	<n>TopBar4</n>
	<n>Bar5</n>
	<coord>
		<uv>0.441754 0 0 0</uv>
	</coord>
	<coord>
		<uv>0 0 0 0</uv>
	</coord>
</edge>

<edge>
	<id>TopBar4 : Bar6</id>
	<type>POINT</type>

	<n>TopBar4</n>
	<n>Bar6</n>
	<coord>
		<uv>0.559653 0 0 0</uv>
	</coord>
	<coord>
		<uv>0 0 0 0</uv>
	</coord>
</edge>

<edge>
	<id>TopBar4 : Bar7</id>
	<type>POINT</type>

	<n>TopBar4</n>
	<n>Bar7</n>
	<coord>
		<uv>0.679105 0 0 0</uv>
	</coord>
	<coord>
		<uv>0 0 0 0</uv>
	</coord>
</edge>

<edge>
	<id>TopBar4 : Bar8</id>
	<type>POINT</type>

	<n>TopBar4</n>
	<n>Bar8</n>
	<coord>
		<uv>0.813732 0 0 0</uv>
	</coord>
	<coord>
		<uv>0 0 0 0</uv>
	</coord>
</edge>

<edge>
	<id>TopBar4 : Bar9</id>
	<type>POINT</type>

	<n>TopBar4</n>
	<n>Bar9</n>
	<coord>
		<uv>0.907109 0 0 0</uv>
	</coord>
	<coord>
		<uv>0 0 0 0</uv>
	</coord>
</edge>

<edge>
	<id>TopBar4 : Bar10</id>
	<type>POINT</type>

	<n>TopBar4</n>
	<n>Bar10</n>
	<coord>
		<uv>0.971874 0 0 0</uv>
	</coord>
	<coord>
		<uv>0 0 0 0</uv>
	</coord>
</edge>

<edge>
	<id>BottomBar4 : Bar1</id>
	<type>POINT</type>

	<n>BottomBar4</n>
	<n>Bar1</n>
	<coord>
		<uv>0.0288421 0 0 0</uv>
	</coord>
	<coord>
		<uv>1 0 0 0</uv>
	</coord>
</edge>

<edge>
	<id>BottomBar4 : Bar2</id>
	<type>POINT</type>

	<n>BottomBar4</n>
	<n>Bar2</n>
	<coord>
		<uv>0.093867 0 0 0</uv>
	</coord>
	<coord>
		<uv>1 0 0 0</uv>
	</coord>
</edge>

<edge>
	<id>BottomBar4 : Bar3</id>
	<type>POINT</type>

	<n>BottomBar4</n>
	<n>Bar3</n>
	<coord>
		<uv>0.198593 0 0 0</uv>
	</coord>
	<coord>
		<uv>1 0 0 0</uv>
	</coord>
</edge>

<edge>
	<id>BottomBar4 : Bar4</id>
	<type>POINT</type>

	<n>BottomBar4</n>
	<n>Bar4</n>
	<coord>
		<uv>0.322538 0 0 0</uv>
	</coord>
	<coord>
		<uv>1 0 0 0</uv>
	</coord>
</edge>

<edge>
	<id>BottomBar4 : Bar5</id>
	<type>POINT</type>

	<n>BottomBar4</n>
	<n>Bar5</n>
	<coord>
		<uv>0.441754 0 0 0</uv>
	</coord>
	<coord>
		<uv>1 0 0 0</uv>
	</coord>
</edge>

<edge>
	<id>BottomBar4 : Bar6</id>
	<type>POINT</type>

	<n>BottomBar4</n>
	<n>Bar6</n>
	<coord>
		<uv>0.559653 0 0 0</uv>
	</coord>
	<coord>
		<uv>1 0 0 0</uv>
	</coord>
</edge>

<edge>
	<id>BottomBar4 : Bar7</id>
	<type>POINT</type>

	<n>BottomBar4</n>
	<n>Bar7</n>
	<coord>
		<uv>0.679105 0 0 0</uv>
	</coord>
	<coord>
		<uv>1 0 0 0</uv>
	</coord>
</edge>

<edge>
	<id>BottomBar4 : Bar8</id>
	<type>POINT</type>

	<n>BottomBar4</n>
	<n>Bar8</n>
	<coord>
		<uv>0.813732 0 0 0</uv>
	</coord>
	<coord>
		<uv>1 0 0 0</uv>
	</coord>
</edge>

<edge>
	<id>BottomBar4 : Bar9</id>
	<type>POINT</type>

	<n>BottomBar4</n>
	<n>Bar9</n>
	<coord>
		<uv>0.907109 0 0 0</uv>
	</coord>
	<coord>
		<uv>1 0 0 0</uv>
	</coord>
</edge>

<edge>
	<id>BottomBar4 : Bar10</id>
	<type>POINT</type>

	<n>BottomBar4</n>
	<n>Bar10</n>
	<coord>
		<uv>0.971874 0 0 0</uv>
	</coord>
	<coord>
		<uv>1 0 0 0</uv>
	</coord>
</edge>

<group>
	<n>Leg4</n>
	<n>Leg3</n>
</group>

<group>
	<n>Leg2</n>
	<n>Leg1</n>
</group>

<group>
	<n>Bar11</n>
	<n>Bar12</n>
	<n>Bar13</n>
	<n>Bar14</n>
	<n>Bar15</n>
	<n>Bar16</n>
	<n>Bar17</n>
	<n>Bar18</n>
	<n>Bar19</n>
	<n>Bar20</n>
</group>

<group>
	<n>Bar31</n>
	<n>Bar32</n>
	<n>Bar33</n>
	<n>Bar34</n>
	<n>Bar35</n>
	<n>Bar36</n>
	<n>Bar37</n>
	<n>Bar38</n>
	<n>Bar39</n>
	<n>Bar40</n>
</group>

<group>
	<n>Bar21</n>
	<n>Bar22</n>
	<n>Bar23</n>
	<n>Bar24</n>
	<n>Bar25</n>
	<n>Bar26</n>
	<n>Bar27</n>
	<n>Bar28</n>
	<n>Bar29</n>
	<n>Bar30</n>
</group>

<group>
	<n>Bar1</n>
	<n>Bar2</n>
	<n>Bar3</n>
	<n>Bar4</n>
	<n>Bar5</n>
	<n>Bar6</n>
	<n>Bar7</n>
	<n>Bar8</n>
	<n>Bar9</n>
	<n>Bar10</n>
</group>

<group>
	<n>TopBar1</n>
	<n>BottomBar1</n>
</group>

<group>
	<n>TopBar3</n>
	<n>BottomBar3</n>
</group>

<group>
	<n>TopBar2</n>
	<n>BottomBar2</n>
</group>

<group>
	<n>BottomBar4</n>
	<n>TopBar4</n>
</group>


</document>
