<?xml version="1.0" encoding="UTF-8" ?>
<document>
<node>
	<id>ffff</id>
	<type>CURVE</type>
	<mesh>meshes/ffff.obj</mesh>

	<controls>
		<c>6</c>
	</controls>

	<point>0.00301114 1.59889 0.00660385</point>
	<point>0.00301118 0.881281 0.00660385</point>
	<point>0.00301122 0.163666 0.00660385</point>
	<point>0.00301126 -0.553948 0.00660385</point>
	<point>0.00301131 -1.27156 0.00660385</point>
	<point>0.00301135 -1.98917 0.00660385</point>

	<weights>1 1 1 1 1 1 </weights>

	<meta><key>label</key><value>fuselage</value></meta>

	<meta><key>parentLabel</key><value>fuselage</value></meta>
</node>

<node>
	<id>engineL</id>
	<type>CURVE</type>
	<mesh>meshes/engineL.obj</mesh>

	<controls>
		<c>6</c>
	</controls>

	<point>0.977343 0.0267414 4.18756e-18</point>
	<point>0.977423 -0.107432 0.000347836</point>
	<point>0.977502 -0.241605 0.000695673</point>
	<point>0.977582 -0.375778 0.00104351</point>
	<point>0.977662 -0.509952 0.00139177</point>
	<point>0.977738 -0.644121 0.0017396</point>

	<weights>1 1 1 1 1 1 </weights>

	<meta><key>label</key><value>wing-engine-left</value></meta>

	<meta><key>parentLabel</key><value>wing</value></meta>
</node>

<node>
	<id>engineR</id>
	<type>CURVE</type>
	<mesh>meshes/engineR.obj</mesh>

	<controls>
		<c>6</c>
	</controls>

	<point>-0.971327 0.027695 0.00204879</point>
	<point>-0.971403 -0.10673 0.00169969</point>
	<point>-0.971478 -0.24116 0.0013506</point>
	<point>-0.971558 -0.375589 0.00100192</point>
	<point>-0.971634 -0.510019 0.000652823</point>
	<point>-0.971713 -0.644449 0.000303727</point>

	<weights>1 1 1 1 1 1 </weights>

	<meta><key>label</key><value>wing-engine-right</value></meta>

	<meta><key>parentLabel</key><value>wing</value></meta>
</node>

<node>
	<id>stabilizer</id>
	<type>CURVE</type>
	<mesh>meshes/stabilizer.obj</mesh>

	<controls>
		<c>6</c>
	</controls>

	<point>0.00301206 1.98451 0.74337</point>
	<point>0.00301206 1.6388 0.617544</point>
	<point>0.00301206 1.29309 0.491718</point>
	<point>0.00301206 0.947382 0.365892</point>
	<point>0.00301206 0.601676 0.240061</point>
	<point>0.00301206 0.255969 0.114235</point>

	<weights>1 1 1 1 1 1 </weights>

	<meta><key>label</key><value>tail-stabilizer</value></meta>

	<meta><key>parentLabel</key><value>tail</value></meta>
</node>

<node>
	<id>tailL</id>
	<type>CURVE</type>
	<mesh>meshes/tailL.obj</mesh>

	<controls>
		<c>6</c>
	</controls>

	<point>0.0192114 1.87104 0.998257</point>
	<point>0.150596 1.89381 0.998593</point>
	<point>0.281979 1.91658 0.998929</point>
	<point>0.413364 1.93935 0.999265</point>
	<point>0.544748 1.96212 0.999601</point>
	<point>0.676132 1.98489 0.999937</point>

	<weights>1 1 1 1 1 1 </weights>

	<meta><key>label</key><value>tail-left</value></meta>

	<meta><key>parentLabel</key><value>tail</value></meta>
</node>

<node>
	<id>tailR</id>
	<type>CURVE</type>
	<mesh>meshes/tailR.obj</mesh>

	<controls>
		<c>6</c>
	</controls>

	<point>-0.0122978 1.87095 0.998219</point>
	<point>-0.143835 1.8946 0.998576</point>
	<point>-0.275373 1.91824 0.998933</point>
	<point>-0.40691 1.94189 0.999286</point>
	<point>-0.538447 1.96553 0.999643</point>
	<point>-0.669986 1.98917 1</point>

	<weights>1 1 1 1 1 1 </weights>

	<meta><key>label</key><value>tail-right</value></meta>

	<meta><key>parentLabel</key><value>tail</value></meta>
</node>

<node>
	<id>wingL</id>
	<type>CURVE</type>
	<mesh>meshes/wingL.obj</mesh>

	<controls>
		<c>6</c>
	</controls>

	<point>-0.000985957 -0.385596 0.206614</point>
	<point>0.489183 -0.205847 0.205467</point>
	<point>0.979351 -0.026102 0.20432</point>
	<point>1.46951 0.153643 0.203173</point>
	<point>1.95968 0.333392 0.202026</point>
	<point>2.44985 0.513137 0.200879</point>

	<weights>1 1 1 1 1 1 </weights>

	<meta><key>label</key><value>wing-left</value></meta>

	<meta><key>parentLabel</key><value>wing</value></meta>
</node>

<node>
	<id>wingR</id>
	<type>CURVE</type>
	<mesh>meshes/wingR.obj</mesh>

	<controls>
		<c>6</c>
	</controls>

	<point>0.00501654 -0.384264 0.206748</point>
	<point>-0.485957 -0.207498 0.20537</point>
	<point>-0.976931 -0.0307272 0.203988</point>
	<point>-1.4679 0.146039 0.202606</point>
	<point>-1.95888 0.322806 0.201228</point>
	<point>-2.44985 0.499572 0.199846</point>

	<weights>1 1 1 1 1 1 </weights>

	<meta><key>label</key><value>wing-right</value></meta>

	<meta><key>parentLabel</key><value>wing</value></meta>
</node>

<edge>
	<id>ffff : stabilizer</id>
	<type>POINT</type>

	<n>ffff</n>
	<n>stabilizer</n>
	<coord>
		<uv>0.321832 0 0 0</uv>
	</coord>
	<coord>
		<uv>1 0 0 0</uv>
	</coord>
</edge>

<edge>
	<id>ffff : tailL</id>
	<type>POINT</type>

	<n>ffff</n>
	<n>tailL</n>
	<coord>
		<uv>0 0 0 0</uv>
	</coord>
	<coord>
		<uv>0 0 0 0</uv>
	</coord>
</edge>

<edge>
	<id>ffff : tailR</id>
	<type>POINT</type>

	<n>ffff</n>
	<n>tailR</n>
	<coord>
		<uv>0 0 0 0</uv>
	</coord>
	<coord>
		<uv>0 0 0 0</uv>
	</coord>
</edge>

<edge>
	<id>ffff : wingL</id>
	<type>POINT</type>

	<n>ffff</n>
	<n>wingL</n>
	<coord>
		<uv>0.582148 0 0 0</uv>
	</coord>
	<coord>
		<uv>0 0 0 0</uv>
	</coord>
</edge>

<edge>
	<id>ffff : wingR</id>
	<type>POINT</type>

	<n>ffff</n>
	<n>wingR</n>
	<coord>
		<uv>0.581882 0 0 0</uv>
	</coord>
	<coord>
		<uv>0 0 0 0</uv>
	</coord>
</edge>

<edge>
	<id>engineL : wingL</id>
	<type>POINT</type>

	<n>engineL</n>
	<n>wingL</n>
	<coord>
		<uv>0.0477734 0 0 0</uv>
	</coord>
	<coord>
		<uv>0.356634 0 0 0</uv>
	</coord>
</edge>

<edge>
	<id>engineR : wingR</id>
	<type>POINT</type>

	<n>engineR</n>
	<n>wingR</n>
	<coord>
		<uv>0.04992 0 0 0</uv>
	</coord>
	<coord>
		<uv>0.356259 0 0 0</uv>
	</coord>
</edge>

<group>
	<n>engineL</n>
	<n>engineR</n>
</group>

<group>
	<n>tailL</n>
	<n>tailR</n>
</group>

<group>
	<n>wingL</n>
	<n>wingR</n>
</group>


</document>
