<?xml version="1.0" encoding="UTF-8" ?>
<document>
<node>
	<id>engineR</id>
	<type>CURVE</type>
	<mesh>meshes/engineR.obj</mesh>

	<controls>
		<c>6</c>
	</controls>

	<point>-0.399837 0.544834 -1.81753e-17</point>
	<point>-0.398829 0.70162 0.00103153</point>
	<point>-0.39782 0.858408 0.00206309</point>
	<point>-0.396811 1.0152 0.00309459</point>
	<point>-0.395803 1.17198 0.00412617</point>
	<point>-0.394794 1.32877 0.00515769</point>

	<weights>1 1 1 1 1 1 </weights>

	<meta><key>label</key><value>wing-engine-right</value></meta>

	<meta><key>parentLabel</key><value>wing</value></meta>
</node>

<node>
	<id>wingR</id>
	<type>CURVE</type>
	<mesh>meshes/wingR.obj</mesh>

	<controls>
		<c>6</c>
	</controls>

	<point>-0.177764 -0.960753 0.0413799</point>
	<point>-0.253005 -0.52081 0.0396488</point>
	<point>-0.328247 -0.0808663 0.0379176</point>
	<point>-0.403488 0.359078 0.0361867</point>
	<point>-0.478729 0.799025 0.0344555</point>
	<point>-0.553969 1.23897 0.0327244</point>

	<weights>1 1 1 1 1 1 </weights>

	<meta><key>label</key><value>wing-right</value></meta>

	<meta><key>parentLabel</key><value>wing</value></meta>
</node>

<node>
	<id>stabilzer</id>
	<type>CURVE</type>
	<mesh>meshes/stabilzer.obj</mesh>

	<controls>
		<c>6</c>
	</controls>

	<point>-0.000780975 1.98476 0.6561</point>
	<point>-0.000780975 1.82416 0.560157</point>
	<point>-0.000780975 1.66357 0.464216</point>
	<point>-0.000780975 1.50297 0.368271</point>
	<point>-0.000780975 1.34237 0.272331</point>
	<point>-0.000780975 1.18177 0.176387</point>

	<weights>1 1 1 1 1 1 </weights>

	<meta><key>label</key><value>tail-stabilizer</value></meta>

	<meta><key>parentLabel</key><value>tail</value></meta>
</node>

<node>
	<id>fuselage</id>
	<type>CURVE</type>
	<mesh>meshes/fuselage.obj</mesh>

	<controls>
		<c>6</c>
	</controls>

	<point>0.00316913 -2.27347 0.156851</point>
	<point>0.00276656 -1.36408 0.141212</point>
	<point>0.00236398 -0.454692 0.125572</point>
	<point>0.0019612 0.454694 0.109933</point>
	<point>0.00155862 1.36408 0.094294</point>
	<point>0.00115605 2.27347 0.0786552</point>

	<weights>1 1 1 1 1 1 </weights>

	<meta><key>label</key><value>fuselage</value></meta>

	<meta><key>parentLabel</key><value>fuselage</value></meta>
</node>

<node>
	<id>wingL</id>
	<type>CURVE</type>
	<mesh>meshes/wingL.obj</mesh>

	<controls>
		<c>6</c>
	</controls>

	<point>0.177764 -0.960753 0.0413799</point>
	<point>0.253005 -0.52081 0.0396488</point>
	<point>0.328246 -0.0808663 0.0379178</point>
	<point>0.403488 0.359078 0.0361867</point>
	<point>0.478729 0.799025 0.0344555</point>
	<point>0.553969 1.23897 0.0327244</point>

	<weights>1 1 1 1 1 1 </weights>

	<meta><key>label</key><value>wing-left</value></meta>

	<meta><key>parentLabel</key><value>wing</value></meta>
</node>

<node>
	<id>engineL</id>
	<type>CURVE</type>
	<mesh>meshes/engineL.obj</mesh>

	<controls>
		<c>6</c>
	</controls>

	<point>0.399835 0.544834 -1.81753e-17</point>
	<point>0.398826 0.70162 0.00103153</point>
	<point>0.397818 0.858408 0.00206307</point>
	<point>0.396809 1.0152 0.00309462</point>
	<point>0.395801 1.17198 0.00412614</point>
	<point>0.394792 1.32877 0.00515768</point>

	<weights>1 1 1 1 1 1 </weights>

	<meta><key>label</key><value>wing-engine-left</value></meta>

	<meta><key>parentLabel</key><value>wing</value></meta>
</node>

<edge>
	<id>fuselage : wingR</id>
	<type>POINT</type>

	<n>fuselage</n>
	<n>wingR</n>
	<coord>
		<uv>0.215001 0 0 0</uv>
	</coord>
	<coord>
		<uv>0 0 0 0</uv>
	</coord>
</edge>

<edge>
	<id>fuselage : stabilzer</id>
	<type>POINT</type>

	<n>fuselage</n>
	<n>stabilzer</n>
	<coord>
		<uv>0.82904 0 0 0</uv>
	</coord>
	<coord>
		<uv>1 0 0 0</uv>
	</coord>
</edge>

<edge>
	<id>fuselage : wingL</id>
	<type>POINT</type>

	<n>fuselage</n>
	<n>wingL</n>
	<coord>
		<uv>0.214983 0 0 0</uv>
	</coord>
	<coord>
		<uv>0 0 0 0</uv>
	</coord>
</edge>

<edge>
	<id>wingR : engineR</id>
	<type>POINT</type>

	<n>wingR</n>
	<n>engineR</n>
	<coord>
		<uv>0.744606 0 0 0</uv>
	</coord>
	<coord>
		<uv>0 0 0 0</uv>
	</coord>
</edge>

<edge>
	<id>wingL : engineL</id>
	<type>POINT</type>

	<n>wingL</n>
	<n>engineL</n>
	<coord>
		<uv>0.744606 0 0 0</uv>
	</coord>
	<coord>
		<uv>0 0 0 0</uv>
	</coord>
</edge>

<group>
	<n>engineR</n>
	<n>engineL</n>
</group>

<group>
	<n>wingR</n>
	<n>wingL</n>
</group>


</document>
