<?xml version="1.0" encoding="UTF-8" ?>
<document>
<node>
	<id>part01</id>
	<type>CURVE</type>
	<mesh>meshes/part01.obj</mesh>

	<controls>
		<c>6</c>
	</controls>

	<point>0.705108 0.410661 0.00715165</point>
	<point>0.705108 0.410661 0.245301</point>
	<point>0.705108 0.410661 0.48345</point>
	<point>0.705108 0.410661 0.7216</point>
	<point>0.705108 0.410661 0.95975</point>
	<point>0.705108 0.410661 1.1979</point>

	<weights>1 1 1 1 1 1 </weights>

	<meta><key>label</key><value>leg-back-right</value></meta>

	<meta><key>parentLabel</key><value>leg</value></meta>
</node>

<node>
	<id>part02</id>
	<type>CURVE</type>
	<mesh>meshes/part02.obj</mesh>

	<controls>
		<c>6</c>
	</controls>

	<point>0.705108 -0.410661 0.00715165</point>
	<point>0.705108 -0.410661 0.245301</point>
	<point>0.705108 -0.410661 0.48345</point>
	<point>0.705108 -0.410661 0.7216</point>
	<point>0.705108 -0.410661 0.95975</point>
	<point>0.705108 -0.410661 1.1979</point>

	<weights>1 1 1 1 1 1 </weights>

	<meta><key>label</key><value>leg-back-left</value></meta>

	<meta><key>parentLabel</key><value>leg</value></meta>
</node>

<node>
	<id>part03</id>
	<type>CURVE</type>
	<mesh>meshes/part03.obj</mesh>

	<controls>
		<c>6</c>
	</controls>

	<point>-0.705108 0.410661 -1.58798e-17</point>
	<point>-0.705108 0.410661 0.212403</point>
	<point>-0.705108 0.410661 0.424807</point>
	<point>-0.705108 0.410661 0.637211</point>
	<point>-0.705108 0.410661 0.849615</point>
	<point>-0.705108 0.410661 1.06202</point>

	<weights>1 1 1 1 1 1 </weights>

	<meta><key>label</key><value>leg-front-right</value></meta>

	<meta><key>parentLabel</key><value>leg</value></meta>
</node>

<node>
	<id>part04</id>
	<type>CURVE</type>
	<mesh>meshes/part04.obj</mesh>

	<controls>
		<c>6</c>
	</controls>

	<point>-0.705108 -0.410661 -1.58798e-17</point>
	<point>-0.705108 -0.410661 0.212403</point>
	<point>-0.705108 -0.410661 0.424807</point>
	<point>-0.705108 -0.410661 0.637211</point>
	<point>-0.705108 -0.410661 0.849615</point>
	<point>-0.705108 -0.410661 1.06202</point>

	<weights>1 1 1 1 1 1 </weights>

	<meta><key>label</key><value>leg-front-left</value></meta>

	<meta><key>parentLabel</key><value>leg</value></meta>
</node>

<node>
	<id>part05</id>
	<type>CURVE</type>
	<mesh>meshes/part05.obj</mesh>

	<controls>
		<c>6</c>
	</controls>

	<point>-0.706225 -0.329366 0.914008</point>
	<point>-0.706225 -0.197621 0.914008</point>
	<point>-0.706225 -0.0658733 0.914008</point>
	<point>-0.706225 0.0658733 0.914008</point>
	<point>-0.706225 0.19762 0.914008</point>
	<point>-0.706225 0.329366 0.914008</point>

	<weights>1 1 1 1 1 1 </weights>

	<meta><key>label</key><value>support-bar-front</value></meta>

	<meta><key>parentLabel</key><value>support</value></meta>
</node>

<node>
	<id>part06</id>
	<type>CURVE</type>
	<mesh>meshes/part06.obj</mesh>

	<controls>
		<c>6</c>
	</controls>

	<point>-0.706225 -0.329366 0.126495</point>
	<point>-0.706225 -0.197621 0.126495</point>
	<point>-0.706225 -0.0658733 0.126495</point>
	<point>-0.706225 0.0658733 0.126495</point>
	<point>-0.706225 0.19762 0.126495</point>
	<point>-0.706225 0.329366 0.126495</point>

	<weights>1 1 1 1 1 1 </weights>

	<meta><key>label</key><value>support-bar-front</value></meta>

	<meta><key>parentLabel</key><value>support</value></meta>
</node>

<node>
	<id>part07</id>
	<type>CURVE</type>
	<mesh>meshes/part07.obj</mesh>

	<controls>
		<c>6</c>
	</controls>

	<point>-0.706225 -0.329366 0.756449</point>
	<point>-0.706225 -0.197621 0.756449</point>
	<point>-0.706225 -0.0658733 0.756449</point>
	<point>-0.706225 0.0658733 0.756449</point>
	<point>-0.706225 0.19762 0.756449</point>
	<point>-0.706225 0.329366 0.756449</point>

	<weights>1 1 1 1 1 1 </weights>

	<meta><key>label</key><value>support-bar-front</value></meta>

	<meta><key>parentLabel</key><value>support</value></meta>
</node>

<node>
	<id>part08</id>
	<type>CURVE</type>
	<mesh>meshes/part08.obj</mesh>

	<controls>
		<c>6</c>
	</controls>

	<point>-0.706225 -0.329366 0.59896</point>
	<point>-0.706225 -0.197621 0.59896</point>
	<point>-0.706225 -0.0658733 0.59896</point>
	<point>-0.706225 0.0658733 0.59896</point>
	<point>-0.706225 0.19762 0.59896</point>
	<point>-0.706225 0.329366 0.59896</point>

	<weights>1 1 1 1 1 1 </weights>

	<meta><key>label</key><value>support-bar-front</value></meta>

	<meta><key>parentLabel</key><value>support</value></meta>
</node>

<node>
	<id>part09</id>
	<type>CURVE</type>
	<mesh>meshes/part09.obj</mesh>

	<controls>
		<c>6</c>
	</controls>

	<point>-0.706225 -0.329366 0.283984</point>
	<point>-0.706225 -0.197621 0.283984</point>
	<point>-0.706225 -0.0658733 0.283984</point>
	<point>-0.706225 0.0658733 0.283984</point>
	<point>-0.706225 0.19762 0.283984</point>
	<point>-0.706225 0.329366 0.283984</point>

	<weights>1 1 1 1 1 1 </weights>

	<meta><key>label</key><value>support-bar-front</value></meta>

	<meta><key>parentLabel</key><value>support</value></meta>
</node>

<node>
	<id>part10</id>
	<type>CURVE</type>
	<mesh>meshes/part10.obj</mesh>

	<controls>
		<c>6</c>
	</controls>

	<point>-0.706225 -0.329366 0.441472</point>
	<point>-0.706225 -0.197621 0.441472</point>
	<point>-0.706225 -0.0658733 0.441472</point>
	<point>-0.706225 0.0658733 0.441472</point>
	<point>-0.706225 0.19762 0.441472</point>
	<point>-0.706225 0.329366 0.441472</point>

	<weights>1 1 1 1 1 1 </weights>

	<meta><key>label</key><value>support-bar-front</value></meta>

	<meta><key>parentLabel</key><value>support</value></meta>
</node>

<node>
	<id>part11</id>
	<type>CURVE</type>
	<mesh>meshes/part11.obj</mesh>

	<controls>
		<c>6</c>
	</controls>

	<point>0.705285 0.181633 0.262232</point>
	<point>0.705285 0.181633 0.307484</point>
	<point>0.705285 0.181633 0.352736</point>
	<point>0.705285 0.181633 0.397987</point>
	<point>0.705285 0.181633 0.443239</point>
	<point>0.705285 0.181633 0.488491</point>

	<weights>1 1 1 1 1 1 </weights>

	<meta><key>label</key><value>support-bar-back</value></meta>

	<meta><key>parentLabel</key><value>support</value></meta>
</node>

<node>
	<id>part13</id>
	<type>CURVE</type>
	<mesh>meshes/part13.obj</mesh>

	<controls>
		<c>6</c>
	</controls>

	<point>0.705285 0.059831 0.262232</point>
	<point>0.705285 0.059831 0.307484</point>
	<point>0.705285 0.059831 0.352736</point>
	<point>0.705285 0.059831 0.397987</point>
	<point>0.705285 0.059831 0.443239</point>
	<point>0.705285 0.059831 0.488491</point>

	<weights>1 1 1 1 1 1 </weights>

	<meta><key>label</key><value>support-bar-back</value></meta>

	<meta><key>parentLabel</key><value>support</value></meta>
</node>

<node>
	<id>part15</id>
	<type>CURVE</type>
	<mesh>meshes/part15.obj</mesh>

	<controls>
		<c>6</c>
	</controls>

	<point>0.705285 -0.322335 0.262232</point>
	<point>0.705285 -0.322335 0.307484</point>
	<point>0.705285 -0.322335 0.352736</point>
	<point>0.705285 -0.322335 0.397987</point>
	<point>0.705285 -0.322335 0.443239</point>
	<point>0.705285 -0.322335 0.488491</point>

	<weights>1 1 1 1 1 1 </weights>

	<meta><key>label</key><value>support-bar-back</value></meta>

	<meta><key>parentLabel</key><value>support</value></meta>
</node>

<node>
	<id>part17</id>
	<type>CURVE</type>
	<mesh>meshes/part17.obj</mesh>

	<controls>
		<c>6</c>
	</controls>

	<point>0.705285 -0.196063 0.262232</point>
	<point>0.705285 -0.196063 0.307484</point>
	<point>0.705285 -0.196063 0.352736</point>
	<point>0.705285 -0.196063 0.397987</point>
	<point>0.705285 -0.196063 0.443239</point>
	<point>0.705285 -0.196063 0.488491</point>

	<weights>1 1 1 1 1 1 </weights>

	<meta><key>label</key><value>support-bar-back</value></meta>

	<meta><key>parentLabel</key><value>support</value></meta>
</node>

<node>
	<id>part19</id>
	<type>CURVE</type>
	<mesh>meshes/part19.obj</mesh>

	<controls>
		<c>6</c>
	</controls>

	<point>0.705285 -0.0742622 0.262232</point>
	<point>0.705285 -0.0742622 0.307484</point>
	<point>0.705285 -0.0742622 0.352736</point>
	<point>0.705285 -0.074262 0.397987</point>
	<point>0.705285 -0.074262 0.443239</point>
	<point>0.705285 -0.074262 0.488491</point>

	<weights>1 1 1 1 1 1 </weights>

	<meta><key>label</key><value>support-bar-back</value></meta>

	<meta><key>parentLabel</key><value>support</value></meta>
</node>

<node>
	<id>part21</id>
	<type>CURVE</type>
	<mesh>meshes/part21.obj</mesh>

	<controls>
		<c>6</c>
	</controls>

	<point>0.705285 0.304552 0.262232</point>
	<point>0.705285 0.304552 0.307484</point>
	<point>0.705285 0.304552 0.352736</point>
	<point>0.705285 0.304552 0.397987</point>
	<point>0.705285 0.304552 0.443239</point>
	<point>0.705285 0.304552 0.488491</point>

	<weights>1 1 1 1 1 1 </weights>

	<meta><key>label</key><value>support-bar-back</value></meta>

	<meta><key>parentLabel</key><value>support</value></meta>
</node>

<node>
	<id>part23</id>
	<type>CURVE</type>
	<mesh>meshes/part23.obj</mesh>

	<controls>
		<c>6</c>
	</controls>

	<point>0.706225 -0.341247 0.548604</point>
	<point>0.706225 -0.206081 0.548604</point>
	<point>0.706225 -0.0709148 0.548604</point>
	<point>0.706225 0.0642513 0.548604</point>
	<point>0.706225 0.199417 0.548604</point>
	<point>0.706225 0.334584 0.548604</point>

	<weights>1 1 1 1 1 1 </weights>

	<meta><key>label</key><value>support-bar-back</value></meta>

	<meta><key>parentLabel</key><value>support</value></meta>
</node>

<node>
	<id>part24</id>
	<type>CURVE</type>
	<mesh>meshes/part24.obj</mesh>

	<controls>
		<c>6</c>
	</controls>

	<point>0.706225 -0.341247 0.21784</point>
	<point>0.706225 -0.206081 0.21784</point>
	<point>0.706225 -0.0709148 0.21784</point>
	<point>0.706225 0.0642513 0.21784</point>
	<point>0.706225 0.199417 0.21784</point>
	<point>0.706225 0.334584 0.21784</point>

	<weights>1 1 1 1 1 1 </weights>

	<meta><key>label</key><value>mattress-bar-back</value></meta>

	<meta><key>parentLabel</key><value>mattress</value></meta>
</node>

<node>
	<id>part25</id>
	<type>CURVE</type>
	<mesh>meshes/part25.obj</mesh>

	<controls>
		<c>6</c>
	</controls>

	<point>0.705285 0.181633 0.894706</point>
	<point>0.705285 0.181633 0.939958</point>
	<point>0.705285 0.181633 0.98521</point>
	<point>0.705285 0.181633 1.03046</point>
	<point>0.705285 0.181633 1.07571</point>
	<point>0.705285 0.181633 1.12096</point>

	<weights>1 1 1 1 1 1 </weights>

	<meta><key>label</key><value>support-bar-back</value></meta>

	<meta><key>parentLabel</key><value>support</value></meta>
</node>

<node>
	<id>part27</id>
	<type>CURVE</type>
	<mesh>meshes/part27.obj</mesh>

	<controls>
		<c>6</c>
	</controls>

	<point>0.705285 0.059831 0.894706</point>
	<point>0.705285 0.059831 0.939958</point>
	<point>0.705285 0.059831 0.98521</point>
	<point>0.705285 0.059831 1.03046</point>
	<point>0.705285 0.059831 1.07571</point>
	<point>0.705285 0.059831 1.12096</point>

	<weights>1 1 1 1 1 1 </weights>

	<meta><key>label</key><value>support-bar-back</value></meta>

	<meta><key>parentLabel</key><value>support</value></meta>
</node>

<node>
	<id>part29</id>
	<type>CURVE</type>
	<mesh>meshes/part29.obj</mesh>

	<controls>
		<c>6</c>
	</controls>

	<point>0.705285 -0.322335 0.894706</point>
	<point>0.705285 -0.322335 0.939958</point>
	<point>0.705285 -0.322335 0.98521</point>
	<point>0.705285 -0.322335 1.03046</point>
	<point>0.705285 -0.322335 1.07571</point>
	<point>0.705285 -0.322335 1.12096</point>

	<weights>1 1 1 1 1 1 </weights>

	<meta><key>label</key><value>support-bar-back</value></meta>

	<meta><key>parentLabel</key><value>support</value></meta>
</node>

<node>
	<id>part31</id>
	<type>CURVE</type>
	<mesh>meshes/part31.obj</mesh>

	<controls>
		<c>6</c>
	</controls>

	<point>0.705285 -0.196063 0.894706</point>
	<point>0.705285 -0.196063 0.939958</point>
	<point>0.705285 -0.196063 0.98521</point>
	<point>0.705285 -0.196063 1.03046</point>
	<point>0.705285 -0.196063 1.07571</point>
	<point>0.705285 -0.196063 1.12096</point>

	<weights>1 1 1 1 1 1 </weights>

	<meta><key>label</key><value>support-bar-back</value></meta>

	<meta><key>parentLabel</key><value>support</value></meta>
</node>

<node>
	<id>part33</id>
	<type>CURVE</type>
	<mesh>meshes/part33.obj</mesh>

	<controls>
		<c>6</c>
	</controls>

	<point>0.705285 -0.0742622 0.894706</point>
	<point>0.705285 -0.0742622 0.939958</point>
	<point>0.705285 -0.0742622 0.98521</point>
	<point>0.705285 -0.074262 1.03046</point>
	<point>0.705285 -0.074262 1.07571</point>
	<point>0.705285 -0.074262 1.12096</point>

	<weights>1 1 1 1 1 1 </weights>

	<meta><key>label</key><value>support-bar-back</value></meta>

	<meta><key>parentLabel</key><value>support</value></meta>
</node>

<node>
	<id>part35</id>
	<type>CURVE</type>
	<mesh>meshes/part35.obj</mesh>

	<controls>
		<c>6</c>
	</controls>

	<point>0.705285 0.304552 0.894706</point>
	<point>0.705285 0.304552 0.939958</point>
	<point>0.705285 0.304552 0.98521</point>
	<point>0.705285 0.304552 1.03046</point>
	<point>0.705285 0.304552 1.07571</point>
	<point>0.705285 0.304552 1.12096</point>

	<weights>1 1 1 1 1 1 </weights>

	<meta><key>label</key><value>support-bar-back</value></meta>

	<meta><key>parentLabel</key><value>support</value></meta>
</node>

<node>
	<id>part37</id>
	<type>CURVE</type>
	<mesh>meshes/part37.obj</mesh>

	<controls>
		<c>6</c>
	</controls>

	<point>0.706225 -0.341247 1.18108</point>
	<point>0.706225 -0.206081 1.18108</point>
	<point>0.706225 -0.0709148 1.18108</point>
	<point>0.706225 0.0642513 1.18108</point>
	<point>0.706225 0.199417 1.18108</point>
	<point>0.706225 0.334584 1.18108</point>

	<weights>1 1 1 1 1 1 </weights>

	<meta><key>label</key><value>support-bar-back</value></meta>

	<meta><key>parentLabel</key><value>support</value></meta>
</node>

<node>
	<id>part38</id>
	<type>CURVE</type>
	<mesh>meshes/part38.obj</mesh>

	<controls>
		<c>6</c>
	</controls>

	<point>0.706225 -0.341247 0.850314</point>
	<point>0.706225 -0.206081 0.850314</point>
	<point>0.706225 -0.0709148 0.850314</point>
	<point>0.706225 0.0642513 0.850314</point>
	<point>0.706225 0.199417 0.850314</point>
	<point>0.706225 0.334584 0.850314</point>

	<weights>1 1 1 1 1 1 </weights>

	<meta><key>label</key><value>mattress-bar-back</value></meta>

	<meta><key>parentLabel</key><value>mattress</value></meta>
</node>

<node>
	<id>part40</id>
	<type>CURVE</type>
	<mesh>meshes/part40.obj</mesh>

	<controls>
		<c>6</c>
	</controls>

	<point>0.59702 0.368797 0.756449</point>
	<point>0.358757 0.368797 0.756449</point>
	<point>0.120496 0.368797 0.756449</point>
	<point>-0.117765 0.368797 0.756449</point>
	<point>-0.356025 0.368797 0.756449</point>
	<point>-0.594288 0.368797 0.756449</point>

	<weights>1 1 1 1 1 1 </weights>

	<meta><key>label</key><value>mattress-bar-right</value></meta>

	<meta><key>parentLabel</key><value>mattress</value></meta>
</node>

<node>
	<id>part42</id>
	<type>CURVE</type>
	<mesh>meshes/part42.obj</mesh>

	<controls>
		<c>6</c>
	</controls>

	<point>0.59702 -0.387343 0.756449</point>
	<point>0.358757 -0.387343 0.756449</point>
	<point>0.120496 -0.387343 0.756449</point>
	<point>-0.117765 -0.387343 0.756449</point>
	<point>-0.356025 -0.387343 0.756449</point>
	<point>-0.594288 -0.387343 0.756449</point>

	<weights>1 1 1 1 1 1 </weights>

	<meta><key>label</key><value>mattress-bar-left</value></meta>

	<meta><key>parentLabel</key><value>mattress</value></meta>
</node>

<node>
	<id>part43</id>
	<type>CURVE</type>
	<mesh>meshes/part43.obj</mesh>

	<controls>
		<c>6</c>
	</controls>

	<point>0.59702 -0.387343 0.122109</point>
	<point>0.358757 -0.387343 0.122109</point>
	<point>0.120496 -0.387343 0.122109</point>
	<point>-0.117765 -0.387343 0.122109</point>
	<point>-0.356025 -0.387343 0.122109</point>
	<point>-0.594288 -0.387343 0.122109</point>

	<weights>1 1 1 1 1 1 </weights>

	<meta><key>label</key><value>mattress-bar-left</value></meta>

	<meta><key>parentLabel</key><value>mattress</value></meta>
</node>

<node>
	<id>part44</id>
	<type>CURVE</type>
	<mesh>meshes/part44.obj</mesh>

	<controls>
		<c>6</c>
	</controls>

	<point>0.59702 0.368797 0.122109</point>
	<point>0.358757 0.368797 0.122109</point>
	<point>0.120496 0.368797 0.122109</point>
	<point>-0.117765 0.368797 0.122109</point>
	<point>-0.356025 0.368797 0.122109</point>
	<point>-0.594288 0.368797 0.122109</point>

	<weights>1 1 1 1 1 1 </weights>

	<meta><key>label</key><value>mattress-bar-right</value></meta>

	<meta><key>parentLabel</key><value>mattress</value></meta>
</node>

<node>
	<id>part39</id>
	<type>SHEET</type>
	<mesh>meshes/part39.obj</mesh>

	<controls>
		<c>8</c>
		<c>5</c>
	</controls>

	<point>0.530835 0.310322 0.841374</point>
	<point>0.530835 0.151867 0.841374</point>
	<point>0.530835 -0.00658667 0.841374</point>
	<point>0.530835 -0.165041 0.841374</point>
	<point>0.530835 -0.323495 0.841374</point>
	<point>0.379558 0.310322 0.841374</point>
	<point>0.379558 0.151867 0.841374</point>
	<point>0.379558 -0.00658667 0.841374</point>
	<point>0.379558 -0.165041 0.841374</point>
	<point>0.379558 -0.323495 0.841374</point>
	<point>0.228281 0.310322 0.841374</point>
	<point>0.228281 0.151867 0.841374</point>
	<point>0.228281 -0.00658667 0.841374</point>
	<point>0.228281 -0.165041 0.841374</point>
	<point>0.228281 -0.323495 0.841374</point>
	<point>0.0770045 0.310322 0.841374</point>
	<point>0.0770045 0.151867 0.841374</point>
	<point>0.0770045 -0.00658667 0.841374</point>
	<point>0.0770045 -0.165041 0.841374</point>
	<point>0.0770045 -0.323495 0.841374</point>
	<point>-0.0742725 0.310322 0.841374</point>
	<point>-0.0742725 0.151867 0.841374</point>
	<point>-0.0742725 -0.00658667 0.841374</point>
	<point>-0.0742725 -0.165041 0.841374</point>
	<point>-0.0742725 -0.323495 0.841374</point>
	<point>-0.225549 0.310322 0.841374</point>
	<point>-0.225549 0.151867 0.841374</point>
	<point>-0.225549 -0.00658667 0.841374</point>
	<point>-0.225549 -0.165041 0.841374</point>
	<point>-0.225549 -0.323495 0.841374</point>
	<point>-0.376826 0.310322 0.841374</point>
	<point>-0.376826 0.151867 0.841374</point>
	<point>-0.376826 -0.00658667 0.841374</point>
	<point>-0.376826 -0.165041 0.841374</point>
	<point>-0.376826 -0.323495 0.841374</point>
	<point>-0.528103 0.310322 0.841374</point>
	<point>-0.528103 0.151867 0.841374</point>
	<point>-0.528103 -0.00658667 0.841374</point>
	<point>-0.528103 -0.165041 0.841374</point>
	<point>-0.528103 -0.323495 0.841374</point>

	<weights>1 1 1 1 1 1 1 1 1 1 1 1 1 1 1 1 1 1 1 1 1 1 1 1 1 1 1 1 1 1 1 1 1 1 1 1 1 1 1 1 </weights>

	<meta><key>label</key><value>mattress-other</value></meta>

	<meta><key>parentLabel</key><value>mattress</value></meta>
</node>

<node>
	<id>part41</id>
	<type>SHEET</type>
	<mesh>meshes/part41.obj</mesh>

	<controls>
		<c>8</c>
		<c>5</c>
	</controls>

	<point>0.530835 0.310322 0.208901</point>
	<point>0.530835 0.151867 0.208901</point>
	<point>0.530835 -0.00658667 0.208901</point>
	<point>0.530835 -0.165041 0.208901</point>
	<point>0.530835 -0.323495 0.208901</point>
	<point>0.379558 0.310322 0.208901</point>
	<point>0.379558 0.151867 0.208901</point>
	<point>0.379558 -0.00658667 0.208901</point>
	<point>0.379558 -0.165041 0.208901</point>
	<point>0.379558 -0.323495 0.208901</point>
	<point>0.228281 0.310322 0.208901</point>
	<point>0.228281 0.151867 0.208901</point>
	<point>0.228281 -0.00658667 0.208901</point>
	<point>0.228281 -0.165041 0.208901</point>
	<point>0.228281 -0.323495 0.208901</point>
	<point>0.0770045 0.310322 0.208901</point>
	<point>0.0770045 0.151867 0.208901</point>
	<point>0.0770045 -0.00658667 0.208901</point>
	<point>0.0770045 -0.165041 0.208901</point>
	<point>0.0770045 -0.323495 0.208901</point>
	<point>-0.0742725 0.310322 0.208901</point>
	<point>-0.0742725 0.151867 0.208901</point>
	<point>-0.0742725 -0.00658667 0.208901</point>
	<point>-0.0742725 -0.165041 0.208901</point>
	<point>-0.0742725 -0.323495 0.208901</point>
	<point>-0.225549 0.310322 0.208901</point>
	<point>-0.225549 0.151867 0.208901</point>
	<point>-0.225549 -0.00658667 0.208901</point>
	<point>-0.225549 -0.165041 0.208901</point>
	<point>-0.225549 -0.323495 0.208901</point>
	<point>-0.376826 0.310322 0.208901</point>
	<point>-0.376826 0.151867 0.208901</point>
	<point>-0.376826 -0.00658667 0.208901</point>
	<point>-0.376826 -0.165041 0.208901</point>
	<point>-0.376826 -0.323495 0.208901</point>
	<point>-0.528103 0.310322 0.208901</point>
	<point>-0.528103 0.151867 0.208901</point>
	<point>-0.528103 -0.00658667 0.208901</point>
	<point>-0.528103 -0.165041 0.208901</point>
	<point>-0.528103 -0.323495 0.208901</point>

	<weights>1 1 1 1 1 1 1 1 1 1 1 1 1 1 1 1 1 1 1 1 1 1 1 1 1 1 1 1 1 1 1 1 1 1 1 1 1 1 1 1 </weights>

	<meta><key>label</key><value>mattress</value></meta>

	<meta><key>parentLabel</key><value>mattress</value></meta>
</node>

<edge>
	<id>part39 : part01</id>
	<type>POINT</type>

	<n>part39</n>
	<n>part01</n>
	<coord>
		<uv>0 0 0 0</uv>
	</coord>
	<coord>
		<uv>0.773242 0 0 0</uv>
	</coord>
</edge>

<edge>
	<id>part39 : part02</id>
	<type>POINT</type>

	<n>part39</n>
	<n>part02</n>
	<coord>
		<uv>0 1 0 0</uv>
	</coord>
	<coord>
		<uv>0.773242 0 0 0</uv>
	</coord>
</edge>

<edge>
	<id>part39 : part03</id>
	<type>POINT</type>

	<n>part39</n>
	<n>part03</n>
	<coord>
		<uv>1 0 0 0</uv>
	</coord>
	<coord>
		<uv>0.85759 0 0 0</uv>
	</coord>
</edge>

<edge>
	<id>part39 : part04</id>
	<type>POINT</type>

	<n>part39</n>
	<n>part04</n>
	<coord>
		<uv>1 1 0 0</uv>
	</coord>
	<coord>
		<uv>0.85759 0 0 0</uv>
	</coord>
</edge>

<edge>
	<id>part41 : part01</id>
	<type>POINT</type>

	<n>part41</n>
	<n>part01</n>
	<coord>
		<uv>0 0 0 0</uv>
	</coord>
	<coord>
		<uv>0.109807 0 0 0</uv>
	</coord>
</edge>

<edge>
	<id>part41 : part02</id>
	<type>POINT</type>

	<n>part41</n>
	<n>part02</n>
	<coord>
		<uv>0 1 0 0</uv>
	</coord>
	<coord>
		<uv>0.109807 0 0 0</uv>
	</coord>
</edge>

<edge>
	<id>part41 : part03</id>
	<type>POINT</type>

	<n>part41</n>
	<n>part03</n>
	<coord>
		<uv>1 0 0 0</uv>
	</coord>
	<coord>
		<uv>0.137687 0 0 0</uv>
	</coord>
</edge>

<edge>
	<id>part41 : part04</id>
	<type>POINT</type>

	<n>part41</n>
	<n>part04</n>
	<coord>
		<uv>1 1 0 0</uv>
	</coord>
	<coord>
		<uv>0.137687 0 0 0</uv>
	</coord>
</edge>

<edge>
	<id>part44 : part01</id>
	<type>POINT</type>

	<n>part44</n>
	<n>part01</n>
	<coord>
		<uv>0 0 0 0</uv>
	</coord>
	<coord>
		<uv>0.0541739 0 0 0</uv>
	</coord>
</edge>

<edge>
	<id>part44 : part02</id>
	<type>POINT</type>

	<n>part44</n>
	<n>part02</n>
	<coord>
		<uv>0 0 0 0</uv>
	</coord>
	<coord>
		<uv>0.0541739 0 0 0</uv>
	</coord>
</edge>

<edge>
	<id>part44 : part03</id>
	<type>POINT</type>

	<n>part44</n>
	<n>part03</n>
	<coord>
		<uv>1 0 0 0</uv>
	</coord>
	<coord>
		<uv>0.0744694 0 0 0</uv>
	</coord>
</edge>

<edge>
	<id>part44 : part04</id>
	<type>POINT</type>

	<n>part44</n>
	<n>part04</n>
	<coord>
		<uv>1 0 0 0</uv>
	</coord>
	<coord>
		<uv>0.0744694 0 0 0</uv>
	</coord>
</edge>

<edge>
	<id>part43 : part01</id>
	<type>POINT</type>

	<n>part43</n>
	<n>part01</n>
	<coord>
		<uv>0 0 0 0</uv>
	</coord>
	<coord>
		<uv>0.0541739 0 0 0</uv>
	</coord>
</edge>

<edge>
	<id>part43 : part02</id>
	<type>POINT</type>

	<n>part43</n>
	<n>part02</n>
	<coord>
		<uv>0 0 0 0</uv>
	</coord>
	<coord>
		<uv>0.0541739 0 0 0</uv>
	</coord>
</edge>

<edge>
	<id>part43 : part03</id>
	<type>POINT</type>

	<n>part43</n>
	<n>part03</n>
	<coord>
		<uv>1 0 0 0</uv>
	</coord>
	<coord>
		<uv>0.0744694 0 0 0</uv>
	</coord>
</edge>

<edge>
	<id>part43 : part04</id>
	<type>POINT</type>

	<n>part43</n>
	<n>part04</n>
	<coord>
		<uv>1 0 0 0</uv>
	</coord>
	<coord>
		<uv>0.0744694 0 0 0</uv>
	</coord>
</edge>

<edge>
	<id>part42 : part01</id>
	<type>POINT</type>

	<n>part42</n>
	<n>part01</n>
	<coord>
		<uv>0 0 0 0</uv>
	</coord>
	<coord>
		<uv>0.680488 0 0 0</uv>
	</coord>
</edge>

<edge>
	<id>part42 : part02</id>
	<type>POINT</type>

	<n>part42</n>
	<n>part02</n>
	<coord>
		<uv>0 0 0 0</uv>
	</coord>
	<coord>
		<uv>0.680488 0 0 0</uv>
	</coord>
</edge>

<edge>
	<id>part42 : part03</id>
	<type>POINT</type>

	<n>part42</n>
	<n>part03</n>
	<coord>
		<uv>1 0 0 0</uv>
	</coord>
	<coord>
		<uv>0.779521 0 0 0</uv>
	</coord>
</edge>

<edge>
	<id>part42 : part04</id>
	<type>POINT</type>

	<n>part42</n>
	<n>part04</n>
	<coord>
		<uv>1 0 0 0</uv>
	</coord>
	<coord>
		<uv>0.779521 0 0 0</uv>
	</coord>
</edge>

<edge>
	<id>part40 : part01</id>
	<type>POINT</type>

	<n>part40</n>
	<n>part01</n>
	<coord>
		<uv>0 0 0 0</uv>
	</coord>
	<coord>
		<uv>0.680488 0 0 0</uv>
	</coord>
</edge>

<edge>
	<id>part40 : part02</id>
	<type>POINT</type>

	<n>part40</n>
	<n>part02</n>
	<coord>
		<uv>0 0 0 0</uv>
	</coord>
	<coord>
		<uv>0.680488 0 0 0</uv>
	</coord>
</edge>

<edge>
	<id>part40 : part03</id>
	<type>POINT</type>

	<n>part40</n>
	<n>part03</n>
	<coord>
		<uv>1 0 0 0</uv>
	</coord>
	<coord>
		<uv>0.779521 0 0 0</uv>
	</coord>
</edge>

<edge>
	<id>part40 : part04</id>
	<type>POINT</type>

	<n>part40</n>
	<n>part04</n>
	<coord>
		<uv>1 0 0 0</uv>
	</coord>
	<coord>
		<uv>0.779521 0 0 0</uv>
	</coord>
</edge>

<edge>
	<id>part03 : part05</id>
	<type>POINT</type>

	<n>part03</n>
	<n>part05</n>
	<coord>
		<uv>0.907845 0 0 0</uv>
	</coord>
	<coord>
		<uv>1 0 0 0</uv>
	</coord>
</edge>

<edge>
	<id>part03 : part06</id>
	<type>POINT</type>

	<n>part03</n>
	<n>part06</n>
	<coord>
		<uv>0.075909 0 0 0</uv>
	</coord>
	<coord>
		<uv>1 0 0 0</uv>
	</coord>
</edge>

<edge>
	<id>part03 : part07</id>
	<type>POINT</type>

	<n>part03</n>
	<n>part07</n>
	<coord>
		<uv>0.775071 0 0 0</uv>
	</coord>
	<coord>
		<uv>1 0 0 0</uv>
	</coord>
</edge>

<edge>
	<id>part03 : part08</id>
	<type>POINT</type>

	<n>part03</n>
	<n>part08</n>
	<coord>
		<uv>0.601534 0 0 0</uv>
	</coord>
	<coord>
		<uv>1 0 0 0</uv>
	</coord>
</edge>

<edge>
	<id>part03 : part09</id>
	<type>POINT</type>

	<n>part03</n>
	<n>part09</n>
	<coord>
		<uv>0.201232 0 0 0</uv>
	</coord>
	<coord>
		<uv>1 0 0 0</uv>
	</coord>
</edge>

<edge>
	<id>part03 : part10</id>
	<type>POINT</type>

	<n>part03</n>
	<n>part10</n>
	<coord>
		<uv>0.384092 0 0 0</uv>
	</coord>
	<coord>
		<uv>1 0 0 0</uv>
	</coord>
</edge>

<edge>
	<id>part04 : part05</id>
	<type>POINT</type>

	<n>part04</n>
	<n>part05</n>
	<coord>
		<uv>0.907845 0 0 0</uv>
	</coord>
	<coord>
		<uv>0 0 0 0</uv>
	</coord>
</edge>

<edge>
	<id>part04 : part06</id>
	<type>POINT</type>

	<n>part04</n>
	<n>part06</n>
	<coord>
		<uv>0.075909 0 0 0</uv>
	</coord>
	<coord>
		<uv>0 0 0 0</uv>
	</coord>
</edge>

<edge>
	<id>part04 : part07</id>
	<type>POINT</type>

	<n>part04</n>
	<n>part07</n>
	<coord>
		<uv>0.775071 0 0 0</uv>
	</coord>
	<coord>
		<uv>0 0 0 0</uv>
	</coord>
</edge>

<edge>
	<id>part04 : part08</id>
	<type>POINT</type>

	<n>part04</n>
	<n>part08</n>
	<coord>
		<uv>0.601534 0 0 0</uv>
	</coord>
	<coord>
		<uv>0 0 0 0</uv>
	</coord>
</edge>

<edge>
	<id>part04 : part09</id>
	<type>POINT</type>

	<n>part04</n>
	<n>part09</n>
	<coord>
		<uv>0.201232 0 0 0</uv>
	</coord>
	<coord>
		<uv>0 0 0 0</uv>
	</coord>
</edge>

<edge>
	<id>part04 : part10</id>
	<type>POINT</type>

	<n>part04</n>
	<n>part10</n>
	<coord>
		<uv>0.384092 0 0 0</uv>
	</coord>
	<coord>
		<uv>0 0 0 0</uv>
	</coord>
</edge>

<edge>
	<id>part02 : part37</id>
	<type>POINT</type>

	<n>part02</n>
	<n>part37</n>
	<coord>
		<uv>0.989594 0 0 0</uv>
	</coord>
	<coord>
		<uv>0 0 0 0</uv>
	</coord>
</edge>

<edge>
	<id>part02 : part38</id>
	<type>POINT</type>

	<n>part02</n>
	<n>part38</n>
	<coord>
		<uv>0.775271 0 0 0</uv>
	</coord>
	<coord>
		<uv>0 0 0 0</uv>
	</coord>
</edge>

<edge>
	<id>part02 : part23</id>
	<type>POINT</type>

	<n>part02</n>
	<n>part23</n>
	<coord>
		<uv>0.433184 0 0 0</uv>
	</coord>
	<coord>
		<uv>0 0 0 0</uv>
	</coord>
</edge>

<edge>
	<id>part02 : part24</id>
	<type>POINT</type>

	<n>part02</n>
	<n>part24</n>
	<coord>
		<uv>0.118716 0 0 0</uv>
	</coord>
	<coord>
		<uv>0 0 0 0</uv>
	</coord>
</edge>

<edge>
	<id>part01 : part37</id>
	<type>POINT</type>

	<n>part01</n>
	<n>part37</n>
	<coord>
		<uv>0.989594 0 0 0</uv>
	</coord>
	<coord>
		<uv>1 0 0 0</uv>
	</coord>
</edge>

<edge>
	<id>part01 : part38</id>
	<type>POINT</type>

	<n>part01</n>
	<n>part38</n>
	<coord>
		<uv>0.775271 0 0 0</uv>
	</coord>
	<coord>
		<uv>1 0 0 0</uv>
	</coord>
</edge>

<edge>
	<id>part01 : part23</id>
	<type>POINT</type>

	<n>part01</n>
	<n>part23</n>
	<coord>
		<uv>0.433184 0 0 0</uv>
	</coord>
	<coord>
		<uv>1 0 0 0</uv>
	</coord>
</edge>

<edge>
	<id>part01 : part24</id>
	<type>POINT</type>

	<n>part01</n>
	<n>part24</n>
	<coord>
		<uv>0.118716 0 0 0</uv>
	</coord>
	<coord>
		<uv>1 0 0 0</uv>
	</coord>
</edge>

<edge>
	<id>part38 : part25</id>
	<type>POINT</type>

	<n>part38</n>
	<n>part25</n>
	<coord>
		<uv>0.840036 0 0 0</uv>
	</coord>
	<coord>
		<uv>0 0 0 0</uv>
	</coord>
</edge>

<edge>
	<id>part38 : part27</id>
	<type>POINT</type>

	<n>part38</n>
	<n>part27</n>
	<coord>
		<uv>0.635933 0 0 0</uv>
	</coord>
	<coord>
		<uv>0 0 0 0</uv>
	</coord>
</edge>

<edge>
	<id>part38 : part29</id>
	<type>POINT</type>

	<n>part38</n>
	<n>part29</n>
	<coord>
		<uv>0.0156535 0 0 0</uv>
	</coord>
	<coord>
		<uv>0 0 0 0</uv>
	</coord>
</edge>

<edge>
	<id>part38 : part31</id>
	<type>POINT</type>

	<n>part38</n>
	<n>part31</n>
	<coord>
		<uv>0.148868 0 0 0</uv>
	</coord>
	<coord>
		<uv>0 0 0 0</uv>
	</coord>
</edge>

<edge>
	<id>part38 : part33</id>
	<type>POINT</type>

	<n>part38</n>
	<n>part33</n>
	<coord>
		<uv>0.34696 0 0 0</uv>
	</coord>
	<coord>
		<uv>0 0 0 0</uv>
	</coord>
</edge>

<edge>
	<id>part38 : part35</id>
	<type>POINT</type>

	<n>part38</n>
	<n>part35</n>
	<coord>
		<uv>0.975504 0 0 0</uv>
	</coord>
	<coord>
		<uv>0 0 0 0</uv>
	</coord>
</edge>

<edge>
	<id>part37 : part25</id>
	<type>POINT</type>

	<n>part37</n>
	<n>part25</n>
	<coord>
		<uv>0.840036 0 0 0</uv>
	</coord>
	<coord>
		<uv>1 0 0 0</uv>
	</coord>
</edge>

<edge>
	<id>part37 : part27</id>
	<type>POINT</type>

	<n>part37</n>
	<n>part27</n>
	<coord>
		<uv>0.635933 0 0 0</uv>
	</coord>
	<coord>
		<uv>1 0 0 0</uv>
	</coord>
</edge>

<edge>
	<id>part37 : part29</id>
	<type>POINT</type>

	<n>part37</n>
	<n>part29</n>
	<coord>
		<uv>0.0156535 0 0 0</uv>
	</coord>
	<coord>
		<uv>1 0 0 0</uv>
	</coord>
</edge>

<edge>
	<id>part37 : part31</id>
	<type>POINT</type>

	<n>part37</n>
	<n>part31</n>
	<coord>
		<uv>0.148868 0 0 0</uv>
	</coord>
	<coord>
		<uv>1 0 0 0</uv>
	</coord>
</edge>

<edge>
	<id>part37 : part33</id>
	<type>POINT</type>

	<n>part37</n>
	<n>part33</n>
	<coord>
		<uv>0.346961 0 0 0</uv>
	</coord>
	<coord>
		<uv>1 0 0 0</uv>
	</coord>
</edge>

<edge>
	<id>part37 : part35</id>
	<type>POINT</type>

	<n>part37</n>
	<n>part35</n>
	<coord>
		<uv>0.975504 0 0 0</uv>
	</coord>
	<coord>
		<uv>1 0 0 0</uv>
	</coord>
</edge>

<edge>
	<id>part23 : part11</id>
	<type>POINT</type>

	<n>part23</n>
	<n>part11</n>
	<coord>
		<uv>0.840036 0 0 0</uv>
	</coord>
	<coord>
		<uv>1 0 0 0</uv>
	</coord>
</edge>

<edge>
	<id>part23 : part13</id>
	<type>POINT</type>

	<n>part23</n>
	<n>part13</n>
	<coord>
		<uv>0.635933 0 0 0</uv>
	</coord>
	<coord>
		<uv>1 0 0 0</uv>
	</coord>
</edge>

<edge>
	<id>part23 : part15</id>
	<type>POINT</type>

	<n>part23</n>
	<n>part15</n>
	<coord>
		<uv>0.0156535 0 0 0</uv>
	</coord>
	<coord>
		<uv>1 0 0 0</uv>
	</coord>
</edge>

<edge>
	<id>part23 : part17</id>
	<type>POINT</type>

	<n>part23</n>
	<n>part17</n>
	<coord>
		<uv>0.148868 0 0 0</uv>
	</coord>
	<coord>
		<uv>1 0 0 0</uv>
	</coord>
</edge>

<edge>
	<id>part23 : part19</id>
	<type>POINT</type>

	<n>part23</n>
	<n>part19</n>
	<coord>
		<uv>0.346961 0 0 0</uv>
	</coord>
	<coord>
		<uv>1 0 0 0</uv>
	</coord>
</edge>

<edge>
	<id>part23 : part21</id>
	<type>POINT</type>

	<n>part23</n>
	<n>part21</n>
	<coord>
		<uv>0.975504 0 0 0</uv>
	</coord>
	<coord>
		<uv>1 0 0 0</uv>
	</coord>
</edge>

<edge>
	<id>part24 : part11</id>
	<type>POINT</type>

	<n>part24</n>
	<n>part11</n>
	<coord>
		<uv>0.840036 0 0 0</uv>
	</coord>
	<coord>
		<uv>0 0 0 0</uv>
	</coord>
</edge>

<edge>
	<id>part24 : part13</id>
	<type>POINT</type>

	<n>part24</n>
	<n>part13</n>
	<coord>
		<uv>0.635933 0 0 0</uv>
	</coord>
	<coord>
		<uv>0 0 0 0</uv>
	</coord>
</edge>

<edge>
	<id>part24 : part15</id>
	<type>POINT</type>

	<n>part24</n>
	<n>part15</n>
	<coord>
		<uv>0.0156535 0 0 0</uv>
	</coord>
	<coord>
		<uv>0 0 0 0</uv>
	</coord>
</edge>

<edge>
	<id>part24 : part17</id>
	<type>POINT</type>

	<n>part24</n>
	<n>part17</n>
	<coord>
		<uv>0.148868 0 0 0</uv>
	</coord>
	<coord>
		<uv>0 0 0 0</uv>
	</coord>
</edge>

<edge>
	<id>part24 : part19</id>
	<type>POINT</type>

	<n>part24</n>
	<n>part19</n>
	<coord>
		<uv>0.34696 0 0 0</uv>
	</coord>
	<coord>
		<uv>0 0 0 0</uv>
	</coord>
</edge>

<edge>
	<id>part24 : part21</id>
	<type>POINT</type>

	<n>part24</n>
	<n>part21</n>
	<coord>
		<uv>0.975504 0 0 0</uv>
	</coord>
	<coord>
		<uv>0 0 0 0</uv>
	</coord>
</edge>

<group>
	<n>part01</n>
	<n>part02</n>
</group>

<group>
	<n>part03</n>
	<n>part04</n>
</group>

<group>
	<n>part05</n>
	<n>part06</n>
	<n>part07</n>
	<n>part08</n>
	<n>part09</n>
	<n>part10</n>
</group>

<group>
	<n>part11</n>
	<n>part13</n>
	<n>part15</n>
	<n>part17</n>
	<n>part19</n>
	<n>part21</n>
</group>

<group>
	<n>part23</n>
	<n>part24</n>
</group>

<group>
	<n>part25</n>
	<n>part27</n>
	<n>part29</n>
	<n>part31</n>
	<n>part33</n>
	<n>part35</n>
</group>

<group>
	<n>part37</n>
	<n>part38</n>
</group>

<group>
	<n>part40</n>
	<n>part42</n>
</group>

<group>
	<n>part43</n>
	<n>part44</n>
</group>

<group>
	<n>part39</n>
	<n>part41</n>
</group>


</document>
