<?xml version="1.0" encoding="UTF-8" ?>
<document>
<node>
	<id>TopSheet</id>
	<type>SHEET</type>
	<mesh>meshes/Top.obj</mesh>

	<controls>
		<c>8</c>
		<c>8</c>
	</controls>

	<point>-1.01658 -0.49439 1</point>
	<point>-1.01658 -0.428471 1</point>
	<point>-1.01658 -0.296633 1</point>
	<point>-1.01658 -0.0988776 1</point>
	<point>-1.01658 0.0988782 1</point>
	<point>-1.01658 0.296636 1</point>
	<point>-1.01658 0.428472 1</point>
	<point>-1.01658 0.49439 1</point>
	<point>-0.881028 -0.49439 1</point>
	<point>-0.881028 -0.428471 1</point>
	<point>-0.881028 -0.296633 1</point>
	<point>-0.881028 -0.0988776 1</point>
	<point>-0.881028 0.0988782 1</point>
	<point>-0.881028 0.296636 1</point>
	<point>-0.881028 0.428472 1</point>
	<point>-0.881028 0.49439 1</point>
	<point>-0.609944 -0.49439 1</point>
	<point>-0.609944 -0.428471 1</point>
	<point>-0.609944 -0.296633 1</point>
	<point>-0.609944 -0.0988776 1</point>
	<point>-0.609944 0.0988782 1</point>
	<point>-0.609944 0.296636 1</point>
	<point>-0.609944 0.428472 1</point>
	<point>-0.609944 0.49439 1</point>
	<point>-0.203314 -0.49439 1</point>
	<point>-0.203314 -0.428471 1</point>
	<point>-0.203314 -0.296633 1</point>
	<point>-0.203314 -0.0988776 1</point>
	<point>-0.203314 0.0988782 1</point>
	<point>-0.203314 0.296636 1</point>
	<point>-0.203314 0.428472 1</point>
	<point>-0.203314 0.49439 1</point>
	<point>0.203314 -0.49439 1</point>
	<point>0.203314 -0.428471 1</point>
	<point>0.203314 -0.296633 1</point>
	<point>0.203314 -0.0988776 1</point>
	<point>0.203314 0.0988782 1</point>
	<point>0.203314 0.296636 1</point>
	<point>0.203314 0.428472 1</point>
	<point>0.203314 0.49439 1</point>
	<point>0.609943 -0.49439 1</point>
	<point>0.609943 -0.428471 1</point>
	<point>0.609943 -0.296633 1</point>
	<point>0.609943 -0.0988776 1</point>
	<point>0.609943 0.0988782 1</point>
	<point>0.609943 0.296636 1</point>
	<point>0.609943 0.428472 1</point>
	<point>0.609943 0.49439 1</point>
	<point>0.881029 -0.49439 1</point>
	<point>0.881029 -0.428471 1</point>
	<point>0.881029 -0.296633 1</point>
	<point>0.881029 -0.0988776 1</point>
	<point>0.881029 0.0988782 1</point>
	<point>0.881029 0.296636 1</point>
	<point>0.881029 0.428472 1</point>
	<point>0.881029 0.49439 1</point>
	<point>1.01658 -0.49439 1</point>
	<point>1.01658 -0.428471 1</point>
	<point>1.01658 -0.296633 1</point>
	<point>1.01658 -0.0988776 1</point>
	<point>1.01658 0.0988782 1</point>
	<point>1.01658 0.296636 1</point>
	<point>1.01658 0.428472 1</point>
	<point>1.01658 0.49439 1</point>

	<weights>1 1 1 1 1 1 1 1 1 1 1 1 1 1 1 1 1 1 1 1 1 1 1 1 1 1 1 1 1 1 1 1 1 1 1 1 1 1 1 1 1 1 1 1 1 1 1 1 1 1 1 1 1 1 1 1 1 1 1 1 1 1 1 1 </weights>

	<meta><key>label</key><value>table-top</value></meta>

	<meta><key>parentLabel</key><value>table</value></meta>
</node>

<node>
	<id>MiddleBar</id>
	<type>CURVE</type>
	<mesh>meshes/MiddleBar.obj</mesh>

	<controls>
		<c>8</c>
	</controls>

	<point>-0.840621 0.0108943 0.466611</point>
	<point>-0.729873 0.0110497 0.466611</point>
	<point>-0.508378 0.0113603 0.466611</point>
	<point>-0.176132 0.0118263 0.466611</point>
	<point>0.156112 0.0122923 0.466611</point>
	<point>0.488358 0.0127583 0.466611</point>
	<point>0.709853 0.0130689 0.466611</point>
	<point>0.820601 0.0132243 0.466611</point>

	<weights>1 1 1 1 1 1 1 1 </weights>

	<meta><key>label</key><value>support-bottom</value></meta>

	<meta><key>parentLabel</key><value>support</value></meta>
</node>

<node>
	<id>LeftFrontLeg</id>
	<type>CURVE</type>
	<mesh>meshes/LeftFrontLeg.obj</mesh>

	<controls>
		<c>8</c>
	</controls>

	<point>-0.760293 0.321807 9.16992e-09</point>
	<point>-0.760293 0.279692 0.0602233</point>
	<point>-0.760293 0.195458 0.18067</point>
	<point>-0.760293 0.0691096 0.361339</point>
	<point>-0.760293 -0.057239 0.542007</point>
	<point>-0.760293 -0.183588 0.722678</point>
	<point>-0.760293 -0.267819 0.843126</point>
	<point>-0.760293 -0.309937 0.903347</point>

	<weights>1 1 1 1 1 1 1 1 </weights>

	<meta><key>label</key><value>leg-front-left</value></meta>

	<meta><key>parentLabel</key><value>leg</value></meta>
</node>

<node>
	<id>LeftBackLeg</id>
	<type>CURVE</type>
	<mesh>meshes/LeftBackLeg.obj</mesh>

	<controls>
		<c>8</c>
	</controls>

	<point>-0.758741 -0.317415 0.002884</point>
	<point>-0.758741 -0.274753 0.0627223</point>
	<point>-0.758741 -0.189431 0.1824</point>
	<point>-0.758741 -0.0614488 0.361917</point>
	<point>-0.758741 0.0665338 0.541432</point>
	<point>-0.758741 0.194516 0.720947</point>
	<point>-0.758741 0.279838 0.840626</point>
	<point>-0.758741 0.3225 0.900464</point>

	<weights>1 1 1 1 1 1 1 1 </weights>

	<meta><key>label</key><value>leg-front-right</value></meta>

	<meta><key>parentLabel</key><value>leg</value></meta>
</node>

<node>
	<id>RightFrontLeg</id>
	<type>CURVE</type>
	<mesh>meshes/RightFrontLeg.obj</mesh>

	<controls>
		<c>8</c>
	</controls>

	<point>0.752438 0.321807 9.16992e-09</point>
	<point>0.752438 0.279692 0.0602233</point>
	<point>0.752438 0.195458 0.18067</point>
	<point>0.752438 0.0691096 0.361339</point>
	<point>0.752438 -0.057239 0.542007</point>
	<point>0.752438 -0.183588 0.722678</point>
	<point>0.752438 -0.267819 0.843126</point>
	<point>0.752438 -0.309937 0.903347</point>

	<weights>1 1 1 1 1 1 1 1 </weights>

	<meta><key>label</key><value>leg-back-left</value></meta>

	<meta><key>parentLabel</key><value>leg</value></meta>
</node>

<node>
	<id>RightBackLeg</id>
	<type>CURVE</type>
	<mesh>meshes/RightBackLeg.obj</mesh>

	<controls>
		<c>8</c>
	</controls>

	<point>0.75357 -0.317415 0.00596368</point>
	<point>0.75357 -0.274753 0.0658023</point>
	<point>0.75357 -0.189431 0.18548</point>
	<point>0.75357 -0.0614488 0.364996</point>
	<point>0.75357 0.0665338 0.544511</point>
	<point>0.75357 0.194516 0.724026</point>
	<point>0.75357 0.279838 0.843706</point>
	<point>0.75357 0.3225 0.903544</point>

	<weights>1 1 1 1 1 1 1 1 </weights>

	<meta><key>label</key><value>leg-back-right</value></meta>

	<meta><key>parentLabel</key><value>leg</value></meta>
</node>

<edge>
	<id>TopSheet : LeftFrontLeg</id>
	<type>POINT</type>

	<n>TopSheet</n>
	<n>LeftFrontLeg</n>
	<coord>
		<uv>0.128243 0.184182 0 0</uv>
	</coord>
	<coord>
		<uv>1 0 0 0</uv>
	</coord>
</edge>

<edge>
	<id>TopSheet : LeftBackLeg</id>
	<type>POINT</type>

	<n>TopSheet</n>
	<n>LeftBackLeg</n>
	<coord>
		<uv>0.128624 0.82217 0 0</uv>
	</coord>
	<coord>
		<uv>1 0 0 0</uv>
	</coord>
</edge>

<edge>
	<id>TopSheet : RightFrontLeg</id>
	<type>POINT</type>

	<n>TopSheet</n>
	<n>RightFrontLeg</n>
	<coord>
		<uv>0.869826 0.184182 0 0</uv>
	</coord>
	<coord>
		<uv>1 0 0 0</uv>
	</coord>
</edge>

<edge>
	<id>TopSheet : RightBackLeg</id>
	<type>POINT</type>

	<n>TopSheet</n>
	<n>RightBackLeg</n>
	<coord>
		<uv>0.870104 0.82217 0 0</uv>
	</coord>
	<coord>
		<uv>1 0 0 0</uv>
	</coord>
</edge>

<edge>
	<id>MiddleBar : LeftBackLeg</id>
	<type>POINT</type>

	<n>MiddleBar</n>
	<n>LeftBackLeg</n>
	<coord>
		<uv>0.0516732 0 0 0</uv>
	</coord>
	<coord>
		<uv>0.517749 0 0 0</uv>
	</coord>
</edge>

<edge>
	<id>MiddleBar : RightBackLeg</id>
	<type>POINT</type>

	<n>MiddleBar</n>
	<n>RightBackLeg</n>
	<coord>
		<uv>0.966307 0 0 0</uv>
	</coord>
	<coord>
		<uv>0.507175 0 0 0</uv>
	</coord>
</edge>

<group>
	<n>LeftFrontLeg</n>
	<n>RightFrontLeg</n>
</group>

<group>
	<n>LeftBackLeg</n>
	<n>RightBackLeg</n>
</group>


</document>
