<?xml version="1.0" encoding="UTF-8" ?>
<document>
<node>
	<id>tailL</id>
	<type>CURVE</type>
	<mesh>meshes/tailL.obj</mesh>

	<controls>
		<c>6</c>
	</controls>

	<point>0.0517615 1.49195 0.606301</point>
	<point>0.154346 1.49153 0.665042</point>
	<point>0.256931 1.49109 0.723781</point>
	<point>0.359514 1.49067 0.78252</point>
	<point>0.462099 1.49024 0.84126</point>
	<point>0.564684 1.48981 0.9</point>

	<weights>1 1 1 1 1 1 </weights>

	<meta><key>label</key><value>tail-left</value></meta>

	<meta><key>parentLabel</key><value>tail</value></meta>
</node>

<node>
	<id>tailR</id>
	<type>CURVE</type>
	<mesh>meshes/tailR.obj</mesh>

	<controls>
		<c>6</c>
	</controls>

	<point>-0.081517 1.49249 0.610707</point>
	<point>-0.183972 1.49699 0.6646</point>
	<point>-0.286428 1.5015 0.718494</point>
	<point>-0.388883 1.50599 0.772386</point>
	<point>-0.491339 1.5105 0.82628</point>
	<point>-0.593793 1.51501 0.880173</point>

	<weights>1 1 1 1 1 1 </weights>

	<meta><key>label</key><value>tail-right</value></meta>

	<meta><key>parentLabel</key><value>tail</value></meta>
</node>

<node>
	<id>wingL</id>
	<type>CURVE</type>
	<mesh>meshes/wingL.obj</mesh>

	<controls>
		<c>6</c>
	</controls>

	<point>0.287906 -0.262486 0.138331</point>
	<point>0.648446 -0.266458 0.198058</point>
	<point>1.00898 -0.270415 0.257786</point>
	<point>1.36952 -0.274387 0.317513</point>
	<point>1.73006 -0.278357 0.37724</point>
	<point>2.0906 -0.282316 0.436968</point>

	<weights>1 1 1 1 1 1 </weights>

	<meta><key>label</key><value>wing-left</value></meta>

	<meta><key>parentLabel</key><value>wing</value></meta>
</node>

<node>
	<id>wingR</id>
	<type>CURVE</type>
	<mesh>meshes/wingR.obj</mesh>

	<controls>
		<c>6</c>
	</controls>

	<point>-0.282129 -0.258716 0.139757</point>
	<point>-0.643823 -0.255172 0.199776</point>
	<point>-1.00552 -0.251629 0.259794</point>
	<point>-1.36721 -0.248072 0.319813</point>
	<point>-1.7289 -0.244529 0.379831</point>
	<point>-2.0906 -0.240972 0.43985</point>

	<weights>1 1 1 1 1 1 </weights>

	<meta><key>label</key><value>wing-right</value></meta>

	<meta><key>parentLabel</key><value>wing</value></meta>
</node>

<node>
	<id>engine</id>
	<type>CURVE</type>
	<mesh>meshes/engine.obj</mesh>

	<controls>
		<c>6</c>
	</controls>

	<point>-0.0744 -1.69874 0.87187</point>
	<point>-0.0436533 -1.69883 0.697496</point>
	<point>-0.0129064 -1.69893 0.523122</point>
	<point>0.0178402 -1.69903 0.348748</point>
	<point>0.0485871 -1.69912 0.174374</point>
	<point>0.0793338 -1.69922 4.50473e-17</point>

	<weights>1 1 1 1 1 1 </weights>

	<meta><key>label</key><value>wing-engine-other</value></meta>

	<meta><key>parentLabel</key><value>wing</value></meta>
</node>

<node>
	<id>fuselage</id>
	<type>CURVE</type>
	<mesh>meshes/fuselage.obj</mesh>

	<controls>
		<c>6</c>
	</controls>

	<point>-0.0508364 -1.44317 0.328376</point>
	<point>-0.0235498 -0.81469 0.34351</point>
	<point>0.00373664 -0.186217 0.358646</point>
	<point>0.0310231 0.442264 0.373782</point>
	<point>0.0583091 1.07073 0.388916</point>
	<point>0.0855955 1.69922 0.404051</point>

	<weights>1 1 1 1 1 1 </weights>

	<meta><key>label</key><value>fuselage</value></meta>

	<meta><key>parentLabel</key><value>fuselage</value></meta>
</node>

<edge>
	<id>fuselage : tailL</id>
	<type>POINT</type>

	<n>fuselage</n>
	<n>tailL</n>
	<coord>
		<uv>0.961006 0 0 0</uv>
	</coord>
	<coord>
		<uv>0 0 0 0</uv>
	</coord>
</edge>

<edge>
	<id>fuselage : tailR</id>
	<type>POINT</type>

	<n>fuselage</n>
	<n>tailR</n>
	<coord>
		<uv>0.960809 0 0 0</uv>
	</coord>
	<coord>
		<uv>0 0 0 0</uv>
	</coord>
</edge>

<edge>
	<id>fuselage : wingL</id>
	<type>POINT</type>

	<n>fuselage</n>
	<n>wingL</n>
	<coord>
		<uv>0.322387 0 0 0</uv>
	</coord>
	<coord>
		<uv>0 0 0 0</uv>
	</coord>
</edge>

<edge>
	<id>fuselage : wingR</id>
	<type>POINT</type>

	<n>fuselage</n>
	<n>wingR</n>
	<coord>
		<uv>0.32385 0 0 0</uv>
	</coord>
	<coord>
		<uv>0 0 0 0</uv>
	</coord>
</edge>

<edge>
	<id>fuselage : engine</id>
	<type>POINT</type>

	<n>fuselage</n>
	<n>engine</n>
	<coord>
		<uv>0 0 0 0</uv>
	</coord>
	<coord>
		<uv>0.667125 0 0 0</uv>
	</coord>
</edge>

<group>
	<n>wingL</n>
	<n>wingR</n>
</group>

<group>
	<n>tailL</n>
	<n>tailR</n>
</group>


</document>
