<?xml version="1.0" encoding="UTF-8" ?>
<document>
<node>
	<id>fffff</id>
	<type>CURVE</type>
	<mesh>meshes/fffff.obj</mesh>

	<controls>
		<c>6</c>
	</controls>

	<point>-0.0133635 1.72691 0.270521</point>
	<point>0.0010944 1.01239 0.22538</point>
	<point>0.0155526 0.297858 0.18024</point>
	<point>0.0300103 -0.416664 0.135098</point>
	<point>0.0444683 -1.13119 0.0899578</point>
	<point>0.0589263 -1.84571 0.0448168</point>

	<weights>1 1 1 1 1 1 </weights>

	<meta><key>label</key><value>fuselage</value></meta>

	<meta><key>parentLabel</key><value>fuselage</value></meta>
</node>

<node>
	<id>wingR</id>
	<type>CURVE</type>
	<mesh>meshes/wingR.obj</mesh>

	<controls>
		<c>6</c>
	</controls>

	<point>-0.241438 -0.609477 0.046559</point>
	<point>-0.663213 -0.608243 0.0476964</point>
	<point>-1.08499 -0.607008 0.0488339</point>
	<point>-1.50676 -0.605773 0.0499715</point>
	<point>-1.92854 -0.604538 0.0511097</point>
	<point>-2.35031 -0.603303 0.0522472</point>

	<weights>1 1 1 1 1 1 </weights>

	<meta><key>label</key><value>wing-right</value></meta>

	<meta><key>parentLabel</key><value>wing</value></meta>
</node>

<node>
	<id>wingL</id>
	<type>CURVE</type>
	<mesh>meshes/wingL.obj</mesh>

	<controls>
		<c>6</c>
	</controls>

	<point>0.244586 -0.611598 0.0534644</point>
	<point>0.665732 -0.61524 0.0573785</point>
	<point>1.08687 -0.618882 0.0612932</point>
	<point>1.50803 -0.622525 0.0652079</point>
	<point>1.92918 -0.626167 0.069122</point>
	<point>2.35031 -0.629809 0.073036</point>

	<weights>1 1 1 1 1 1 </weights>

	<meta><key>label</key><value>wing-left</value></meta>

	<meta><key>parentLabel</key><value>wing</value></meta>
</node>

<node>
	<id>tailR</id>
	<type>CURVE</type>
	<mesh>meshes/tailR.obj</mesh>

	<controls>
		<c>6</c>
	</controls>

	<point>-0.0821267 1.51673 0.0143914</point>
	<point>-0.25829 1.51938 0.0115147</point>
	<point>-0.434452 1.52202 0.00863662</point>
	<point>-0.610616 1.52467 0.00575847</point>
	<point>-0.786782 1.52733 0.00287813</point>
	<point>-0.962944 1.52997 2.2482e-17</point>

	<weights>1 1 1 1 1 1 </weights>

	<meta><key>label</key><value>tail-right</value></meta>

	<meta><key>parentLabel</key><value>tail</value></meta>
</node>

<node>
	<id>tailL</id>
	<type>CURVE</type>
	<mesh>meshes/tailL.obj</mesh>

	<controls>
		<c>6</c>
	</controls>

	<point>0.0747257 1.51679 0.0207222</point>
	<point>0.247958 1.51984 0.023539</point>
	<point>0.42119 1.5229 0.0263557</point>
	<point>0.594423 1.52595 0.0291717</point>
	<point>0.767655 1.529 0.0319884</point>
	<point>0.940888 1.53206 0.0348051</point>

	<weights>1 1 1 1 1 1 </weights>

	<meta><key>label</key><value>tail-left</value></meta>

	<meta><key>parentLabel</key><value>tail</value></meta>
</node>

<node>
	<id>stabilizer</id>
	<type>CURVE</type>
	<mesh>meshes/stabilizer.obj</mesh>

	<controls>
		<c>6</c>
	</controls>

	<point>-0.0205746 1.84571 0.81</point>
	<point>-0.0179947 1.79912 0.673564</point>
	<point>-0.0154149 1.75252 0.537133</point>
	<point>-0.0128349 1.70592 0.400699</point>
	<point>-0.0102544 1.65933 0.264264</point>
	<point>-0.00767451 1.61273 0.12783</point>

	<weights>1 1 1 1 1 1 </weights>

	<meta><key>label</key><value>tail-stabilizer</value></meta>

	<meta><key>parentLabel</key><value>tail</value></meta>
</node>

<edge>
	<id>fffff : wingR</id>
	<type>POINT</type>

	<n>fffff</n>
	<n>wingR</n>
	<coord>
		<uv>0.70762 0 0 0</uv>
	</coord>
	<coord>
		<uv>0 0 0 0</uv>
	</coord>
</edge>

<edge>
	<id>fffff : wingL</id>
	<type>POINT</type>

	<n>fffff</n>
	<n>wingL</n>
	<coord>
		<uv>0.724264 0 0 0</uv>
	</coord>
	<coord>
		<uv>0 0 0 0</uv>
	</coord>
</edge>

<edge>
	<id>fffff : tailR</id>
	<type>POINT</type>

	<n>fffff</n>
	<n>tailR</n>
	<coord>
		<uv>0.0357819 0 0 0</uv>
	</coord>
	<coord>
		<uv>0 0 0 0</uv>
	</coord>
</edge>

<edge>
	<id>fffff : tailL</id>
	<type>POINT</type>

	<n>fffff</n>
	<n>tailL</n>
	<coord>
		<uv>0.0386895 0 0 0</uv>
	</coord>
	<coord>
		<uv>0 0 0 0</uv>
	</coord>
</edge>

<edge>
	<id>fffff : stabilizer</id>
	<type>POINT</type>

	<n>fffff</n>
	<n>stabilizer</n>
	<coord>
		<uv>0.00971937 0 0 0</uv>
	</coord>
	<coord>
		<uv>0.857511 0 0 0</uv>
	</coord>
</edge>

<group>
	<n>wingR</n>
	<n>wingL</n>
</group>

<group>
	<n>tailR</n>
	<n>tailL</n>
</group>


</document>
