<?xml version="1.0" encoding="UTF-8" ?>
<document>
<node>
	<id>TopSheet</id>
	<type>SHEET</type>
	<mesh>meshes/Top.obj</mesh>

	<controls>
		<c>6</c>
		<c>6</c>
	</controls>

	<point>-1.0226 -0.550742 1</point>
	<point>-1.0226 -0.428355 1</point>
	<point>-1.0226 -0.183582 1</point>
	<point>-1.0226 0.183579 1</point>
	<point>-1.0226 0.428352 1</point>
	<point>-1.0226 0.550742 1</point>
	<point>-0.795358 -0.550742 1</point>
	<point>-0.795358 -0.428355 1</point>
	<point>-0.795358 -0.183582 1</point>
	<point>-0.795358 0.183579 1</point>
	<point>-0.795358 0.428352 1</point>
	<point>-0.795358 0.550742 1</point>
	<point>-0.340866 -0.550742 1</point>
	<point>-0.340866 -0.428355 1</point>
	<point>-0.340866 -0.183582 1</point>
	<point>-0.340866 0.183579 1</point>
	<point>-0.340866 0.428352 1</point>
	<point>-0.340866 0.550742 1</point>
	<point>0.340869 -0.550742 1</point>
	<point>0.340869 -0.428355 1</point>
	<point>0.340869 -0.183582 1</point>
	<point>0.340869 0.183579 1</point>
	<point>0.340869 0.428352 1</point>
	<point>0.340869 0.550742 1</point>
	<point>0.79536 -0.550742 1</point>
	<point>0.79536 -0.428355 1</point>
	<point>0.79536 -0.183582 1</point>
	<point>0.79536 0.183579 1</point>
	<point>0.79536 0.428352 1</point>
	<point>0.79536 0.550742 1</point>
	<point>1.0226 -0.550742 1</point>
	<point>1.0226 -0.428355 1</point>
	<point>1.0226 -0.183582 1</point>
	<point>1.0226 0.183579 1</point>
	<point>1.0226 0.428352 1</point>
	<point>1.0226 0.550742 1</point>

	<weights>1 1 1 1 1 1 1 1 1 1 1 1 1 1 1 1 1 1 1 1 1 1 1 1 1 1 1 1 1 1 1 1 1 1 1 1 </weights>

	<meta><key>label</key><value>table-top</value></meta>

	<meta><key>parentLabel</key><value>table</value></meta>
</node>

<node>
	<id>BottomSheet</id>
	<type>SHEET</type>
	<mesh>meshes/Bottom.obj</mesh>

	<controls>
		<c>6</c>
		<c>6</c>
	</controls>

	<point>-0.892426 -0.443722 0.201754</point>
	<point>-0.892426 -0.34611 0.201754</point>
	<point>-0.892426 -0.150885 0.201754</point>
	<point>-0.892426 0.141951 0.201754</point>
	<point>-0.892426 0.337176 0.201754</point>
	<point>-0.892426 0.43479 0.201754</point>
	<point>-0.693076 -0.443722 0.201754</point>
	<point>-0.693076 -0.34611 0.201754</point>
	<point>-0.693076 -0.150885 0.201754</point>
	<point>-0.693076 0.141951 0.201754</point>
	<point>-0.693076 0.337176 0.201754</point>
	<point>-0.693076 0.43479 0.201754</point>
	<point>-0.294377 -0.443722 0.201754</point>
	<point>-0.294377 -0.34611 0.201754</point>
	<point>-0.294377 -0.150885 0.201754</point>
	<point>-0.294377 0.141951 0.201754</point>
	<point>-0.294377 0.337176 0.201754</point>
	<point>-0.294377 0.43479 0.201754</point>
	<point>0.30367 -0.443722 0.201754</point>
	<point>0.30367 -0.34611 0.201754</point>
	<point>0.30367 -0.150885 0.201754</point>
	<point>0.30367 0.141951 0.201754</point>
	<point>0.30367 0.337176 0.201754</point>
	<point>0.30367 0.43479 0.201754</point>
	<point>0.702368 -0.443722 0.201754</point>
	<point>0.702368 -0.34611 0.201754</point>
	<point>0.702368 -0.150885 0.201754</point>
	<point>0.702368 0.141951 0.201754</point>
	<point>0.702368 0.337176 0.201754</point>
	<point>0.702368 0.43479 0.201754</point>
	<point>0.901719 -0.443722 0.201754</point>
	<point>0.901719 -0.34611 0.201754</point>
	<point>0.901719 -0.150885 0.201754</point>
	<point>0.901719 0.141951 0.201754</point>
	<point>0.901719 0.337176 0.201754</point>
	<point>0.901719 0.43479 0.201754</point>

	<weights>1 1 1 1 1 1 1 1 1 1 1 1 1 1 1 1 1 1 1 1 1 1 1 1 1 1 1 1 1 1 1 1 1 1 1 1 </weights>

	<meta><key>label</key><value>support-bottom</value></meta>

	<meta><key>parentLabel</key><value>support</value></meta>
</node>

<node>
	<id>RightFrontLeg</id>
	<type>CURVE</type>
	<mesh>meshes/RightFrontLeg.obj</mesh>

	<controls>
		<c>8</c>
	</controls>

	<point>0.979002 -0.509238 0.00310611</point>
	<point>0.978907 -0.509238 0.0650391</point>
	<point>0.978716 -0.509238 0.188905</point>
	<point>0.978432 -0.509238 0.374704</point>
	<point>0.978146 -0.509238 0.560503</point>
	<point>0.977862 -0.509238 0.746301</point>
	<point>0.977671 -0.509238 0.870166</point>
	<point>0.977576 -0.509238 0.9321</point>

	<weights>1 1 1 1 1 1 1 1 </weights>

	<meta><key>label</key><value>leg-back-left</value></meta>

	<meta><key>parentLabel</key><value>leg</value></meta>
</node>

<node>
	<id>LeftBackLeg</id>
	<type>CURVE</type>
	<mesh>meshes/LeftBackLeg.obj</mesh>

	<controls>
		<c>8</c>
	</controls>

	<point>-0.978016 0.507844 0.00310639</point>
	<point>-0.978111 0.507844 0.0650393</point>
	<point>-0.978301 0.507844 0.188905</point>
	<point>-0.978586 0.507844 0.374704</point>
	<point>-0.978871 0.507844 0.560503</point>
	<point>-0.979156 0.507844 0.746301</point>
	<point>-0.979346 0.507844 0.870166</point>
	<point>-0.979441 0.507844 0.9321</point>

	<weights>1 1 1 1 1 1 1 1 </weights>

	<meta><key>label</key><value>leg-front-right</value></meta>

	<meta><key>parentLabel</key><value>leg</value></meta>
</node>

<node>
	<id>RightBackLeg</id>
	<type>CURVE</type>
	<mesh>meshes/RightBackLeg.obj</mesh>

	<controls>
		<c>8</c>
	</controls>

	<point>0.979002 0.506112 0.00310611</point>
	<point>0.978907 0.506112 0.0650391</point>
	<point>0.978716 0.506112 0.188905</point>
	<point>0.978432 0.506112 0.374704</point>
	<point>0.978146 0.506112 0.560503</point>
	<point>0.977862 0.506112 0.746301</point>
	<point>0.977671 0.506112 0.870166</point>
	<point>0.977576 0.506112 0.9321</point>

	<weights>1 1 1 1 1 1 1 1 </weights>

	<meta><key>label</key><value>leg-back-right</value></meta>

	<meta><key>parentLabel</key><value>leg</value></meta>
</node>

<node>
	<id>LeftFrontLeg</id>
	<type>CURVE</type>
	<mesh>meshes/LeftFrontLeg.obj</mesh>

	<controls>
		<c>4</c>
	</controls>

	<point>-0.976386 -0.507525 1.70951e-08</point>
	<point>-0.977338 -0.507525 0.309161</point>
	<point>-0.978291 -0.507525 0.618322</point>
	<point>-0.979244 -0.507525 0.927481</point>

	<weights>1 1 1 1 </weights>

	<meta><key>label</key><value>leg-front-left</value></meta>

	<meta><key>parentLabel</key><value>leg</value></meta>
</node>

<edge>
	<id>TopSheet : RightFrontLeg</id>
	<type>POINT</type>

	<n>TopSheet</n>
	<n>RightFrontLeg</n>
	<coord>
		<uv>0.97175 0.0360814 0 0</uv>
	</coord>
	<coord>
		<uv>1 0 0 0</uv>
	</coord>
</edge>

<edge>
	<id>TopSheet : LeftBackLeg</id>
	<type>POINT</type>

	<n>TopSheet</n>
	<n>LeftBackLeg</n>
	<coord>
		<uv>0.0277916 0.963276 0 0</uv>
	</coord>
	<coord>
		<uv>1 0 0 0</uv>
	</coord>
</edge>

<edge>
	<id>TopSheet : RightBackLeg</id>
	<type>POINT</type>

	<n>TopSheet</n>
	<n>RightBackLeg</n>
	<coord>
		<uv>0.971752 0.962502 0 0</uv>
	</coord>
	<coord>
		<uv>1 0 0 0</uv>
	</coord>
</edge>

<edge>
	<id>TopSheet : LeftFrontLeg</id>
	<type>POINT</type>

	<n>TopSheet</n>
	<n>LeftFrontLeg</n>
	<coord>
		<uv>0.0278417 0.0368589 0 0</uv>
	</coord>
	<coord>
		<uv>1 0 0 0</uv>
	</coord>
</edge>

<edge>
	<id>BottomSheet : RightFrontLeg</id>
	<type>POINT</type>

	<n>BottomSheet</n>
	<n>RightFrontLeg</n>
	<coord>
		<uv>1 0 0 0</uv>
	</coord>
	<coord>
		<uv>0.211146 0 0 0</uv>
	</coord>
</edge>

<edge>
	<id>BottomSheet : LeftBackLeg</id>
	<type>POINT</type>

	<n>BottomSheet</n>
	<n>LeftBackLeg</n>
	<coord>
		<uv>0 1 0 0</uv>
	</coord>
	<coord>
		<uv>0.211011 0 0 0</uv>
	</coord>
</edge>

<edge>
	<id>BottomSheet : RightBackLeg</id>
	<type>POINT</type>

	<n>BottomSheet</n>
	<n>RightBackLeg</n>
	<coord>
		<uv>1 1 0 0</uv>
	</coord>
	<coord>
		<uv>0.211146 0 0 0</uv>
	</coord>
</edge>

<edge>
	<id>BottomSheet : LeftFrontLeg</id>
	<type>POINT</type>

	<n>BottomSheet</n>
	<n>LeftFrontLeg</n>
	<coord>
		<uv>0 0 0 0</uv>
	</coord>
	<coord>
		<uv>0.208624 0 0 0</uv>
	</coord>
</edge>

<group>
	<n>RightFrontLeg</n>
	<n>LeftFrontLeg</n>
</group>

<group>
	<n>RightBackLeg</n>
	<n>LeftBackLeg</n>
</group>


</document>
