<?xml version="1.0" encoding="UTF-8" ?>
<document>
<node>
	<id>ffffff</id>
	<type>CURVE</type>
	<mesh>meshes/ffffff.obj</mesh>

	<controls>
		<c>6</c>
	</controls>

	<point>0.0238733 -1.83999 0.316618</point>
	<point>0.0131104 -1.15958 0.32711</point>
	<point>0.00234754 -0.479167 0.337602</point>
	<point>-0.00841533 0.201249 0.348094</point>
	<point>-0.019179 0.881657 0.358587</point>
	<point>-0.0299419 1.56207 0.369079</point>

	<weights>1 1 1 1 1 1 </weights>

	<meta><key>label</key><value>fuselage</value></meta>

	<meta><key>parentLabel</key><value>fuselage</value></meta>
</node>

<node>
	<id>tl</id>
	<type>CURVE</type>
	<mesh>meshes/tl.obj</mesh>

	<controls>
		<c>6</c>
	</controls>

	<point>-0.0677824 1.23996 0.400794</point>
	<point>0.0590881 1.35997 0.404473</point>
	<point>0.185959 1.47998 0.408154</point>
	<point>0.31283 1.59998 0.411834</point>
	<point>0.439701 1.71999 0.415514</point>
	<point>0.566568 1.83999 0.419194</point>

	<weights>1 1 1 1 1 1 </weights>

	<meta><key>label</key><value>tail-left</value></meta>

	<meta><key>parentLabel</key><value>tail</value></meta>
</node>

<node>
	<id>tr</id>
	<type>CURVE</type>
	<mesh>meshes/tr.obj</mesh>

	<controls>
		<c>6</c>
	</controls>

	<point>0.0672277 1.23996 0.400794</point>
	<point>-0.0596436 1.35997 0.404473</point>
	<point>-0.186514 1.47998 0.408154</point>
	<point>-0.313385 1.59999 0.411834</point>
	<point>-0.440255 1.71999 0.415514</point>
	<point>-0.567126 1.83999 0.419194</point>

	<weights>1 1 1 1 1 1 </weights>

	<meta><key>label</key><value>tail-right</value></meta>

	<meta><key>parentLabel</key><value>tail</value></meta>
</node>

<node>
	<id>stabilzier</id>
	<type>CURVE</type>
	<mesh>meshes/stabilzier.obj</mesh>

	<controls>
		<c>6</c>
	</controls>

	<point>-0.000196454 0.892405 0.265088</point>
	<point>-0.000297157 1.06757 0.41207</point>
	<point>-0.000397861 1.24274 0.559051</point>
	<point>-0.000498564 1.4179 0.706033</point>
	<point>-0.000599268 1.59307 0.853014</point>
	<point>-0.000700796 1.76823 1</point>

	<weights>1 1 1 1 1 1 </weights>

	<meta><key>label</key><value>tail-stabilizer</value></meta>

	<meta><key>parentLabel</key><value>tail</value></meta>
</node>

<node>
	<id>whf</id>
	<type>CURVE</type>
	<mesh>meshes/whf.obj</mesh>

	<controls>
		<c>6</c>
	</controls>

	<point>-0.000277347 -1.66362 0.00230463</point>
	<point>-0.000277347 -1.66362 0.0353872</point>
	<point>-0.000277347 -1.66362 0.0684697</point>
	<point>-0.000277347 -1.66362 0.101552</point>
	<point>-0.000277347 -1.66362 0.134635</point>
	<point>-0.000277347 -1.66362 0.167717</point>

	<weights>1 1 1 1 1 1 </weights>

	<meta><key>label</key><value>wheel-front</value></meta>

	<meta><key>parentLabel</key><value>wheel</value></meta>
</node>

<node>
	<id>whl</id>
	<type>CURVE</type>
	<mesh>meshes/whl.obj</mesh>

	<controls>
		<c>6</c>
	</controls>

	<point>0.326032 -0.106201 0.226524</point>
	<point>0.325866 -0.110815 0.181219</point>
	<point>0.3257 -0.11543 0.135915</point>
	<point>0.325534 -0.120044 0.0906099</point>
	<point>0.325368 -0.124658 0.0453048</point>
	<point>0.325202 -0.129272 4.30717e-17</point>

	<weights>1 1 1 1 1 1 </weights>

	<meta><key>label</key><value>wheel-left</value></meta>

	<meta><key>parentLabel</key><value>wheel</value></meta>
</node>

<node>
	<id>whr</id>
	<type>CURVE</type>
	<mesh>meshes/whr.obj</mesh>

	<controls>
		<c>6</c>
	</controls>

	<point>-0.326587 -0.106259 0.22654</point>
	<point>-0.326421 -0.110857 0.181236</point>
	<point>-0.326255 -0.115463 0.135931</point>
	<point>-0.32609 -0.12006 0.0906256</point>
	<point>-0.325924 -0.124658 0.0453204</point>
	<point>-0.325758 -0.129256 1.54769e-05</point>

	<weights>1 1 1 1 1 1 </weights>

	<meta><key>label</key><value>wheel-right</value></meta>

	<meta><key>parentLabel</key><value>wheel</value></meta>
</node>

<node>
	<id>wl</id>
	<type>CURVE</type>
	<mesh>meshes/wl.obj</mesh>

	<controls>
		<c>6</c>
	</controls>

	<point>0.0760657 -0.44501 0.227035</point>
	<point>0.42539 -0.198444 0.274907</point>
	<point>0.774718 0.0481226 0.32278</point>
	<point>1.12404 0.294689 0.370652</point>
	<point>1.47337 0.541255 0.418523</point>
	<point>1.82269 0.787822 0.466395</point>

	<weights>1 1 1 1 1 1 </weights>

	<meta><key>label</key><value>wing-left</value></meta>

	<meta><key>parentLabel</key><value>wing</value></meta>
</node>

<node>
	<id>el</id>
	<type>CURVE</type>
	<mesh>meshes/el.obj</mesh>

	<controls>
		<c>6</c>
	</controls>

	<point>0.663829 -0.796105 0.207804</point>
	<point>0.664002 -0.68655 0.212664</point>
	<point>0.664176 -0.576998 0.217523</point>
	<point>0.664349 -0.467437 0.222384</point>
	<point>0.664522 -0.357885 0.227243</point>
	<point>0.664688 -0.248333 0.232103</point>

	<weights>1 1 1 1 1 1 </weights>

	<meta><key>label</key><value>wing-engine-left</value></meta>

	<meta><key>parentLabel</key><value>wing</value></meta>
</node>

<node>
	<id>wr</id>
	<type>CURVE</type>
	<mesh>meshes/wr.obj</mesh>

	<controls>
		<c>6</c>
	</controls>

	<point>-0.0760698 -0.450722 0.22564</point>
	<point>-0.425394 -0.204164 0.273512</point>
	<point>-0.774718 0.0424023 0.321385</point>
	<point>-1.12404 0.288969 0.369258</point>
	<point>-1.47337 0.535535 0.41713</point>
	<point>-1.82269 0.782101 0.465003</point>

	<weights>1 1 1 1 1 1 </weights>

	<meta><key>label</key><value>wing-right</value></meta>

	<meta><key>parentLabel</key><value>wing</value></meta>
</node>

<node>
	<id>er</id>
	<type>CURVE</type>
	<mesh>meshes/er.obj</mesh>

	<controls>
		<c>6</c>
	</controls>

	<point>-0.663831 -0.801872 0.20646</point>
	<point>-0.664003 -0.692306 0.211273</point>
	<point>-0.664175 -0.582742 0.216086</point>
	<point>-0.664347 -0.473174 0.220899</point>
	<point>-0.664519 -0.363614 0.225713</point>
	<point>-0.664692 -0.254045 0.230526</point>

	<weights>1 1 1 1 1 1 </weights>

	<meta><key>label</key><value>wing-engine-right</value></meta>

	<meta><key>parentLabel</key><value>wing</value></meta>
</node>

<edge>
	<id>ffffff : tl</id>
	<type>POINT</type>

	<n>ffffff</n>
	<n>tl</n>
	<coord>
		<uv>0.951521 0 0 0</uv>
	</coord>
	<coord>
		<uv>0.0446352 0 0 0</uv>
	</coord>
</edge>

<edge>
	<id>ffffff : tr</id>
	<type>POINT</type>

	<n>ffffff</n>
	<n>tr</n>
	<coord>
		<uv>0.957143 0 0 0</uv>
	</coord>
	<coord>
		<uv>0.0822152 0 0 0</uv>
	</coord>
</edge>

<edge>
	<id>ffffff : stabilzier</id>
	<type>POINT</type>

	<n>ffffff</n>
	<n>stabilzier</n>
	<coord>
		<uv>0.893736 0 0 0</uv>
	</coord>
	<coord>
		<uv>0.0807207 0 0 0</uv>
	</coord>
</edge>

<edge>
	<id>ffffff : whf</id>
	<type>POINT</type>

	<n>ffffff</n>
	<n>whf</n>
	<coord>
		<uv>0.0295697 0 0 0</uv>
	</coord>
	<coord>
		<uv>1 0 0 0</uv>
	</coord>
</edge>

<edge>
	<id>ffffff : whl</id>
	<type>POINT</type>

	<n>ffffff</n>
	<n>whl</n>
	<coord>
		<uv>0.510566 0 0 0</uv>
	</coord>
	<coord>
		<uv>0 0 0 0</uv>
	</coord>
</edge>

<edge>
	<id>ffffff : whr</id>
	<type>POINT</type>

	<n>ffffff</n>
	<n>whr</n>
	<coord>
		<uv>0.514782 0 0 0</uv>
	</coord>
	<coord>
		<uv>0 0 0 0</uv>
	</coord>
</edge>

<edge>
	<id>ffffff : wl</id>
	<type>POINT</type>

	<n>ffffff</n>
	<n>wl</n>
	<coord>
		<uv>0.369262 0 0 0</uv>
	</coord>
	<coord>
		<uv>0 0 0 0</uv>
	</coord>
</edge>

<edge>
	<id>ffffff : wr</id>
	<type>POINT</type>

	<n>ffffff</n>
	<n>wr</n>
	<coord>
		<uv>0.368585 0 0 0</uv>
	</coord>
	<coord>
		<uv>0 0 0 0</uv>
	</coord>
</edge>

<edge>
	<id>er : wr</id>
	<type>POINT</type>

	<n>er</n>
	<n>wr</n>
	<coord>
		<uv>1 0 0 0</uv>
	</coord>
	<coord>
		<uv>0.205273 0 0 0</uv>
	</coord>
</edge>

<edge>
	<id>el : wl</id>
	<type>POINT</type>

	<n>el</n>
	<n>wl</n>
	<coord>
		<uv>1 0 0 0</uv>
	</coord>
	<coord>
		<uv>0.205276 0 0 0</uv>
	</coord>
</edge>

<group>
	<n>whl</n>
	<n>whr</n>
</group>

<group>
	<n>wl</n>
	<n>wr</n>
</group>

<group>
	<n>el</n>
	<n>er</n>
</group>

<group>
	<n>tl</n>
	<n>tr</n>
</group>


</document>
