<?xml version="1.0" encoding="UTF-8" ?>
<document>
<node>
	<id>TopSheet</id>
	<type>SHEET</type>
	<mesh>meshes/Top.obj</mesh>

	<controls>
		<c>6</c>
		<c>6</c>
	</controls>

	<point>-1.22216 -0.435844 1.61051</point>
	<point>-1.22216 -0.338991 1.61051</point>
	<point>-1.22216 -0.145282 1.61051</point>
	<point>-1.22216 0.14528 1.61051</point>
	<point>-1.22216 0.338988 1.61051</point>
	<point>-1.22216 0.435844 1.61051</point>
	<point>-0.950568 -0.435844 1.61051</point>
	<point>-0.950568 -0.338991 1.61051</point>
	<point>-0.950568 -0.145282 1.61051</point>
	<point>-0.950568 0.14528 1.61051</point>
	<point>-0.950568 0.338988 1.61051</point>
	<point>-0.950568 0.435844 1.61051</point>
	<point>-0.407388 -0.435844 1.61051</point>
	<point>-0.407388 -0.338991 1.61051</point>
	<point>-0.407388 -0.145282 1.61051</point>
	<point>-0.407388 0.14528 1.61051</point>
	<point>-0.407388 0.338988 1.61051</point>
	<point>-0.407388 0.435844 1.61051</point>
	<point>0.407385 -0.435844 1.61051</point>
	<point>0.407385 -0.338991 1.61051</point>
	<point>0.407385 -0.145282 1.61051</point>
	<point>0.407385 0.14528 1.61051</point>
	<point>0.407385 0.338988 1.61051</point>
	<point>0.407385 0.435844 1.61051</point>
	<point>0.950568 -0.435844 1.61051</point>
	<point>0.950568 -0.338991 1.61051</point>
	<point>0.950568 -0.145282 1.61051</point>
	<point>0.950568 0.14528 1.61051</point>
	<point>0.950568 0.338988 1.61051</point>
	<point>0.950568 0.435844 1.61051</point>
	<point>1.22216 -0.435844 1.61051</point>
	<point>1.22216 -0.338991 1.61051</point>
	<point>1.22216 -0.145282 1.61051</point>
	<point>1.22216 0.14528 1.61051</point>
	<point>1.22216 0.338988 1.61051</point>
	<point>1.22216 0.435844 1.61051</point>

	<weights>1 1 1 1 1 1 1 1 1 1 1 1 1 1 1 1 1 1 1 1 1 1 1 1 1 1 1 1 1 1 1 1 1 1 1 1 </weights>

	<meta><key>label</key><value>table-top</value></meta>

	<meta><key>parentLabel</key><value>table</value></meta>
</node>

<node>
	<id>LeftFrontLeg</id>
	<type>CURVE</type>
	<mesh>meshes/LeftFrontLeg.obj</mesh>

	<controls>
		<c>8</c>
	</controls>

	<point>-1.20625 -0.377826 -3.88431e-09</point>
	<point>-1.20627 -0.377826 0.105416</point>
	<point>-1.20629 -0.377826 0.316249</point>
	<point>-1.20633 -0.377826 0.632499</point>
	<point>-1.20637 -0.377826 0.948748</point>
	<point>-1.20641 -0.377826 1.265</point>
	<point>-1.20643 -0.377826 1.47583</point>
	<point>-1.20644 -0.377826 1.58125</point>

	<weights>1 1 1 1 1 1 1 1 </weights>

	<meta><key>label</key><value>leg-front-left</value></meta>

	<meta><key>parentLabel</key><value>leg</value></meta>
</node>

<node>
	<id>RightFrontLeg</id>
	<type>CURVE</type>
	<mesh>meshes/RightFrontLeg.obj</mesh>

	<controls>
		<c>8</c>
	</controls>

	<point>1.21747 -0.377826 -3.88431e-09</point>
	<point>1.21746 -0.377826 0.105416</point>
	<point>1.21744 -0.377826 0.316249</point>
	<point>1.2174 -0.377826 0.632499</point>
	<point>1.21736 -0.377826 0.948748</point>
	<point>1.21732 -0.377826 1.265</point>
	<point>1.2173 -0.377826 1.47583</point>
	<point>1.21728 -0.377826 1.58125</point>

	<weights>1 1 1 1 1 1 1 1 </weights>

	<meta><key>label</key><value>leg-back-left</value></meta>

	<meta><key>parentLabel</key><value>leg</value></meta>
</node>

<node>
	<id>RightBackLeg</id>
	<type>CURVE</type>
	<mesh>meshes/RightBackLeg.obj</mesh>

	<controls>
		<c>8</c>
	</controls>

	<point>1.21747 0.393739 -3.88431e-09</point>
	<point>1.21746 0.393739 0.105416</point>
	<point>1.21744 0.393739 0.316249</point>
	<point>1.2174 0.393739 0.632499</point>
	<point>1.21736 0.393739 0.948748</point>
	<point>1.21732 0.393739 1.265</point>
	<point>1.2173 0.393739 1.47583</point>
	<point>1.21728 0.393739 1.58125</point>

	<weights>1 1 1 1 1 1 1 1 </weights>

	<meta><key>label</key><value>leg-back-right</value></meta>

	<meta><key>parentLabel</key><value>leg</value></meta>
</node>

<node>
	<id>LeftBackLeg</id>
	<type>CURVE</type>
	<mesh>meshes/LeftBackLeg.obj</mesh>

	<controls>
		<c>8</c>
	</controls>

	<point>-1.20625 0.393746 -3.88431e-09</point>
	<point>-1.20627 0.393746 0.105416</point>
	<point>-1.20629 0.393746 0.316249</point>
	<point>-1.20633 0.393746 0.632499</point>
	<point>-1.20637 0.393746 0.948748</point>
	<point>-1.20641 0.393746 1.265</point>
	<point>-1.20643 0.393746 1.47583</point>
	<point>-1.20644 0.393746 1.58125</point>

	<weights>1 1 1 1 1 1 1 1 </weights>

	<meta><key>label</key><value>leg-front-right</value></meta>

	<meta><key>parentLabel</key><value>leg</value></meta>
</node>

<node>
	<id>FrontUpStretcher</id>
	<type>CURVE</type>
	<mesh>meshes/FrontUpStretcher.obj</mesh>

	<controls>
		<c>8</c>
	</controls>

	<point>-1.18286 -0.378231 1.42996</point>
	<point>-1.0243 -0.378231 1.42998</point>
	<point>-0.707164 -0.378231 1.43002</point>
	<point>-0.231467 -0.378231 1.43007</point>
	<point>0.244231 -0.378231 1.43012</point>
	<point>0.719927 -0.378231 1.43018</point>
	<point>1.03706 -0.378231 1.43022</point>
	<point>1.19562 -0.378231 1.43023</point>

	<weights>1 1 1 1 1 1 1 1 </weights>

	<meta><key>label</key><value>support-top</value></meta>

	<meta><key>parentLabel</key><value>support</value></meta>
</node>

<node>
	<id>BackUpStretcher</id>
	<type>CURVE</type>
	<mesh>meshes/BackUpStretcher.obj</mesh>

	<controls>
		<c>8</c>
	</controls>

	<point>-1.18286 0.392874 1.42996</point>
	<point>-1.0243 0.392874 1.42998</point>
	<point>-0.707164 0.392874 1.43002</point>
	<point>-0.231467 0.392874 1.43007</point>
	<point>0.244231 0.392874 1.43012</point>
	<point>0.719927 0.392874 1.43018</point>
	<point>1.03706 0.392874 1.43022</point>
	<point>1.19562 0.392874 1.43023</point>

	<weights>1 1 1 1 1 1 1 1 </weights>

	<meta><key>label</key><value>support-top</value></meta>

	<meta><key>parentLabel</key><value>support</value></meta>
</node>

<node>
	<id>LowStretcher01</id>
	<type>CURVE</type>
	<mesh>meshes/LowStretcher01.obj</mesh>

	<controls>
		<c>8</c>
	</controls>

	<point>-1.18286 -0.378335 0.19589</point>
	<point>-1.0243 -0.378335 0.195907</point>
	<point>-0.707164 -0.378335 0.195943</point>
	<point>-0.231467 -0.378335 0.195999</point>
	<point>0.244231 -0.378335 0.196051</point>
	<point>0.719927 -0.378335 0.196104</point>
	<point>1.03706 -0.378335 0.196141</point>
	<point>1.19562 -0.378335 0.19616</point>

	<weights>1 1 1 1 1 1 1 1 </weights>

	<meta><key>label</key><value>support-bottom</value></meta>

	<meta><key>parentLabel</key><value>support</value></meta>
</node>

<node>
	<id>LowStretcher02</id>
	<type>CURVE</type>
	<mesh>meshes/LowStretcher02.obj</mesh>

	<controls>
		<c>8</c>
	</controls>

	<point>-1.18286 -0.223732 0.19589</point>
	<point>-1.0243 -0.223732 0.195907</point>
	<point>-0.707164 -0.223732 0.195943</point>
	<point>-0.231467 -0.223732 0.195999</point>
	<point>0.244231 -0.223732 0.196051</point>
	<point>0.719927 -0.223732 0.196104</point>
	<point>1.03706 -0.223732 0.196141</point>
	<point>1.19562 -0.223732 0.19616</point>

	<weights>1 1 1 1 1 1 1 1 </weights>

	<meta><key>label</key><value>support-bottom</value></meta>

	<meta><key>parentLabel</key><value>support</value></meta>
</node>

<node>
	<id>LowStretcher03</id>
	<type>CURVE</type>
	<mesh>meshes/LowStretcher03.obj</mesh>

	<controls>
		<c>8</c>
	</controls>

	<point>-1.18286 -0.0694565 0.19589</point>
	<point>-1.0243 -0.0694565 0.195907</point>
	<point>-0.707164 -0.0694565 0.195943</point>
	<point>-0.231467 -0.0694565 0.195999</point>
	<point>0.244231 -0.0694565 0.196051</point>
	<point>0.719927 -0.0694565 0.196104</point>
	<point>1.03706 -0.0694565 0.196141</point>
	<point>1.19562 -0.0694565 0.19616</point>

	<weights>1 1 1 1 1 1 1 1 </weights>

	<meta><key>label</key><value>support-bottom</value></meta>

	<meta><key>parentLabel</key><value>support</value></meta>
</node>

<node>
	<id>LowStretcher04</id>
	<type>CURVE</type>
	<mesh>meshes/LowStretcher04.obj</mesh>

	<controls>
		<c>8</c>
	</controls>

	<point>-1.18286 0.0848906 0.19589</point>
	<point>-1.0243 0.0848906 0.195907</point>
	<point>-0.707164 0.0848906 0.195943</point>
	<point>-0.231467 0.0848906 0.195999</point>
	<point>0.244231 0.0848906 0.196051</point>
	<point>0.719927 0.0848906 0.196104</point>
	<point>1.03706 0.0848906 0.196141</point>
	<point>1.19562 0.0848906 0.19616</point>

	<weights>1 1 1 1 1 1 1 1 </weights>

	<meta><key>label</key><value>support-bottom</value></meta>

	<meta><key>parentLabel</key><value>support</value></meta>
</node>

<node>
	<id>LowStretcher05</id>
	<type>CURVE</type>
	<mesh>meshes/LowStretcher05.obj</mesh>

	<controls>
		<c>8</c>
	</controls>

	<point>-1.18286 0.238982 0.19589</point>
	<point>-1.0243 0.238982 0.195907</point>
	<point>-0.707164 0.238982 0.195943</point>
	<point>-0.231467 0.238982 0.195999</point>
	<point>0.244231 0.238982 0.196051</point>
	<point>0.719927 0.238982 0.196104</point>
	<point>1.03706 0.238982 0.196141</point>
	<point>1.19562 0.238982 0.19616</point>

	<weights>1 1 1 1 1 1 1 1 </weights>

	<meta><key>label</key><value>support-bottom</value></meta>

	<meta><key>parentLabel</key><value>support</value></meta>
</node>

<node>
	<id>LowStretcher06</id>
	<type>CURVE</type>
	<mesh>meshes/LowStretcher06.obj</mesh>

	<controls>
		<c>8</c>
	</controls>

	<point>-1.18286 0.393723 0.19589</point>
	<point>-1.0243 0.393723 0.195907</point>
	<point>-0.707164 0.393723 0.195943</point>
	<point>-0.231467 0.393723 0.195999</point>
	<point>0.244231 0.393723 0.196051</point>
	<point>0.719927 0.393723 0.196104</point>
	<point>1.03706 0.393723 0.196141</point>
	<point>1.19562 0.393723 0.19616</point>

	<weights>1 1 1 1 1 1 1 1 </weights>

	<meta><key>label</key><value>support-bottom</value></meta>

	<meta><key>parentLabel</key><value>support</value></meta>
</node>

<node>
	<id>LeftUpStretcher</id>
	<type>CURVE</type>
	<mesh>meshes/LeftUpStretcher.obj</mesh>

	<controls>
		<c>8</c>
	</controls>

	<point>-1.20635 -0.36021 1.42993</point>
	<point>-1.20635 -0.310778 1.42993</point>
	<point>-1.20635 -0.211912 1.42993</point>
	<point>-1.20635 -0.0636168 1.42993</point>
	<point>-1.20635 0.0846796 1.42993</point>
	<point>-1.20635 0.232976 1.42993</point>
	<point>-1.20635 0.331841 1.42993</point>
	<point>-1.20635 0.381274 1.42993</point>

	<weights>1 1 1 1 1 1 1 1 </weights>

	<meta><key>label</key><value>support-top</value></meta>

	<meta><key>parentLabel</key><value>support</value></meta>
</node>

<node>
	<id>LeftDownStretcher</id>
	<type>CURVE</type>
	<mesh>meshes/LeftDownStretcher.obj</mesh>

	<controls>
		<c>8</c>
	</controls>

	<point>-1.20635 -0.36021 0.195575</point>
	<point>-1.20635 -0.310778 0.195575</point>
	<point>-1.20635 -0.211912 0.195575</point>
	<point>-1.20635 -0.0636168 0.195575</point>
	<point>-1.20635 0.0846796 0.195575</point>
	<point>-1.20635 0.232976 0.195575</point>
	<point>-1.20635 0.331841 0.195575</point>
	<point>-1.20635 0.381274 0.195575</point>

	<weights>1 1 1 1 1 1 1 1 </weights>

	<meta><key>label</key><value>support-bottom</value></meta>

	<meta><key>parentLabel</key><value>support</value></meta>
</node>

<node>
	<id>RightUpStretcher</id>
	<type>CURVE</type>
	<mesh>meshes/RightUpStretcher.obj</mesh>

	<controls>
		<c>8</c>
	</controls>

	<point>1.21668 -0.36021 1.42993</point>
	<point>1.21668 -0.310778 1.42993</point>
	<point>1.21668 -0.211912 1.42993</point>
	<point>1.21668 -0.0636168 1.42993</point>
	<point>1.21668 0.0846796 1.42993</point>
	<point>1.21668 0.232976 1.42993</point>
	<point>1.21668 0.331841 1.42993</point>
	<point>1.21668 0.381274 1.42993</point>

	<weights>1 1 1 1 1 1 1 1 </weights>

	<meta><key>label</key><value>support-top</value></meta>

	<meta><key>parentLabel</key><value>support</value></meta>
</node>

<node>
	<id>RighttDownStretcher</id>
	<type>CURVE</type>
	<mesh>meshes/RighttDownStretcher.obj</mesh>

	<controls>
		<c>8</c>
	</controls>

	<point>1.21668 -0.36021 0.195575</point>
	<point>1.21668 -0.310778 0.195575</point>
	<point>1.21668 -0.211912 0.195575</point>
	<point>1.21668 -0.0636168 0.195575</point>
	<point>1.21668 0.0846796 0.195575</point>
	<point>1.21668 0.232976 0.195575</point>
	<point>1.21668 0.331841 0.195575</point>
	<point>1.21668 0.381274 0.195575</point>

	<weights>1 1 1 1 1 1 1 1 </weights>

	<meta><key>label</key><value>support-bottom</value></meta>

	<meta><key>parentLabel</key><value>support</value></meta>
</node>

<edge>
	<id>TopSheet : LeftFrontLeg</id>
	<type>POINT</type>

	<n>TopSheet</n>
	<n>LeftFrontLeg</n>
	<coord>
		<uv>0.00321439 0.0717414 0 0</uv>
	</coord>
	<coord>
		<uv>1 0 0 0</uv>
	</coord>
</edge>

<edge>
	<id>TopSheet : RightFrontLeg</id>
	<type>POINT</type>

	<n>TopSheet</n>
	<n>RightFrontLeg</n>
	<coord>
		<uv>0.999003 0.0717414 0 0</uv>
	</coord>
	<coord>
		<uv>1 0 0 0</uv>
	</coord>
</edge>

<edge>
	<id>TopSheet : RightBackLeg</id>
	<type>POINT</type>

	<n>TopSheet</n>
	<n>RightBackLeg</n>
	<coord>
		<uv>0.999003 0.937388 0 0</uv>
	</coord>
	<coord>
		<uv>1 0 0 0</uv>
	</coord>
</edge>

<edge>
	<id>TopSheet : LeftBackLeg</id>
	<type>POINT</type>

	<n>TopSheet</n>
	<n>LeftBackLeg</n>
	<coord>
		<uv>0.00321439 0.937391 0 0</uv>
	</coord>
	<coord>
		<uv>1 0 0 0</uv>
	</coord>
</edge>

<edge>
	<id>LeftFrontLeg : LowStretcher01</id>
	<type>POINT</type>

	<n>LeftFrontLeg</n>
	<n>LowStretcher01</n>
	<coord>
		<uv>0.121941 0 0 0</uv>
	</coord>
	<coord>
		<uv>0 0 0 0</uv>
	</coord>
</edge>

<edge>
	<id>LeftFrontLeg : LeftDownStretcher</id>
	<type>POINT</type>

	<n>LeftFrontLeg</n>
	<n>LeftDownStretcher</n>
	<coord>
		<uv>0.12788 0 0 0</uv>
	</coord>
	<coord>
		<uv>0 0 0 0</uv>
	</coord>
</edge>

<edge>
	<id>LeftFrontLeg : LeftUpStretcher</id>
	<type>POINT</type>

	<n>LeftFrontLeg</n>
	<n>LeftUpStretcher</n>
	<coord>
		<uv>0.904983 0 0 0</uv>
	</coord>
	<coord>
		<uv>0 0 0 0</uv>
	</coord>
</edge>

<edge>
	<id>LeftFrontLeg : FrontUpStretcher</id>
	<type>POINT</type>

	<n>LeftFrontLeg</n>
	<n>FrontUpStretcher</n>
	<coord>
		<uv>0.912161 0 0 0</uv>
	</coord>
	<coord>
		<uv>0 0 0 0</uv>
	</coord>
</edge>

<edge>
	<id>LeftBackLeg : BackUpStretcher</id>
	<type>POINT</type>

	<n>LeftBackLeg</n>
	<n>BackUpStretcher</n>
	<coord>
		<uv>0.912161 0 0 0</uv>
	</coord>
	<coord>
		<uv>0 0 0 0</uv>
	</coord>
</edge>

<edge>
	<id>LeftBackLeg : LowStretcher06</id>
	<type>POINT</type>

	<n>LeftBackLeg</n>
	<n>LowStretcher06</n>
	<coord>
		<uv>0.121941 0 0 0</uv>
	</coord>
	<coord>
		<uv>0 0 0 0</uv>
	</coord>
</edge>

<edge>
	<id>LeftBackLeg : LeftUpStretcher</id>
	<type>POINT</type>

	<n>LeftBackLeg</n>
	<n>LeftUpStretcher</n>
	<coord>
		<uv>0.904983 0 0 0</uv>
	</coord>
	<coord>
		<uv>1 0 0 0</uv>
	</coord>
</edge>

<edge>
	<id>LeftBackLeg : LeftDownStretcher</id>
	<type>POINT</type>

	<n>LeftBackLeg</n>
	<n>LeftDownStretcher</n>
	<coord>
		<uv>0.12788 0 0 0</uv>
	</coord>
	<coord>
		<uv>1 0 0 0</uv>
	</coord>
</edge>

<edge>
	<id>RightBackLeg : BackUpStretcher</id>
	<type>POINT</type>

	<n>RightBackLeg</n>
	<n>BackUpStretcher</n>
	<coord>
		<uv>0.912249 0 0 0</uv>
	</coord>
	<coord>
		<uv>1 0 0 0</uv>
	</coord>
</edge>

<edge>
	<id>RightBackLeg : LowStretcher06</id>
	<type>POINT</type>

	<n>RightBackLeg</n>
	<n>LowStretcher06</n>
	<coord>
		<uv>0.122028 0 0 0</uv>
	</coord>
	<coord>
		<uv>1 0 0 0</uv>
	</coord>
</edge>

<edge>
	<id>RightBackLeg : RightUpStretcher</id>
	<type>POINT</type>

	<n>RightBackLeg</n>
	<n>RightUpStretcher</n>
	<coord>
		<uv>0.904983 0 0 0</uv>
	</coord>
	<coord>
		<uv>1 0 0 0</uv>
	</coord>
</edge>

<edge>
	<id>RightBackLeg : RighttDownStretcher</id>
	<type>POINT</type>

	<n>RightBackLeg</n>
	<n>RighttDownStretcher</n>
	<coord>
		<uv>0.12788 0 0 0</uv>
	</coord>
	<coord>
		<uv>1 0 0 0</uv>
	</coord>
</edge>

<edge>
	<id>RightFrontLeg : FrontUpStretcher</id>
	<type>POINT</type>

	<n>RightFrontLeg</n>
	<n>FrontUpStretcher</n>
	<coord>
		<uv>0.912249 0 0 0</uv>
	</coord>
	<coord>
		<uv>1 0 0 0</uv>
	</coord>
</edge>

<edge>
	<id>RightFrontLeg : LowStretcher01</id>
	<type>POINT</type>

	<n>RightFrontLeg</n>
	<n>LowStretcher01</n>
	<coord>
		<uv>0.122028 0 0 0</uv>
	</coord>
	<coord>
		<uv>1 0 0 0</uv>
	</coord>
</edge>

<edge>
	<id>RightFrontLeg : RighttDownStretcher</id>
	<type>POINT</type>

	<n>RightFrontLeg</n>
	<n>RighttDownStretcher</n>
	<coord>
		<uv>0.12788 0 0 0</uv>
	</coord>
	<coord>
		<uv>0 0 0 0</uv>
	</coord>
</edge>

<edge>
	<id>RightFrontLeg : RightUpStretcher</id>
	<type>POINT</type>

	<n>RightFrontLeg</n>
	<n>RightUpStretcher</n>
	<coord>
		<uv>0.904983 0 0 0</uv>
	</coord>
	<coord>
		<uv>0 0 0 0</uv>
	</coord>
</edge>

<edge>
	<id>LeftDownStretcher : LowStretcher02</id>
	<type>POINT</type>

	<n>LeftDownStretcher</n>
	<n>LowStretcher02</n>
	<coord>
		<uv>0.175364 0 0 0</uv>
	</coord>
	<coord>
		<uv>0 0 0 0</uv>
	</coord>
</edge>

<edge>
	<id>LeftDownStretcher : LowStretcher03</id>
	<type>POINT</type>

	<n>LeftDownStretcher</n>
	<n>LowStretcher03</n>
	<coord>
		<uv>0.383562 0 0 0</uv>
	</coord>
	<coord>
		<uv>0 0 0 0</uv>
	</coord>
</edge>

<edge>
	<id>LeftDownStretcher : LowStretcher04</id>
	<type>POINT</type>

	<n>LeftDownStretcher</n>
	<n>LowStretcher04</n>
	<coord>
		<uv>0.591809 0 0 0</uv>
	</coord>
	<coord>
		<uv>0 0 0 0</uv>
	</coord>
</edge>

<edge>
	<id>LeftDownStretcher : LowStretcher05</id>
	<type>POINT</type>

	<n>LeftDownStretcher</n>
	<n>LowStretcher05</n>
	<coord>
		<uv>0.799883 0 0 0</uv>
	</coord>
	<coord>
		<uv>0 0 0 0</uv>
	</coord>
</edge>

<edge>
	<id>RighttDownStretcher : LowStretcher02</id>
	<type>POINT</type>

	<n>RighttDownStretcher</n>
	<n>LowStretcher02</n>
	<coord>
		<uv>0.175364 0 0 0</uv>
	</coord>
	<coord>
		<uv>1 0 0 0</uv>
	</coord>
</edge>

<edge>
	<id>RighttDownStretcher : LowStretcher03</id>
	<type>POINT</type>

	<n>RighttDownStretcher</n>
	<n>LowStretcher03</n>
	<coord>
		<uv>0.383562 0 0 0</uv>
	</coord>
	<coord>
		<uv>1 0 0 0</uv>
	</coord>
</edge>

<edge>
	<id>RighttDownStretcher : LowStretcher04</id>
	<type>POINT</type>

	<n>RighttDownStretcher</n>
	<n>LowStretcher04</n>
	<coord>
		<uv>0.591809 0 0 0</uv>
	</coord>
	<coord>
		<uv>1 0 0 0</uv>
	</coord>
</edge>

<edge>
	<id>RighttDownStretcher : LowStretcher05</id>
	<type>POINT</type>

	<n>RighttDownStretcher</n>
	<n>LowStretcher05</n>
	<coord>
		<uv>0.799883 0 0 0</uv>
	</coord>
	<coord>
		<uv>1 0 0 0</uv>
	</coord>
</edge>

<group>
	<n>FrontUpStretcher</n>
	<n>BackUpStretcher</n>
</group>

<group>
	<n>LeftUpStretcher</n>
	<n>RightUpStretcher</n>
</group>

<group>
	<n>LeftDownStretcher</n>
	<n>RighttDownStretcher</n>
</group>

<group>
	<n>LowStretcher01</n>
	<n>LowStretcher02</n>
	<n>LowStretcher03</n>
	<n>LowStretcher04</n>
	<n>LowStretcher05</n>
	<n>LowStretcher06</n>
</group>

<group>
	<n>LeftFrontLeg</n>
	<n>RightFrontLeg</n>
</group>

<group>
	<n>RightBackLeg</n>
	<n>LeftBackLeg</n>
</group>


</document>
