<?xml version="1.0" encoding="UTF-8" ?>
<document>
<node>
	<id>part27</id>
	<type>CURVE</type>
	<mesh>meshes/part27.obj</mesh>

	<controls>
		<c>6</c>
	</controls>

	<point>-0.687697 -0.524356 0</point>
	<point>-0.687697 -0.524356 0.104683</point>
	<point>-0.687697 -0.524356 0.209368</point>
	<point>-0.687697 -0.524356 0.314051</point>
	<point>-0.687697 -0.524356 0.418736</point>
	<point>-0.687697 -0.524356 0.523419</point>

	<weights>1 1 1 1 1 1 </weights>

	<meta><key>label</key><value>leg-front-left</value></meta>

	<meta><key>parentLabel</key><value>leg</value></meta>
</node>

<node>
	<id>part26</id>
	<type>CURVE</type>
	<mesh>meshes/part26.obj</mesh>

	<controls>
		<c>6</c>
	</controls>

	<point>-0.687697 0.524356 0</point>
	<point>-0.687697 0.524356 0.104683</point>
	<point>-0.687697 0.524356 0.209368</point>
	<point>-0.687697 0.524356 0.314051</point>
	<point>-0.687697 0.524356 0.418736</point>
	<point>-0.687697 0.524356 0.523419</point>

	<weights>1 1 1 1 1 1 </weights>

	<meta><key>label</key><value>leg-front-right</value></meta>

	<meta><key>parentLabel</key><value>leg</value></meta>
</node>

<node>
	<id>part28</id>
	<type>CURVE</type>
	<mesh>meshes/part28.obj</mesh>

	<controls>
		<c>6</c>
	</controls>

	<point>-0.687697 -0.449448 0.319712</point>
	<point>-0.687697 -0.269669 0.319712</point>
	<point>-0.687697 -0.0898896 0.319712</point>
	<point>-0.687697 0.0898896 0.319712</point>
	<point>-0.687697 0.269669 0.319712</point>
	<point>-0.687697 0.449448 0.319712</point>

	<weights>1 1 1 1 1 1 </weights>

	<meta><key>label</key><value>support-bar-front</value></meta>

	<meta><key>parentLabel</key><value>support</value></meta>
</node>

<node>
	<id>part13</id>
	<type>CURVE</type>
	<mesh>meshes/part13.obj</mesh>

	<controls>
		<c>6</c>
	</controls>

	<point>0.687622 -0.41967 0.46149</point>
	<point>0.687622 -0.41967 0.504655</point>
	<point>0.687622 -0.41967 0.547821</point>
	<point>0.687622 -0.41967 0.590988</point>
	<point>0.687622 -0.41967 0.634153</point>
	<point>0.687622 -0.41967 0.677318</point>

	<weights>1 1 1 1 1 1 </weights>

	<meta><key>label</key><value>support-bar-back</value></meta>

	<meta><key>parentLabel</key><value>support</value></meta>
</node>

<node>
	<id>part23</id>
	<type>CURVE</type>
	<mesh>meshes/part23.obj</mesh>

	<controls>
		<c>6</c>
	</controls>

	<point>0.687697 0.524356 0.01082</point>
	<point>0.687697 0.524356 0.154456</point>
	<point>0.687697 0.524356 0.298092</point>
	<point>0.687697 0.524356 0.441728</point>
	<point>0.687697 0.524356 0.585365</point>
	<point>0.687697 0.524356 0.729</point>

	<weights>1 1 1 1 1 1 </weights>

	<meta><key>label</key><value>leg-back-right</value></meta>

	<meta><key>parentLabel</key><value>leg</value></meta>
</node>

<node>
	<id>part22</id>
	<type>CURVE</type>
	<mesh>meshes/part22.obj</mesh>

	<controls>
		<c>6</c>
	</controls>

	<point>0.687697 -0.449448 0.714278</point>
	<point>0.687697 -0.269669 0.714278</point>
	<point>0.687697 -0.0898896 0.714278</point>
	<point>0.687697 0.0898896 0.714278</point>
	<point>0.687697 0.269669 0.714278</point>
	<point>0.687697 0.449448 0.714278</point>

	<weights>1 1 1 1 1 1 </weights>

	<meta><key>label</key><value>mattress-bar-back</value></meta>

	<meta><key>parentLabel</key><value>mattress</value></meta>
</node>

<node>
	<id>part25</id>
	<type>CURVE</type>
	<mesh>meshes/part25.obj</mesh>

	<controls>
		<c>6</c>
	</controls>

	<point>0.687697 -0.449448 0.277316</point>
	<point>0.687697 -0.269669 0.277316</point>
	<point>0.687697 -0.0898896 0.277316</point>
	<point>0.687697 0.0898896 0.277316</point>
	<point>0.687697 0.269669 0.277316</point>
	<point>0.687697 0.449448 0.277316</point>

	<weights>1 1 1 1 1 1 </weights>

	<meta><key>label</key><value>mattress-bar-back</value></meta>

	<meta><key>parentLabel</key><value>mattress</value></meta>
</node>

<node>
	<id>part24</id>
	<type>CURVE</type>
	<mesh>meshes/part24.obj</mesh>

	<controls>
		<c>6</c>
	</controls>

	<point>0.687697 -0.524356 0.01082</point>
	<point>0.687697 -0.524356 0.154456</point>
	<point>0.687697 -0.524356 0.298092</point>
	<point>0.687697 -0.524356 0.441728</point>
	<point>0.687697 -0.524356 0.585365</point>
	<point>0.687697 -0.524356 0.729</point>

	<weights>1 1 1 1 1 1 </weights>

	<meta><key>label</key><value>leg-back-left</value></meta>

	<meta><key>parentLabel</key><value>leg</value></meta>
</node>

<node>
	<id>part19</id>
	<type>CURVE</type>
	<mesh>meshes/part19.obj</mesh>

	<controls>
		<c>6</c>
	</controls>

	<point>0.687622 0.0599501 0.46149</point>
	<point>0.687622 0.0599501 0.504655</point>
	<point>0.687622 0.0599501 0.547821</point>
	<point>0.687622 0.0599501 0.590988</point>
	<point>0.687622 0.0599501 0.634153</point>
	<point>0.687622 0.0599501 0.677318</point>

	<weights>1 1 1 1 1 1 </weights>

	<meta><key>label</key><value>support-bar-back</value></meta>

	<meta><key>parentLabel</key><value>support</value></meta>
</node>

<node>
	<id>part16</id>
	<type>CURVE</type>
	<mesh>meshes/part16.obj</mesh>

	<controls>
		<c>6</c>
	</controls>

	<point>0.687622 0.00584982 0.46149</point>
	<point>0.687622 0.00584982 0.504655</point>
	<point>0.687622 0.00584982 0.547821</point>
	<point>0.687622 0.00584982 0.590988</point>
	<point>0.687622 0.00584982 0.634153</point>
	<point>0.687622 0.00584982 0.677318</point>

	<weights>1 1 1 1 1 1 </weights>

	<meta><key>label</key><value>support-bar-back</value></meta>

	<meta><key>parentLabel</key><value>support</value></meta>
</node>

<node>
	<id>part17</id>
	<type>CURVE</type>
	<mesh>meshes/part17.obj</mesh>

	<controls>
		<c>6</c>
	</controls>

	<point>0.687622 0.419924 0.46149</point>
	<point>0.687622 0.419924 0.504655</point>
	<point>0.687622 0.419924 0.547821</point>
	<point>0.687622 0.419924 0.590988</point>
	<point>0.687622 0.419924 0.634153</point>
	<point>0.687622 0.419924 0.677318</point>

	<weights>1 1 1 1 1 1 </weights>

	<meta><key>label</key><value>support-bar-back</value></meta>

	<meta><key>parentLabel</key><value>support</value></meta>
</node>

<node>
	<id>part15</id>
	<type>CURVE</type>
	<mesh>meshes/part15.obj</mesh>

	<controls>
		<c>6</c>
	</controls>

	<point>0.687622 0.169191 0.46149</point>
	<point>0.687622 0.169191 0.504655</point>
	<point>0.687622 0.169191 0.547821</point>
	<point>0.687622 0.169191 0.590988</point>
	<point>0.687622 0.169191 0.634153</point>
	<point>0.687622 0.169191 0.677318</point>

	<weights>1 1 1 1 1 1 </weights>

	<meta><key>label</key><value>support-bar-back</value></meta>

	<meta><key>parentLabel</key><value>support</value></meta>
</node>

<node>
	<id>part20</id>
	<type>CURVE</type>
	<mesh>meshes/part20.obj</mesh>

	<controls>
		<c>6</c>
	</controls>

	<point>0.687622 -0.320833 0.46149</point>
	<point>0.687622 -0.320833 0.504655</point>
	<point>0.687622 -0.320833 0.547821</point>
	<point>0.687622 -0.320833 0.590988</point>
	<point>0.687622 -0.320833 0.634153</point>
	<point>0.687622 -0.320833 0.677318</point>

	<weights>1 1 1 1 1 1 </weights>

	<meta><key>label</key><value>support-bar-back</value></meta>

	<meta><key>parentLabel</key><value>support</value></meta>
</node>

<node>
	<id>part14</id>
	<type>CURVE</type>
	<mesh>meshes/part14.obj</mesh>

	<controls>
		<c>6</c>
	</controls>

	<point>0.687622 -0.469608 0.46149</point>
	<point>0.687622 -0.469608 0.504655</point>
	<point>0.687622 -0.469608 0.547821</point>
	<point>0.687622 -0.469608 0.590988</point>
	<point>0.687622 -0.469608 0.634153</point>
	<point>0.687622 -0.469608 0.677318</point>

	<weights>1 1 1 1 1 1 </weights>

	<meta><key>label</key><value>support-bar-back</value></meta>

	<meta><key>parentLabel</key><value>support</value></meta>
</node>

<node>
	<id>part07</id>
	<type>CURVE</type>
	<mesh>meshes/part07.obj</mesh>

	<controls>
		<c>6</c>
	</controls>

	<point>0.687622 0.224331 0.46149</point>
	<point>0.687622 0.224331 0.504655</point>
	<point>0.687622 0.224331 0.547821</point>
	<point>0.687622 0.224331 0.590988</point>
	<point>0.687622 0.224331 0.634153</point>
	<point>0.687622 0.224331 0.677318</point>

	<weights>1 1 1 1 1 1 </weights>

	<meta><key>label</key><value>support-bar-back</value></meta>

	<meta><key>parentLabel</key><value>support</value></meta>
</node>

<node>
	<id>part08</id>
	<type>CURVE</type>
	<mesh>meshes/part08.obj</mesh>

	<controls>
		<c>6</c>
	</controls>

	<point>0.687622 0.369986 0.46149</point>
	<point>0.687622 0.369986 0.504655</point>
	<point>0.687622 0.369986 0.547821</point>
	<point>0.687622 0.369986 0.590988</point>
	<point>0.687622 0.369986 0.634153</point>
	<point>0.687622 0.369986 0.677318</point>

	<weights>1 1 1 1 1 1 </weights>

	<meta><key>label</key><value>support-bar-back</value></meta>

	<meta><key>parentLabel</key><value>support</value></meta>
</node>

<node>
	<id>part09</id>
	<type>CURVE</type>
	<mesh>meshes/part09.obj</mesh>

	<controls>
		<c>6</c>
	</controls>

	<point>0.687622 -0.270894 0.46149</point>
	<point>0.687622 -0.270894 0.504655</point>
	<point>0.687622 -0.270894 0.547821</point>
	<point>0.687622 -0.270894 0.590988</point>
	<point>0.687622 -0.270894 0.634153</point>
	<point>0.687622 -0.270894 0.677318</point>

	<weights>1 1 1 1 1 1 </weights>

	<meta><key>label</key><value>support-bar-back</value></meta>

	<meta><key>parentLabel</key><value>support</value></meta>
</node>

<node>
	<id>part12</id>
	<type>CURVE</type>
	<mesh>meshes/part12.obj</mesh>

	<controls>
		<c>6</c>
	</controls>

	<point>0.687622 0.11405 0.46149</point>
	<point>0.687622 0.11405 0.504655</point>
	<point>0.687622 0.11405 0.547821</point>
	<point>0.687622 0.11405 0.590988</point>
	<point>0.687622 0.11405 0.634153</point>
	<point>0.687622 0.11405 0.677318</point>

	<weights>1 1 1 1 1 1 </weights>

	<meta><key>label</key><value>support-bar-back</value></meta>

	<meta><key>parentLabel</key><value>support</value></meta>
</node>

<node>
	<id>part03</id>
	<type>CURVE</type>
	<mesh>meshes/part03.obj</mesh>

	<controls>
		<c>6</c>
	</controls>

	<point>0.687622 -0.110674 0.46149</point>
	<point>0.687622 -0.110674 0.504655</point>
	<point>0.687622 -0.110674 0.547821</point>
	<point>0.687622 -0.110674 0.590988</point>
	<point>0.687622 -0.110674 0.634153</point>
	<point>0.687622 -0.110674 0.677318</point>

	<weights>1 1 1 1 1 1 </weights>

	<meta><key>label</key><value>support-bar-back</value></meta>

	<meta><key>parentLabel</key><value>support</value></meta>
</node>

<node>
	<id>part04</id>
	<type>CURVE</type>
	<mesh>meshes/part04.obj</mesh>

	<controls>
		<c>6</c>
	</controls>

	<point>0.687622 -0.0513716 0.46149</point>
	<point>0.687622 -0.0513716 0.504655</point>
	<point>0.687622 -0.0513716 0.547821</point>
	<point>0.687622 -0.0513716 0.590988</point>
	<point>0.687622 -0.0513716 0.634153</point>
	<point>0.687622 -0.0513716 0.677318</point>

	<weights>1 1 1 1 1 1 </weights>

	<meta><key>label</key><value>support-bar-back</value></meta>

	<meta><key>parentLabel</key><value>support</value></meta>
</node>

<node>
	<id>part02</id>
	<type>CURVE</type>
	<mesh>meshes/part02.obj</mesh>

	<controls>
		<c>6</c>
	</controls>

	<point>0.687622 -0.165815 0.46149</point>
	<point>0.687622 -0.165815 0.504655</point>
	<point>0.687622 -0.165815 0.547821</point>
	<point>0.687622 -0.165815 0.590988</point>
	<point>0.687622 -0.165815 0.634153</point>
	<point>0.687622 -0.165815 0.677318</point>

	<weights>1 1 1 1 1 1 </weights>

	<meta><key>label</key><value>support-bar-back</value></meta>

	<meta><key>parentLabel</key><value>support</value></meta>
</node>

<node>
	<id>part06</id>
	<type>CURVE</type>
	<mesh>meshes/part06.obj</mesh>

	<controls>
		<c>6</c>
	</controls>

	<point>0.687622 -0.217834 0.46149</point>
	<point>0.687622 -0.217834 0.504655</point>
	<point>0.687622 -0.217834 0.547821</point>
	<point>0.687622 -0.217834 0.590988</point>
	<point>0.687622 -0.217834 0.634153</point>
	<point>0.687622 -0.217834 0.677318</point>

	<weights>1 1 1 1 1 1 </weights>

	<meta><key>label</key><value>support-bar-back</value></meta>

	<meta><key>parentLabel</key><value>support</value></meta>
</node>

<node>
	<id>part10</id>
	<type>CURVE</type>
	<mesh>meshes/part10.obj</mesh>

	<controls>
		<c>6</c>
	</controls>

	<point>0.687622 -0.369731 0.46149</point>
	<point>0.687622 -0.369731 0.504655</point>
	<point>0.687622 -0.369731 0.547821</point>
	<point>0.687622 -0.369731 0.590988</point>
	<point>0.687622 -0.369731 0.634153</point>
	<point>0.687622 -0.369731 0.677318</point>

	<weights>1 1 1 1 1 1 </weights>

	<meta><key>label</key><value>support-bar-back</value></meta>

	<meta><key>parentLabel</key><value>support</value></meta>
</node>

<node>
	<id>part11</id>
	<type>CURVE</type>
	<mesh>meshes/part11.obj</mesh>

	<controls>
		<c>6</c>
	</controls>

	<point>0.687622 0.468823 0.46149</point>
	<point>0.687622 0.468823 0.504655</point>
	<point>0.687622 0.468823 0.547821</point>
	<point>0.687622 0.468823 0.590988</point>
	<point>0.687622 0.468823 0.634153</point>
	<point>0.687622 0.468823 0.677318</point>

	<weights>1 1 1 1 1 1 </weights>

	<meta><key>label</key><value>support-bar-back</value></meta>

	<meta><key>parentLabel</key><value>support</value></meta>
</node>

<node>
	<id>part01</id>
	<type>CURVE</type>
	<mesh>meshes/part01.obj</mesh>

	<controls>
		<c>6</c>
	</controls>

	<point>0.687622 0.324209 0.46149</point>
	<point>0.687622 0.324209 0.504655</point>
	<point>0.687622 0.324209 0.547821</point>
	<point>0.687622 0.324209 0.590988</point>
	<point>0.687622 0.324209 0.634153</point>
	<point>0.687622 0.324209 0.677318</point>

	<weights>1 1 1 1 1 1 </weights>

	<meta><key>label</key><value>support-bar-back</value></meta>

	<meta><key>parentLabel</key><value>support</value></meta>
</node>

<node>
	<id>part05</id>
	<type>CURVE</type>
	<mesh>meshes/part05.obj</mesh>

	<controls>
		<c>6</c>
	</controls>

	<point>0.687622 0.272189 0.46149</point>
	<point>0.687622 0.272189 0.504655</point>
	<point>0.687622 0.272189 0.547821</point>
	<point>0.687622 0.272189 0.590988</point>
	<point>0.687622 0.272189 0.634153</point>
	<point>0.687622 0.272189 0.677318</point>

	<weights>1 1 1 1 1 1 </weights>

	<meta><key>label</key><value>support-bar-back</value></meta>

	<meta><key>parentLabel</key><value>support</value></meta>
</node>

<node>
	<id>mattress</id>
	<type>SHEET</type>
	<mesh>meshes/mattress.obj</mesh>

	<controls>
		<c>6</c>
		<c>5</c>
	</controls>

	<point>0.521521 0.395043 0.263098</point>
	<point>0.521521 0.195289 0.263098</point>
	<point>0.521521 -0.00446568 0.263098</point>
	<point>0.521521 -0.204221 0.263098</point>
	<point>0.521521 -0.403976 0.263098</point>
	<point>0.30845 0.395043 0.263098</point>
	<point>0.30845 0.195289 0.263098</point>
	<point>0.30845 -0.00446568 0.263098</point>
	<point>0.30845 -0.204221 0.263098</point>
	<point>0.30845 -0.403976 0.263098</point>
	<point>0.0953782 0.395043 0.263098</point>
	<point>0.0953782 0.195289 0.263098</point>
	<point>0.0953782 -0.00446568 0.263098</point>
	<point>0.0953782 -0.204221 0.263098</point>
	<point>0.0953782 -0.403976 0.263098</point>
	<point>-0.117694 0.395043 0.263098</point>
	<point>-0.117694 0.195289 0.263098</point>
	<point>-0.117694 -0.00446568 0.263098</point>
	<point>-0.117694 -0.204221 0.263098</point>
	<point>-0.117694 -0.403976 0.263098</point>
	<point>-0.330766 0.395043 0.263098</point>
	<point>-0.330766 0.195289 0.263098</point>
	<point>-0.330766 -0.00446568 0.263098</point>
	<point>-0.330766 -0.204221 0.263098</point>
	<point>-0.330766 -0.403976 0.263098</point>
	<point>-0.543837 0.395043 0.263098</point>
	<point>-0.543837 0.195289 0.263098</point>
	<point>-0.543837 -0.00446568 0.263098</point>
	<point>-0.543837 -0.204221 0.263098</point>
	<point>-0.543837 -0.403976 0.263098</point>

	<weights>1 1 1 1 1 1 1 1 1 1 1 1 1 1 1 1 1 1 1 1 1 1 1 1 1 1 1 1 1 1 </weights>

	<meta><key>label</key><value>mattress</value></meta>

	<meta><key>parentLabel</key><value>mattress</value></meta>
</node>

<node>
	<id>frame</id>
	<type>SHEET</type>
	<mesh>meshes/frame.obj</mesh>

	<controls>
		<c>6</c>
		<c>5</c>
	</controls>

	<point>0.54164 0.424947 0.177971</point>
	<point>0.54164 0.215133 0.177971</point>
	<point>0.54164 0.0053178 0.177971</point>
	<point>0.54164 -0.204497 0.177971</point>
	<point>0.54164 -0.414313 0.177971</point>
	<point>0.3191 0.424947 0.177971</point>
	<point>0.3191 0.215133 0.177971</point>
	<point>0.3191 0.0053178 0.177971</point>
	<point>0.3191 -0.204497 0.177971</point>
	<point>0.3191 -0.414313 0.177971</point>
	<point>0.0965611 0.424947 0.177971</point>
	<point>0.0965611 0.215133 0.177971</point>
	<point>0.0965611 0.0053178 0.177971</point>
	<point>0.0965611 -0.204497 0.177971</point>
	<point>0.0965611 -0.414313 0.177971</point>
	<point>-0.125979 0.424947 0.177971</point>
	<point>-0.125979 0.215133 0.177971</point>
	<point>-0.125979 0.0053178 0.177971</point>
	<point>-0.125979 -0.204497 0.177971</point>
	<point>-0.125979 -0.414313 0.177971</point>
	<point>-0.348519 0.424947 0.177971</point>
	<point>-0.348519 0.215133 0.177971</point>
	<point>-0.348519 0.0053178 0.177971</point>
	<point>-0.348519 -0.204497 0.177971</point>
	<point>-0.348519 -0.414313 0.177971</point>
	<point>-0.571059 0.424947 0.177971</point>
	<point>-0.571059 0.215133 0.177971</point>
	<point>-0.571059 0.0053178 0.177971</point>
	<point>-0.571059 -0.204497 0.177971</point>
	<point>-0.571059 -0.414313 0.177971</point>

	<weights>1 1 1 1 1 1 1 1 1 1 1 1 1 1 1 1 1 1 1 1 1 1 1 1 1 1 1 1 1 1 </weights>

	<meta><key>label</key><value>mattress-bar-right</value></meta>

	<meta><key>parentLabel</key><value>mattress</value></meta>
</node>

<edge>
	<id>mattress : part23</id>
	<type>POINT</type>

	<n>mattress</n>
	<n>part23</n>
	<coord>
		<uv>0 0 0 0</uv>
	</coord>
	<coord>
		<uv>0.280739 0 0 0</uv>
	</coord>
</edge>

<edge>
	<id>mattress : part24</id>
	<type>POINT</type>

	<n>mattress</n>
	<n>part24</n>
	<coord>
		<uv>0 1 0 0</uv>
	</coord>
	<coord>
		<uv>0.280739 0 0 0</uv>
	</coord>
</edge>

<edge>
	<id>mattress : part27</id>
	<type>POINT</type>

	<n>mattress</n>
	<n>part27</n>
	<coord>
		<uv>1 1 0 0</uv>
	</coord>
	<coord>
		<uv>0.501965 0 0 0</uv>
	</coord>
</edge>

<edge>
	<id>mattress : part26</id>
	<type>POINT</type>

	<n>mattress</n>
	<n>part26</n>
	<coord>
		<uv>1 0 0 0</uv>
	</coord>
	<coord>
		<uv>0.501965 0 0 0</uv>
	</coord>
</edge>

<edge>
	<id>frame : part23</id>
	<type>POINT</type>

	<n>frame</n>
	<n>part23</n>
	<coord>
		<uv>0 0 0 0</uv>
	</coord>
	<coord>
		<uv>0.172197 0 0 0</uv>
	</coord>
</edge>

<edge>
	<id>frame : part24</id>
	<type>POINT</type>

	<n>frame</n>
	<n>part24</n>
	<coord>
		<uv>0 1 0 0</uv>
	</coord>
	<coord>
		<uv>0.172197 0 0 0</uv>
	</coord>
</edge>

<edge>
	<id>frame : part27</id>
	<type>POINT</type>

	<n>frame</n>
	<n>part27</n>
	<coord>
		<uv>1 1 0 0</uv>
	</coord>
	<coord>
		<uv>0.273908 0 0 0</uv>
	</coord>
</edge>

<edge>
	<id>frame : part26</id>
	<type>POINT</type>

	<n>frame</n>
	<n>part26</n>
	<coord>
		<uv>1 0 0 0</uv>
	</coord>
	<coord>
		<uv>0.273908 0 0 0</uv>
	</coord>
</edge>

<edge>
	<id>part28 : part27</id>
	<type>POINT</type>

	<n>part28</n>
	<n>part27</n>
	<coord>
		<uv>0 0 0 0</uv>
	</coord>
	<coord>
		<uv>0.668303 0 0 0</uv>
	</coord>
</edge>

<edge>
	<id>part28 : part26</id>
	<type>POINT</type>

	<n>part28</n>
	<n>part26</n>
	<coord>
		<uv>1 0 0 0</uv>
	</coord>
	<coord>
		<uv>0.668303 0 0 0</uv>
	</coord>
</edge>

<edge>
	<id>part22 : part23</id>
	<type>POINT</type>

	<n>part22</n>
	<n>part23</n>
	<coord>
		<uv>1 0 0 0</uv>
	</coord>
	<coord>
		<uv>0.994256 0 0 0</uv>
	</coord>
</edge>

<edge>
	<id>part22 : part24</id>
	<type>POINT</type>

	<n>part22</n>
	<n>part24</n>
	<coord>
		<uv>0 0 0 0</uv>
	</coord>
	<coord>
		<uv>0.994256 0 0 0</uv>
	</coord>
</edge>

<edge>
	<id>part25 : part23</id>
	<type>POINT</type>

	<n>part25</n>
	<n>part23</n>
	<coord>
		<uv>1 0 0 0</uv>
	</coord>
	<coord>
		<uv>0.319729 0 0 0</uv>
	</coord>
</edge>

<edge>
	<id>part25 : part24</id>
	<type>POINT</type>

	<n>part25</n>
	<n>part24</n>
	<coord>
		<uv>0 0 0 0</uv>
	</coord>
	<coord>
		<uv>0.319729 0 0 0</uv>
	</coord>
</edge>

<edge>
	<id>part25 : part16</id>
	<type>POINT</type>

	<n>part25</n>
	<n>part16</n>
	<coord>
		<uv>0.511938 0 0 0</uv>
	</coord>
	<coord>
		<uv>0 0 0 0</uv>
	</coord>
</edge>

<edge>
	<id>part25 : part17</id>
	<type>POINT</type>

	<n>part25</n>
	<n>part17</n>
	<coord>
		<uv>0.982403 0 0 0</uv>
	</coord>
	<coord>
		<uv>0 0 0 0</uv>
	</coord>
</edge>

<edge>
	<id>part25 : part15</id>
	<type>POINT</type>

	<n>part25</n>
	<n>part15</n>
	<coord>
		<uv>0.757547 0 0 0</uv>
	</coord>
	<coord>
		<uv>0 0 0 0</uv>
	</coord>
</edge>

<edge>
	<id>part25 : part20</id>
	<type>POINT</type>

	<n>part25</n>
	<n>part20</n>
	<coord>
		<uv>0.0913952 0 0 0</uv>
	</coord>
	<coord>
		<uv>0 0 0 0</uv>
	</coord>
</edge>

<edge>
	<id>part25 : part14</id>
	<type>POINT</type>

	<n>part25</n>
	<n>part14</n>
	<coord>
		<uv>0 0 0 0</uv>
	</coord>
	<coord>
		<uv>0 0 0 0</uv>
	</coord>
</edge>

<edge>
	<id>part25 : part07</id>
	<type>POINT</type>

	<n>part25</n>
	<n>part07</n>
	<coord>
		<uv>0.819424 0 0 0</uv>
	</coord>
	<coord>
		<uv>0 0 0 0</uv>
	</coord>
</edge>

<edge>
	<id>part25 : part08</id>
	<type>POINT</type>

	<n>part25</n>
	<n>part08</n>
	<coord>
		<uv>0.947428 0 0 0</uv>
	</coord>
	<coord>
		<uv>0 0 0 0</uv>
	</coord>
</edge>

<edge>
	<id>part25 : part09</id>
	<type>POINT</type>

	<n>part25</n>
	<n>part09</n>
	<coord>
		<uv>0.135813 0 0 0</uv>
	</coord>
	<coord>
		<uv>0 0 0 0</uv>
	</coord>
</edge>

<edge>
	<id>part25 : part12</id>
	<type>POINT</type>

	<n>part25</n>
	<n>part12</n>
	<coord>
		<uv>0.678929 0 0 0</uv>
	</coord>
	<coord>
		<uv>0 0 0 0</uv>
	</coord>
</edge>

<edge>
	<id>part25 : part03</id>
	<type>POINT</type>

	<n>part25</n>
	<n>part03</n>
	<coord>
		<uv>0.323554 0 0 0</uv>
	</coord>
	<coord>
		<uv>0 0 0 0</uv>
	</coord>
</edge>

<edge>
	<id>part25 : part04</id>
	<type>POINT</type>

	<n>part25</n>
	<n>part04</n>
	<coord>
		<uv>0.41574 0 0 0</uv>
	</coord>
	<coord>
		<uv>0 0 0 0</uv>
	</coord>
</edge>

<edge>
	<id>part25 : part02</id>
	<type>POINT</type>

	<n>part25</n>
	<n>part02</n>
	<coord>
		<uv>0.250051 0 0 0</uv>
	</coord>
	<coord>
		<uv>0 0 0 0</uv>
	</coord>
</edge>

<edge>
	<id>part25 : part06</id>
	<type>POINT</type>

	<n>part25</n>
	<n>part06</n>
	<coord>
		<uv>0.188735 0 0 0</uv>
	</coord>
	<coord>
		<uv>0 0 0 0</uv>
	</coord>
</edge>

<edge>
	<id>part25 : part10</id>
	<type>POINT</type>

	<n>part25</n>
	<n>part10</n>
	<coord>
		<uv>0.0526625 0 0 0</uv>
	</coord>
	<coord>
		<uv>0 0 0 0</uv>
	</coord>
</edge>

<edge>
	<id>part25 : part11</id>
	<type>POINT</type>

	<n>part25</n>
	<n>part11</n>
	<coord>
		<uv>1 0 0 0</uv>
	</coord>
	<coord>
		<uv>0 0 0 0</uv>
	</coord>
</edge>

<edge>
	<id>part25 : part01</id>
	<type>POINT</type>

	<n>part25</n>
	<n>part01</n>
	<coord>
		<uv>0.913468 0 0 0</uv>
	</coord>
	<coord>
		<uv>0 0 0 0</uv>
	</coord>
</edge>

<edge>
	<id>part25 : part05</id>
	<type>POINT</type>

	<n>part25</n>
	<n>part05</n>
	<coord>
		<uv>0.864785 0 0 0</uv>
	</coord>
	<coord>
		<uv>0 0 0 0</uv>
	</coord>
</edge>

<edge>
	<id>part25 : part19</id>
	<type>POINT</type>

	<n>part25</n>
	<n>part19</n>
	<coord>
		<uv>0.597994 0 0 0</uv>
	</coord>
	<coord>
		<uv>0 0 0 0</uv>
	</coord>
</edge>

<edge>
	<id>part25 : part13</id>
	<type>POINT</type>

	<n>part25</n>
	<n>part13</n>
	<coord>
		<uv>0.01768 0 0 0</uv>
	</coord>
	<coord>
		<uv>0 0 0 0</uv>
	</coord>
</edge>

<edge>
	<id>part22 : part16</id>
	<type>POINT</type>

	<n>part22</n>
	<n>part16</n>
	<coord>
		<uv>0.511938 0 0 0</uv>
	</coord>
	<coord>
		<uv>1 0 0 0</uv>
	</coord>
</edge>

<edge>
	<id>part22 : part17</id>
	<type>POINT</type>

	<n>part22</n>
	<n>part17</n>
	<coord>
		<uv>0.982403 0 0 0</uv>
	</coord>
	<coord>
		<uv>1 0 0 0</uv>
	</coord>
</edge>

<edge>
	<id>part22 : part15</id>
	<type>POINT</type>

	<n>part22</n>
	<n>part15</n>
	<coord>
		<uv>0.757547 0 0 0</uv>
	</coord>
	<coord>
		<uv>1 0 0 0</uv>
	</coord>
</edge>

<edge>
	<id>part22 : part20</id>
	<type>POINT</type>

	<n>part22</n>
	<n>part20</n>
	<coord>
		<uv>0.0913952 0 0 0</uv>
	</coord>
	<coord>
		<uv>1 0 0 0</uv>
	</coord>
</edge>

<edge>
	<id>part22 : part14</id>
	<type>POINT</type>

	<n>part22</n>
	<n>part14</n>
	<coord>
		<uv>0 0 0 0</uv>
	</coord>
	<coord>
		<uv>1 0 0 0</uv>
	</coord>
</edge>

<edge>
	<id>part22 : part07</id>
	<type>POINT</type>

	<n>part22</n>
	<n>part07</n>
	<coord>
		<uv>0.819424 0 0 0</uv>
	</coord>
	<coord>
		<uv>1 0 0 0</uv>
	</coord>
</edge>

<edge>
	<id>part22 : part08</id>
	<type>POINT</type>

	<n>part22</n>
	<n>part08</n>
	<coord>
		<uv>0.947428 0 0 0</uv>
	</coord>
	<coord>
		<uv>1 0 0 0</uv>
	</coord>
</edge>

<edge>
	<id>part22 : part09</id>
	<type>POINT</type>

	<n>part22</n>
	<n>part09</n>
	<coord>
		<uv>0.135813 0 0 0</uv>
	</coord>
	<coord>
		<uv>1 0 0 0</uv>
	</coord>
</edge>

<edge>
	<id>part22 : part12</id>
	<type>POINT</type>

	<n>part22</n>
	<n>part12</n>
	<coord>
		<uv>0.678929 0 0 0</uv>
	</coord>
	<coord>
		<uv>1 0 0 0</uv>
	</coord>
</edge>

<edge>
	<id>part22 : part03</id>
	<type>POINT</type>

	<n>part22</n>
	<n>part03</n>
	<coord>
		<uv>0.323554 0 0 0</uv>
	</coord>
	<coord>
		<uv>1 0 0 0</uv>
	</coord>
</edge>

<edge>
	<id>part22 : part04</id>
	<type>POINT</type>

	<n>part22</n>
	<n>part04</n>
	<coord>
		<uv>0.41574 0 0 0</uv>
	</coord>
	<coord>
		<uv>1 0 0 0</uv>
	</coord>
</edge>

<edge>
	<id>part22 : part02</id>
	<type>POINT</type>

	<n>part22</n>
	<n>part02</n>
	<coord>
		<uv>0.250051 0 0 0</uv>
	</coord>
	<coord>
		<uv>1 0 0 0</uv>
	</coord>
</edge>

<edge>
	<id>part22 : part06</id>
	<type>POINT</type>

	<n>part22</n>
	<n>part06</n>
	<coord>
		<uv>0.188735 0 0 0</uv>
	</coord>
	<coord>
		<uv>1 0 0 0</uv>
	</coord>
</edge>

<edge>
	<id>part22 : part10</id>
	<type>POINT</type>

	<n>part22</n>
	<n>part10</n>
	<coord>
		<uv>0.0526625 0 0 0</uv>
	</coord>
	<coord>
		<uv>1 0 0 0</uv>
	</coord>
</edge>

<edge>
	<id>part22 : part11</id>
	<type>POINT</type>

	<n>part22</n>
	<n>part11</n>
	<coord>
		<uv>1 0 0 0</uv>
	</coord>
	<coord>
		<uv>1 0 0 0</uv>
	</coord>
</edge>

<edge>
	<id>part22 : part01</id>
	<type>POINT</type>

	<n>part22</n>
	<n>part01</n>
	<coord>
		<uv>0.913468 0 0 0</uv>
	</coord>
	<coord>
		<uv>1 0 0 0</uv>
	</coord>
</edge>

<edge>
	<id>part22 : part05</id>
	<type>POINT</type>

	<n>part22</n>
	<n>part05</n>
	<coord>
		<uv>0.864785 0 0 0</uv>
	</coord>
	<coord>
		<uv>1 0 0 0</uv>
	</coord>
</edge>

<edge>
	<id>part22 : part19</id>
	<type>POINT</type>

	<n>part22</n>
	<n>part19</n>
	<coord>
		<uv>0.597994 0 0 0</uv>
	</coord>
	<coord>
		<uv>1 0 0 0</uv>
	</coord>
</edge>

<edge>
	<id>part22 : part13</id>
	<type>POINT</type>

	<n>part22</n>
	<n>part13</n>
	<coord>
		<uv>0.01768 0 0 0</uv>
	</coord>
	<coord>
		<uv>1 0 0 0</uv>
	</coord>
</edge>

<group>
	<n>part19</n>
	<n>part16</n>
	<n>part17</n>
	<n>part15</n>
	<n>part20</n>
	<n>part14</n>
	<n>part07</n>
	<n>part08</n>
	<n>part09</n>
	<n>part12</n>
	<n>part03</n>
	<n>part04</n>
	<n>part02</n>
	<n>part06</n>
	<n>part10</n>
	<n>part11</n>
	<n>part01</n>
	<n>part05</n>
	<n>part13</n>
</group>

<group>
	<n>part27</n>
	<n>part26</n>
</group>

<group>
	<n>part23</n>
	<n>part24</n>
</group>


</document>
