<?xml version="1.0" encoding="UTF-8" ?>
<document>
<node>
	<id>obj01</id>
	<type>CURVE</type>
	<mesh>meshes/obj01.obj</mesh>

	<controls>
		<c>6</c>
	</controls>

	<point>0.254762 0.0706161 0.162639</point>
	<point>0.254535 0.150044 0.130111</point>
	<point>0.254308 0.229468 0.097583</point>
	<point>0.254081 0.308896 0.0650553</point>
	<point>0.253854 0.38832 0.0325277</point>
	<point>0.253627 0.467748 2.28829e-17</point>

	<weights>1 1 1 1 1 1 </weights>

	<meta><key>label</key><value>leg-back-left</value></meta>

	<meta><key>parentLabel</key><value>leg</value></meta>
</node>

<node>
	<id>obj02</id>
	<type>CURVE</type>
	<mesh>meshes/obj02.obj</mesh>

	<controls>
		<c>6</c>
	</controls>

	<point>-0.285525 -0.337361 0.00155691</point>
	<point>-0.291928 -0.340845 0.100131</point>
	<point>-0.298327 -0.344329 0.198705</point>
	<point>-0.304727 -0.347813 0.297281</point>
	<point>-0.311127 -0.351296 0.395853</point>
	<point>-0.317527 -0.35478 0.494428</point>

	<weights>1 1 1 1 1 1 </weights>

	<meta><key>label</key><value>leg-front-right</value></meta>

	<meta><key>parentLabel</key><value>leg</value></meta>
</node>

<node>
	<id>obj03</id>
	<type>CURVE</type>
	<mesh>meshes/obj03.obj</mesh>

	<controls>
		<c>6</c>
	</controls>

	<point>-0.204025 0.0773147 0.219844</point>
	<point>-0.204989 0.113047 0.339974</point>
	<point>-0.205951 0.148779 0.460106</point>
	<point>-0.206914 0.18451 0.580235</point>
	<point>-0.207877 0.220242 0.700366</point>
	<point>-0.208839 0.255974 0.820496</point>

	<weights>1 1 1 1 1 1 </weights>

	<meta><key>label</key><value>back-bar-right</value></meta>

	<meta><key>parentLabel</key><value>back</value></meta>
</node>

<node>
	<id>obj04</id>
	<type>CURVE</type>
	<mesh>meshes/obj04.obj</mesh>

	<controls>
		<c>6</c>
	</controls>

	<point>-0.243968 0.0987013 0.19514</point>
	<point>-0.146511 0.0991831 0.194573</point>
	<point>-0.0490536 0.0996649 0.194005</point>
	<point>0.0484041 0.100149 0.193438</point>
	<point>0.145862 0.100631 0.19287</point>
	<point>0.243319 0.101113 0.192303</point>

	<weights>1 1 1 1 1 1 </weights>

	<meta><key>label</key><value>leg-bar-back</value></meta>

	<meta><key>parentLabel</key><value>leg</value></meta>
</node>

<node>
	<id>obj05</id>
	<type>CURVE</type>
	<mesh>meshes/obj05.obj</mesh>

	<controls>
		<c>6</c>
	</controls>

	<point>-0.328079 -0.473998 0.509521</point>
	<point>-0.328335 -0.336939 0.50975</point>
	<point>-0.32859 -0.199879 0.509979</point>
	<point>-0.328845 -0.062819 0.510209</point>
	<point>-0.329102 0.0742411 0.510435</point>
	<point>-0.329357 0.211302 0.510665</point>

	<weights>1 1 1 1 1 1 </weights>

	<meta><key>label</key><value>armrest-right</value></meta>

	<meta><key>parentLabel</key><value>armrest</value></meta>
</node>

<node>
	<id>obj06</id>
	<type>CURVE</type>
	<mesh>meshes/obj06.obj</mesh>

	<controls>
		<c>6</c>
	</controls>

	<point>-0.243932 -0.13406 0.253856</point>
	<point>-0.146489 -0.133772 0.253454</point>
	<point>-0.0490461 -0.133485 0.253052</point>
	<point>0.0483967 -0.133197 0.25265</point>
	<point>0.14584 -0.132909 0.252248</point>
	<point>0.243282 -0.132621 0.251846</point>

	<weights>1 1 1 1 1 1 </weights>

	<meta><key>label</key><value>seat</value></meta>

	<meta><key>parentLabel</key><value>seat</value></meta>
</node>

<node>
	<id>obj07</id>
	<type>CURVE</type>
	<mesh>meshes/obj07.obj</mesh>

	<controls>
		<c>6</c>
	</controls>

	<point>0.183108 0.0716364 0.220249</point>
	<point>0.192086 0.10929 0.339119</point>
	<point>0.201064 0.146942 0.457988</point>
	<point>0.210042 0.184595 0.576857</point>
	<point>0.219021 0.222247 0.695726</point>
	<point>0.227999 0.259898 0.814596</point>

	<weights>1 1 1 1 1 1 </weights>

	<meta><key>label</key><value>back-bar-left</value></meta>

	<meta><key>parentLabel</key><value>back</value></meta>
</node>

<node>
	<id>obj08</id>
	<type>CURVE</type>
	<mesh>meshes/obj08.obj</mesh>

	<controls>
		<c>6</c>
	</controls>

	<point>-0.244012 0.00306306 0.211532</point>
	<point>-0.146537 0.00381228 0.212089</point>
	<point>-0.0490621 0.00456175 0.212647</point>
	<point>0.0484127 0.00531122 0.213204</point>
	<point>0.145888 0.00606069 0.213761</point>
	<point>0.243363 0.0068099 0.214318</point>

	<weights>1 1 1 1 1 1 </weights>

	<meta><key>label</key><value>seat</value></meta>

	<meta><key>parentLabel</key><value>seat</value></meta>
</node>

<node>
	<id>obj09</id>
	<type>CURVE</type>
	<mesh>meshes/obj09.obj</mesh>

	<controls>
		<c>6</c>
	</controls>

	<point>-0.243888 -0.201116 0.273959</point>
	<point>-0.146463 -0.200791 0.274194</point>
	<point>-0.0490376 -0.200467 0.274428</point>
	<point>0.0483877 -0.200141 0.27466</point>
	<point>0.145813 -0.199817 0.274894</point>
	<point>0.243238 -0.199492 0.275129</point>

	<weights>1 1 1 1 1 1 </weights>

	<meta><key>label</key><value>seat</value></meta>

	<meta><key>parentLabel</key><value>seat</value></meta>
</node>

<node>
	<id>obj10</id>
	<type>CURVE</type>
	<mesh>meshes/obj10.obj</mesh>

	<controls>
		<c>6</c>
	</controls>

	<point>-0.0925999 0.313858 0.989486</point>
	<point>-0.0965724 0.266032 0.83758</point>
	<point>-0.100545 0.218204 0.685671</point>
	<point>-0.104518 0.170379 0.533762</point>
	<point>-0.10849 0.122553 0.381856</point>
	<point>-0.112463 0.0747281 0.229946</point>

	<weights>1 1 1 1 1 1 </weights>

	<meta><key>label</key><value>back-bar</value></meta>

	<meta><key>parentLabel</key><value>back</value></meta>
</node>

<node>
	<id>obj11</id>
	<type>CURVE</type>
	<mesh>meshes/obj11.obj</mesh>

	<controls>
		<c>6</c>
	</controls>

	<point>-0.244102 -0.266425 0.296119</point>
	<point>-0.146591 -0.267069 0.297103</point>
	<point>-0.0490804 -0.267713 0.298084</point>
	<point>0.0484305 -0.268358 0.299066</point>
	<point>0.145941 -0.269001 0.30005</point>
	<point>0.243452 -0.269645 0.301034</point>

	<weights>1 1 1 1 1 1 </weights>

	<meta><key>label</key><value>seat</value></meta>

	<meta><key>parentLabel</key><value>seat</value></meta>
</node>

<node>
	<id>obj12</id>
	<type>CURVE</type>
	<mesh>meshes/obj12.obj</mesh>

	<controls>
		<c>6</c>
	</controls>

	<point>-0.243793 -0.342301 0.314135</point>
	<point>-0.146406 -0.342301 0.314135</point>
	<point>-0.0490186 -0.342301 0.314135</point>
	<point>0.0483688 -0.342301 0.314135</point>
	<point>0.145756 -0.342301 0.314135</point>
	<point>0.243143 -0.342301 0.314135</point>

	<weights>1 1 1 1 1 1 </weights>

	<meta><key>label</key><value>seat</value></meta>

	<meta><key>parentLabel</key><value>seat</value></meta>
</node>

<node>
	<id>obj13</id>
	<type>CURVE</type>
	<mesh>meshes/obj13.obj</mesh>

	<controls>
		<c>6</c>
	</controls>

	<point>0.329357 -0.474019 0.510224</point>
	<point>0.329329 -0.336942 0.51016</point>
	<point>0.329301 -0.199865 0.510095</point>
	<point>0.32927 -0.0627875 0.510031</point>
	<point>0.329241 0.0742901 0.509966</point>
	<point>0.329213 0.211367 0.509899</point>

	<weights>1 1 1 1 1 1 </weights>

	<meta><key>label</key><value>armrest-left</value></meta>

	<meta><key>parentLabel</key><value>armrest</value></meta>
</node>

<node>
	<id>obj14</id>
	<type>CURVE</type>
	<mesh>meshes/obj14.obj</mesh>

	<controls>
		<c>6</c>
	</controls>

	<point>0.000235739 0.316978 1</point>
	<point>1.31396e-05 0.268598 0.846249</point>
	<point>-0.00020946 0.220217 0.692498</point>
	<point>-0.00043206 0.171837 0.538747</point>
	<point>-0.000654659 0.123455 0.384996</point>
	<point>-0.000877259 0.0750759 0.231246</point>

	<weights>1 1 1 1 1 1 </weights>

	<meta><key>label</key><value>back-bar</value></meta>

	<meta><key>parentLabel</key><value>back</value></meta>
</node>

<node>
	<id>obj15</id>
	<type>CURVE</type>
	<mesh>meshes/obj15.obj</mesh>

	<controls>
		<c>6</c>
	</controls>

	<point>-0.244007 -0.066868 0.234185</point>
	<point>-0.146533 -0.0664066 0.233552</point>
	<point>-0.0490611 -0.0659452 0.232919</point>
	<point>0.0484115 -0.0654837 0.232285</point>
	<point>0.145884 -0.0650225 0.231651</point>
	<point>0.243356 -0.0645611 0.231018</point>

	<weights>1 1 1 1 1 1 </weights>

	<meta><key>label</key><value>seat</value></meta>

	<meta><key>parentLabel</key><value>seat</value></meta>
</node>

<node>
	<id>obj16</id>
	<type>CURVE</type>
	<mesh>meshes/obj16.obj</mesh>

	<controls>
		<c>6</c>
	</controls>

	<point>0.101787 0.313724 0.988842</point>
	<point>0.102126 0.265922 0.837209</point>
	<point>0.102465 0.218117 0.685578</point>
	<point>0.102803 0.170315 0.533947</point>
	<point>0.103142 0.12251 0.382317</point>
	<point>0.103481 0.0747074 0.230685</point>

	<weights>1 1 1 1 1 1 </weights>

	<meta><key>label</key><value>back-bar</value></meta>

	<meta><key>parentLabel</key><value>back</value></meta>
</node>

<node>
	<id>obj17</id>
	<type>CURVE</type>
	<mesh>meshes/obj17.obj</mesh>

	<controls>
		<c>6</c>
	</controls>

	<point>-0.243806 -0.385215 0.278702</point>
	<point>-0.146413 -0.385081 0.278705</point>
	<point>-0.0490209 -0.384947 0.278707</point>
	<point>0.0483712 -0.384812 0.27871</point>
	<point>0.145763 -0.384678 0.278713</point>
	<point>0.243156 -0.384544 0.278718</point>

	<weights>1 1 1 1 1 1 </weights>

	<meta><key>label</key><value>leg-bar-front</value></meta>

	<meta><key>parentLabel</key><value>leg</value></meta>
</node>

<node>
	<id>obj18</id>
	<type>CURVE</type>
	<mesh>meshes/obj18.obj</mesh>

	<controls>
		<c>6</c>
	</controls>

	<point>-0.255613 0.041277 0.136037</point>
	<point>-0.255253 -0.0378476 0.167635</point>
	<point>-0.254892 -0.116972 0.199233</point>
	<point>-0.254534 -0.196097 0.230833</point>
	<point>-0.254173 -0.275221 0.26243</point>
	<point>-0.253815 -0.354346 0.294029</point>

	<weights>1 1 1 1 1 1 </weights>

	<meta><key>label</key><value>leg-bar-right</value></meta>

	<meta><key>parentLabel</key><value>leg</value></meta>
</node>

<node>
	<id>obj19</id>
	<type>CURVE</type>
	<mesh>meshes/obj19.obj</mesh>

	<controls>
		<c>6</c>
	</controls>

	<point>0.252682 0.0437254 0.145389</point>
	<point>0.253309 -0.0365035 0.173356</point>
	<point>0.253937 -0.116732 0.201323</point>
	<point>0.254564 -0.196961 0.22929</point>
	<point>0.255192 -0.27719 0.257257</point>
	<point>0.255819 -0.357419 0.285223</point>

	<weights>1 1 1 1 1 1 </weights>

	<meta><key>label</key><value>leg-bar-left</value></meta>

	<meta><key>parentLabel</key><value>leg</value></meta>
</node>

<node>
	<id>obj20</id>
	<type>CURVE</type>
	<mesh>meshes/obj20.obj</mesh>

	<controls>
		<c>6</c>
	</controls>

	<point>-0.256044 0.0662904 0.13579</point>
	<point>-0.255495 0.147836 0.114925</point>
	<point>-0.254949 0.229381 0.09406</point>
	<point>-0.254403 0.310928 0.0731944</point>
	<point>-0.253854 0.392474 0.0523296</point>
	<point>-0.253308 0.474019 0.0314642</point>

	<weights>1 1 1 1 1 1 </weights>

	<meta><key>label</key><value>leg-back-right</value></meta>

	<meta><key>parentLabel</key><value>leg</value></meta>
</node>

<node>
	<id>obj21</id>
	<type>CURVE</type>
	<mesh>meshes/obj21.obj</mesh>

	<controls>
		<c>6</c>
	</controls>

	<point>0.305825 -0.3694 0.00184637</point>
	<point>0.307703 -0.365945 0.0997595</point>
	<point>0.309581 -0.362492 0.197672</point>
	<point>0.311457 -0.359038 0.295585</point>
	<point>0.313335 -0.355585 0.393498</point>
	<point>0.315213 -0.35213 0.491411</point>

	<weights>1 1 1 1 1 1 </weights>

	<meta><key>label</key><value>leg-front-left</value></meta>

	<meta><key>parentLabel</key><value>leg</value></meta>
</node>

<edge>
	<id>obj21 : obj17</id>
	<type>POINT</type>

	<n>obj21</n>
	<n>obj17</n>
	<coord>
		<uv>0.58875 0 0 0</uv>
	</coord>
	<coord>
		<uv>1 0 0 0</uv>
	</coord>
</edge>

<edge>
	<id>obj21 : obj19</id>
	<type>POINT</type>

	<n>obj21</n>
	<n>obj19</n>
	<coord>
		<uv>0.608109 0 0 0</uv>
	</coord>
	<coord>
		<uv>1 0 0 0</uv>
	</coord>
</edge>

<edge>
	<id>obj21 : obj13</id>
	<type>POINT</type>

	<n>obj21</n>
	<n>obj13</n>
	<coord>
		<uv>1 0 0 0</uv>
	</coord>
	<coord>
		<uv>0.116961 0 0 0</uv>
	</coord>
</edge>

<edge>
	<id>obj02 : obj18</id>
	<type>POINT</type>

	<n>obj02</n>
	<n>obj18</n>
	<coord>
		<uv>0.62581 0 0 0</uv>
	</coord>
	<coord>
		<uv>0.994859 0 0 0</uv>
	</coord>
</edge>

<edge>
	<id>obj02 : obj17</id>
	<type>POINT</type>

	<n>obj02</n>
	<n>obj17</n>
	<coord>
		<uv>0.585948 0 0 0</uv>
	</coord>
	<coord>
		<uv>0 0 0 0</uv>
	</coord>
</edge>

<edge>
	<id>obj02 : obj05</id>
	<type>POINT</type>

	<n>obj02</n>
	<n>obj05</n>
	<coord>
		<uv>1 0 0 0</uv>
	</coord>
	<coord>
		<uv>0.115393 0 0 0</uv>
	</coord>
</edge>

<edge>
	<id>obj13 : obj07</id>
	<type>POINT</type>

	<n>obj13</n>
	<n>obj07</n>
	<coord>
		<uv>0.958449 0 0 0</uv>
	</coord>
	<coord>
		<uv>0.500228 0 0 0</uv>
	</coord>
</edge>

<edge>
	<id>obj03 : obj05</id>
	<type>POINT</type>

	<n>obj03</n>
	<n>obj05</n>
	<coord>
		<uv>0.488195 0 0 0</uv>
	</coord>
	<coord>
		<uv>0.958769 0 0 0</uv>
	</coord>
</edge>

<edge>
	<id>obj20 : obj18</id>
	<type>POINT</type>

	<n>obj20</n>
	<n>obj18</n>
	<coord>
		<uv>0 0 0 0</uv>
	</coord>
	<coord>
		<uv>0 0 0 0</uv>
	</coord>
</edge>

<edge>
	<id>obj20 : obj04</id>
	<type>POINT</type>

	<n>obj20</n>
	<n>obj04</n>
	<coord>
		<uv>0.0234499 0 0 0</uv>
	</coord>
	<coord>
		<uv>0 0 0 0</uv>
	</coord>
</edge>

<edge>
	<id>obj20 : obj03</id>
	<type>POINT</type>

	<n>obj20</n>
	<n>obj03</n>
	<coord>
		<uv>0 0 0 0</uv>
	</coord>
	<coord>
		<uv>0 0 0 0</uv>
	</coord>
</edge>

<edge>
	<id>obj01 : obj07</id>
	<type>POINT</type>

	<n>obj01</n>
	<n>obj07</n>
	<coord>
		<uv>0 0 0 0</uv>
	</coord>
	<coord>
		<uv>0 0 0 0</uv>
	</coord>
</edge>

<edge>
	<id>obj01 : obj04</id>
	<type>POINT</type>

	<n>obj01</n>
	<n>obj04</n>
	<coord>
		<uv>0.0233897 0 0 0</uv>
	</coord>
	<coord>
		<uv>1 0 0 0</uv>
	</coord>
</edge>

<edge>
	<id>obj01 : obj19</id>
	<type>POINT</type>

	<n>obj01</n>
	<n>obj19</n>
	<coord>
		<uv>0 0 0 0</uv>
	</coord>
	<coord>
		<uv>0 0 0 0</uv>
	</coord>
</edge>

<edge>
	<id>obj04 : obj07</id>
	<type>POINT</type>

	<n>obj04</n>
	<n>obj07</n>
	<coord>
		<uv>0.922296 0 0 0</uv>
	</coord>
	<coord>
		<uv>0 0 0 0</uv>
	</coord>
</edge>

<edge>
	<id>obj04 : obj03</id>
	<type>POINT</type>

	<n>obj04</n>
	<n>obj03</n>
	<coord>
		<uv>0.049274 0 0 0</uv>
	</coord>
	<coord>
		<uv>0 0 0 0</uv>
	</coord>
</edge>

<edge>
	<id>obj04 : obj10</id>
	<type>POINT</type>

	<n>obj04</n>
	<n>obj10</n>
	<coord>
		<uv>0.189671 0 0 0</uv>
	</coord>
	<coord>
		<uv>1 0 0 0</uv>
	</coord>
</edge>

<edge>
	<id>obj04 : obj14</id>
	<type>POINT</type>

	<n>obj04</n>
	<n>obj14</n>
	<coord>
		<uv>0.498641 0 0 0</uv>
	</coord>
	<coord>
		<uv>1 0 0 0</uv>
	</coord>
</edge>

<edge>
	<id>obj04 : obj16</id>
	<type>POINT</type>

	<n>obj04</n>
	<n>obj16</n>
	<coord>
		<uv>0.779543 0 0 0</uv>
	</coord>
	<coord>
		<uv>1 0 0 0</uv>
	</coord>
</edge>

<edge>
	<id>obj19 : obj08</id>
	<type>POINT</type>

	<n>obj19</n>
	<n>obj08</n>
	<coord>
		<uv>0.0816239 0 0 0</uv>
	</coord>
	<coord>
		<uv>1 0 0 0</uv>
	</coord>
</edge>

<edge>
	<id>obj19 : obj15</id>
	<type>POINT</type>

	<n>obj19</n>
	<n>obj15</n>
	<coord>
		<uv>0.230823 0 0 0</uv>
	</coord>
	<coord>
		<uv>1 0 0 0</uv>
	</coord>
</edge>

<edge>
	<id>obj19 : obj06</id>
	<type>POINT</type>

	<n>obj19</n>
	<n>obj06</n>
	<coord>
		<uv>0.450249 0 0 0</uv>
	</coord>
	<coord>
		<uv>1 0 0 0</uv>
	</coord>
</edge>

<edge>
	<id>obj19 : obj09</id>
	<type>POINT</type>

	<n>obj19</n>
	<n>obj09</n>
	<coord>
		<uv>0.688073 0 0 0</uv>
	</coord>
	<coord>
		<uv>1 0 0 0</uv>
	</coord>
</edge>

<edge>
	<id>obj19 : obj11</id>
	<type>POINT</type>

	<n>obj19</n>
	<n>obj11</n>
	<coord>
		<uv>0.884862 0 0 0</uv>
	</coord>
	<coord>
		<uv>1 0 0 0</uv>
	</coord>
</edge>

<edge>
	<id>obj19 : obj12</id>
	<type>POINT</type>

	<n>obj19</n>
	<n>obj12</n>
	<coord>
		<uv>0.9968 0 0 0</uv>
	</coord>
	<coord>
		<uv>1 0 0 0</uv>
	</coord>
</edge>

<edge>
	<id>obj18 : obj08</id>
	<type>POINT</type>

	<n>obj18</n>
	<n>obj08</n>
	<coord>
		<uv>0.102027 0 0 0</uv>
	</coord>
	<coord>
		<uv>0 0 0 0</uv>
	</coord>
</edge>

<edge>
	<id>obj18 : obj15</id>
	<type>POINT</type>

	<n>obj18</n>
	<n>obj15</n>
	<coord>
		<uv>0.262739 0 0 0</uv>
	</coord>
	<coord>
		<uv>0 0 0 0</uv>
	</coord>
</edge>

<edge>
	<id>obj18 : obj06</id>
	<type>POINT</type>

	<n>obj18</n>
	<n>obj06</n>
	<coord>
		<uv>0.488828 0 0 0</uv>
	</coord>
	<coord>
		<uv>0 0 0 0</uv>
	</coord>
</edge>

<edge>
	<id>obj18 : obj09</id>
	<type>POINT</type>

	<n>obj18</n>
	<n>obj09</n>
	<coord>
		<uv>0.719178 0 0 0</uv>
	</coord>
	<coord>
		<uv>0 0 0 0</uv>
	</coord>
</edge>

<edge>
	<id>obj18 : obj11</id>
	<type>POINT</type>

	<n>obj18</n>
	<n>obj11</n>
	<coord>
		<uv>0.865218 0 0 0</uv>
	</coord>
	<coord>
		<uv>0 0 0 0</uv>
	</coord>
</edge>

<edge>
	<id>obj18 : obj12</id>
	<type>POINT</type>

	<n>obj18</n>
	<n>obj12</n>
	<coord>
		<uv>0.997575 0 0 0</uv>
	</coord>
	<coord>
		<uv>0 0 0 0</uv>
	</coord>
</edge>

<group>
	<n>obj13</n>
	<n>obj05</n>
</group>

<group>
	<n>obj02</n>
	<n>obj21</n>
</group>

<group>
	<n>obj20</n>
	<n>obj01</n>
</group>

<group>
	<n>obj03</n>
	<n>obj07</n>
</group>

<group>
	<n>obj18</n>
	<n>obj19</n>
</group>

<group>
	<n>obj16</n>
	<n>obj10</n>
</group>

<group>
	<n>obj06</n>
	<n>obj08</n>
	<n>obj09</n>
	<n>obj11</n>
	<n>obj12</n>
	<n>obj15</n>
</group>


</document>
