<?xml version="1.0" encoding="UTF-8" ?>
<document>
<node>
	<id>ffff</id>
	<type>CURVE</type>
	<mesh>meshes/ffff.obj</mesh>

	<controls>
		<c>6</c>
	</controls>

	<point>0.00962086 -2.09408 0.429096</point>
	<point>0.00549413 -1.33087 0.424968</point>
	<point>0.00137586 -0.567655 0.420837</point>
	<point>-0.00275087 0.195553 0.416708</point>
	<point>-0.00686914 0.95877 0.412578</point>
	<point>-0.0109959 1.72198 0.40845</point>

	<weights>1 1 1 1 1 1 </weights>

	<meta><key>label</key><value>fuselage</value></meta>

	<meta><key>parentLabel</key><value>fuselage</value></meta>
</node>

<node>
	<id>wingL</id>
	<type>CURVE</type>
	<mesh>meshes/wingL.obj</mesh>

	<controls>
		<c>6</c>
	</controls>

	<point>0.00212002 -0.403194 0.281556</point>
	<point>0.355716 -0.19871 0.325622</point>
	<point>0.709313 0.005766 0.369687</point>
	<point>1.0629 0.21025 0.413752</point>
	<point>1.4165 0.414735 0.457817</point>
	<point>1.77009 0.619211 0.501882</point>

	<weights>1 1 1 1 1 1 </weights>

	<meta><key>label</key><value>wing-left</value></meta>

	<meta><key>parentLabel</key><value>wing</value></meta>
</node>

<node>
	<id>el</id>
	<type>CURVE</type>
	<mesh>meshes/el.obj</mesh>

	<controls>
		<c>6</c>
	</controls>

	<point>0.546569 -0.797508 0.261755</point>
	<point>0.546577 -0.676133 0.261766</point>
	<point>0.546586 -0.55475 0.261777</point>
	<point>0.546603 -0.433375 0.261787</point>
	<point>0.546611 -0.312 0.261798</point>
	<point>0.54662 -0.190626 0.261809</point>

	<weights>1 1 1 1 1 1 </weights>

	<meta><key>label</key><value>wing-engine-left</value></meta>

	<meta><key>parentLabel</key><value>wing</value></meta>
</node>

<node>
	<id>t2</id>
	<type>CURVE</type>
	<mesh>meshes/t2.obj</mesh>

	<controls>
		<c>6</c>
	</controls>

	<point>-0.0511638 1.53304 0.523239</point>
	<point>0.0594545 1.62586 0.523239</point>
	<point>0.170073 1.71868 0.523239</point>
	<point>0.280683 1.8115 0.523239</point>
	<point>0.391301 1.90431 0.523239</point>
	<point>0.501919 1.99713 0.523239</point>

	<weights>1 1 1 1 1 1 </weights>

	<meta><key>label</key><value>tail-left</value></meta>

	<meta><key>parentLabel</key><value>tail</value></meta>
</node>

<node>
	<id>wingR</id>
	<type>CURVE</type>
	<mesh>meshes/wingR.obj</mesh>

	<controls>
		<c>6</c>
	</controls>

	<point>-0.00211664 -0.403194 0.281554</point>
	<point>-0.355713 -0.19871 0.32562</point>
	<point>-0.709309 0.00577446 0.369686</point>
	<point>-1.0629 0.21025 0.413753</point>
	<point>-1.41649 0.414735 0.457819</point>
	<point>-1.77009 0.619211 0.501885</point>

	<weights>1 1 1 1 1 1 </weights>

	<meta><key>label</key><value>wing-right</value></meta>

	<meta><key>parentLabel</key><value>wing</value></meta>
</node>

<node>
	<id>er</id>
	<type>CURVE</type>
	<mesh>meshes/er.obj</mesh>

	<controls>
		<c>6</c>
	</controls>

	<point>-0.546566 -0.797508 0.261755</point>
	<point>-0.546574 -0.676133 0.261766</point>
	<point>-0.546591 -0.55475 0.261777</point>
	<point>-0.546599 -0.433375 0.261788</point>
	<point>-0.546608 -0.312 0.261799</point>
	<point>-0.546625 -0.190626 0.26181</point>

	<weights>1 1 1 1 1 1 </weights>

	<meta><key>label</key><value>wing-engine-right</value></meta>

	<meta><key>parentLabel</key><value>wing</value></meta>
</node>

<node>
	<id>t1</id>
	<type>CURVE</type>
	<mesh>meshes/t1.obj</mesh>

	<controls>
		<c>6</c>
	</controls>

	<point>0.0511587 1.53304 0.523239</point>
	<point>-0.0594596 1.62586 0.523239</point>
	<point>-0.170078 1.71868 0.523239</point>
	<point>-0.280688 1.8115 0.523239</point>
	<point>-0.391306 1.90431 0.523239</point>
	<point>-0.501924 1.99713 0.523239</point>

	<weights>1 1 1 1 1 1 </weights>

	<meta><key>label</key><value>tail-right</value></meta>

	<meta><key>parentLabel</key><value>tail</value></meta>
</node>

<node>
	<id>stab</id>
	<type>CURVE</type>
	<mesh>meshes/stab.obj</mesh>

	<controls>
		<c>6</c>
	</controls>

	<point>-0.00147395 2.09408 1</point>
	<point>-0.00111033 1.92407 0.901838</point>
	<point>-0.000746701 1.75405 0.803676</point>
	<point>-0.000391532 1.58404 0.705521</point>
	<point>-2.79062e-05 1.41402 0.607363</point>
	<point>0.000335719 1.244 0.509204</point>

	<weights>1 1 1 1 1 1 </weights>

	<meta><key>label</key><value>tail-stabilizer</value></meta>

	<meta><key>parentLabel</key><value>tail</value></meta>
</node>

<node>
	<id>wf</id>
	<type>CURVE</type>
	<mesh>meshes/wf.obj</mesh>

	<controls>
		<c>6</c>
	</controls>

	<point>0.00787884 -2.05207 0.00523621</point>
	<point>0.00349842 -2.0477 0.0566351</point>
	<point>-0.000873547 -2.04333 0.108035</point>
	<point>-0.00525397 -2.03896 0.159434</point>
	<point>-0.00963439 -2.03459 0.210834</point>
	<point>-0.0140064 -2.03021 0.262233</point>

	<weights>1 1 1 1 1 1 </weights>

	<meta><key>label</key><value>wheel-front</value></meta>

	<meta><key>parentLabel</key><value>wheel</value></meta>
</node>

<node>
	<id>wl</id>
	<type>CURVE</type>
	<mesh>meshes/wl.obj</mesh>

	<controls>
		<c>6</c>
	</controls>

	<point>0.268768 -0.18162 3.46185e-17</point>
	<point>0.264632 -0.177484 0.0604972</point>
	<point>0.260506 -0.173358 0.120995</point>
	<point>0.25637 -0.169222 0.181492</point>
	<point>0.252244 -0.165096 0.24199</point>
	<point>0.248109 -0.160969 0.302487</point>

	<weights>1 1 1 1 1 1 </weights>

	<meta><key>label</key><value>wheel-left</value></meta>

	<meta><key>parentLabel</key><value>wheel</value></meta>
</node>

<node>
	<id>wr</id>
	<type>CURVE</type>
	<mesh>meshes/wr.obj</mesh>

	<controls>
		<c>6</c>
	</controls>

	<point>-0.214356 -0.18162 3.46185e-17</point>
	<point>-0.218491 -0.177484 0.060498</point>
	<point>-0.222618 -0.173358 0.120995</point>
	<point>-0.226753 -0.169222 0.181493</point>
	<point>-0.230879 -0.165096 0.24199</point>
	<point>-0.235015 -0.160969 0.302487</point>

	<weights>1 1 1 1 1 1 </weights>

	<meta><key>label</key><value>wheel-right</value></meta>

	<meta><key>parentLabel</key><value>wheel</value></meta>
</node>

<edge>
	<id>ffff : wingL</id>
	<type>POINT</type>

	<n>ffff</n>
	<n>wingL</n>
	<coord>
		<uv>0.410653 0 0 0</uv>
	</coord>
	<coord>
		<uv>0 0 0 0</uv>
	</coord>
</edge>

<edge>
	<id>ffff : t1</id>
	<type>POINT</type>

	<n>ffff</n>
	<n>t1</n>
	<coord>
		<uv>0.979258 0 0 0</uv>
	</coord>
	<coord>
		<uv>0.070892 0 0 0</uv>
	</coord>
</edge>

<edge>
	<id>ffff : stab</id>
	<type>POINT</type>

	<n>ffff</n>
	<n>stab</n>
	<coord>
		<uv>0.922321 0 0 0</uv>
	</coord>
	<coord>
		<uv>1 0 0 0</uv>
	</coord>
</edge>

<edge>
	<id>ffff : wf</id>
	<type>POINT</type>

	<n>ffff</n>
	<n>wf</n>
	<coord>
		<uv>0.00939537 0 0 0</uv>
	</coord>
	<coord>
		<uv>1 0 0 0</uv>
	</coord>
</edge>

<edge>
	<id>ffff : wl</id>
	<type>POINT</type>

	<n>ffff</n>
	<n>wl</n>
	<coord>
		<uv>0.508277 0 0 0</uv>
	</coord>
	<coord>
		<uv>1 0 0 0</uv>
	</coord>
</edge>

<edge>
	<id>ffff : wr</id>
	<type>POINT</type>

	<n>ffff</n>
	<n>wr</n>
	<coord>
		<uv>0.511148 0 0 0</uv>
	</coord>
	<coord>
		<uv>1 0 0 0</uv>
	</coord>
</edge>

<edge>
	<id>ffff : t2</id>
	<type>POINT</type>

	<n>ffff</n>
	<n>t2</n>
	<coord>
		<uv>0.977757 0 0 0</uv>
	</coord>
	<coord>
		<uv>0.0497623 0 0 0</uv>
	</coord>
</edge>

<edge>
	<id>ffff : wingR</id>
	<type>POINT</type>

	<n>ffff</n>
	<n>wingR</n>
	<coord>
		<uv>0.410658 0 0 0</uv>
	</coord>
	<coord>
		<uv>0 0 0 0</uv>
	</coord>
</edge>

<edge>
	<id>er : wingR</id>
	<type>POINT</type>

	<n>er</n>
	<n>wingR</n>
	<coord>
		<uv>1 0 0 0</uv>
	</coord>
	<coord>
		<uv>0.206362 0 0 0</uv>
	</coord>
</edge>

<edge>
	<id>el : wingL</id>
	<type>POINT</type>

	<n>el</n>
	<n>wingL</n>
	<coord>
		<uv>1 0 0 0</uv>
	</coord>
	<coord>
		<uv>0.20636 0 0 0</uv>
	</coord>
</edge>

<group>
	<n>wingL</n>
	<n>wingR</n>
</group>

<group>
	<n>wl</n>
	<n>wr</n>
</group>

<group>
	<n>er</n>
	<n>el</n>
</group>

<group>
	<n>t1</n>
	<n>t2</n>
</group>


</document>
