<?xml version="1.0" encoding="UTF-8" ?>
<document>
<node>
	<id>fuselage</id>
	<type>CURVE</type>
	<mesh>meshes/fuselage.obj</mesh>

	<controls>
		<c>6</c>
	</controls>

	<point>0.0230524 -1.74396 0.0107203</point>
	<point>0.0166218 -1.05613 0.0161393</point>
	<point>0.0101911 -0.368288 0.0215583</point>
	<point>0.00376227 0.319547 0.0269774</point>
	<point>-0.00266838 1.00738 0.0323965</point>
	<point>-0.00909906 1.69521 0.0378135</point>

	<weights>1 1 1 1 1 1 </weights>

	<meta><key>label</key><value>fuselage</value></meta>

	<meta><key>parentLabel</key><value>fuselage</value></meta>
</node>

<node>
	<id>wingL</id>
	<type>CURVE</type>
	<mesh>meshes/wingL.obj</mesh>

	<controls>
		<c>6</c>
	</controls>

	<point>0.163828 0.231043 0.000473091</point>
	<point>0.277489 0.231062 0.000379595</point>
	<point>0.391152 0.231081 0.000284228</point>
	<point>0.504814 0.231099 0.000190732</point>
	<point>0.618477 0.231099 9.53661e-05</point>
	<point>0.732142 0.231118 0</point>

	<weights>1 1 1 1 1 1 </weights>

	<meta><key>label</key><value>wing-left</value></meta>

	<meta><key>parentLabel</key><value>wing</value></meta>
</node>

<node>
	<id>wingR</id>
	<type>CURVE</type>
	<mesh>meshes/wingR.obj</mesh>

	<controls>
		<c>6</c>
	</controls>

	<point>-0.163826 0.231043 0.000473091</point>
	<point>-0.277489 0.231062 0.000379595</point>
	<point>-0.391149 0.231081 0.000284228</point>
	<point>-0.504814 0.231099 0.000190732</point>
	<point>-0.618477 0.231099 9.53661e-05</point>
	<point>-0.732142 0.231118 0</point>

	<weights>1 1 1 1 1 1 </weights>

	<meta><key>label</key><value>wing-right</value></meta>

	<meta><key>parentLabel</key><value>wing</value></meta>
</node>

<node>
	<id>stabilizer</id>
	<type>CURVE</type>
	<mesh>meshes/stabilizer.obj</mesh>

	<controls>
		<c>6</c>
	</controls>

	<point>-0.00203448 1.49738 0.31381</point>
	<point>-0.00177082 1.5467 0.313809</point>
	<point>-0.00150716 1.59601 0.313807</point>
	<point>-0.0012435 1.64534 0.313807</point>
	<point>-0.000979839 1.69465 0.313805</point>
	<point>-0.000718052 1.74396 0.313803</point>

	<weights>1 1 1 1 1 1 </weights>

	<meta><key>label</key><value>tail-stabilizer</value></meta>

	<meta><key>parentLabel</key><value>tail</value></meta>
</node>

<node>
	<id>tailL</id>
	<type>CURVE</type>
	<mesh>meshes/tailL.obj</mesh>

	<controls>
		<c>6</c>
	</controls>

	<point>0.0447378 1.57464 0.139424</point>
	<point>0.0940274 1.5766 0.138821</point>
	<point>0.143319 1.57857 0.138219</point>
	<point>0.19261 1.58055 0.137617</point>
	<point>0.241899 1.58251 0.137015</point>
	<point>0.29119 1.58448 0.136415</point>

	<weights>1 1 1 1 1 1 </weights>

	<meta><key>label</key><value>tail-left</value></meta>

	<meta><key>parentLabel</key><value>tail</value></meta>
</node>

<node>
	<id>tailR</id>
	<type>CURVE</type>
	<mesh>meshes/tailR.obj</mesh>

	<controls>
		<c>6</c>
	</controls>

	<point>-0.287338 1.56974 0.135887</point>
	<point>-0.238832 1.57163 0.13663</point>
	<point>-0.190328 1.57352 0.137372</point>
	<point>-0.141823 1.57539 0.138114</point>
	<point>-0.0933166 1.57727 0.138857</point>
	<point>-0.0448128 1.57916 0.139599</point>

	<weights>1 1 1 1 1 1 </weights>

	<meta><key>label</key><value>tail-right</value></meta>

	<meta><key>parentLabel</key><value>tail</value></meta>
</node>

<edge>
	<id>fuselage : wingL</id>
	<type>POINT</type>

	<n>fuselage</n>
	<n>wingL</n>
	<coord>
		<uv>0.609312 0 0 0</uv>
	</coord>
	<coord>
		<uv>0 0 0 0</uv>
	</coord>
</edge>

<edge>
	<id>fuselage : wingR</id>
	<type>POINT</type>

	<n>fuselage</n>
	<n>wingR</n>
	<coord>
		<uv>0.609944 0 0 0</uv>
	</coord>
	<coord>
		<uv>0 0 0 0</uv>
	</coord>
</edge>

<edge>
	<id>fuselage : stabilizer</id>
	<type>POINT</type>

	<n>fuselage</n>
	<n>stabilizer</n>
	<coord>
		<uv>0.999957 0 0 0</uv>
	</coord>
	<coord>
		<uv>0.861805 0 0 0</uv>
	</coord>
</edge>

<edge>
	<id>fuselage : tailL</id>
	<type>POINT</type>

	<n>fuselage</n>
	<n>tailL</n>
	<coord>
		<uv>0.980112 0 0 0</uv>
	</coord>
	<coord>
		<uv>0 0 0 0</uv>
	</coord>
</edge>

<edge>
	<id>fuselage : tailR</id>
	<type>POINT</type>

	<n>fuselage</n>
	<n>tailR</n>
	<coord>
		<uv>0.980745 0 0 0</uv>
	</coord>
	<coord>
		<uv>1 0 0 0</uv>
	</coord>
</edge>

<group>
	<n>wingL</n>
	<n>wingR</n>
</group>

<group>
	<n>tailL</n>
	<n>tailR</n>
</group>


</document>
