<?xml version="1.0" encoding="UTF-8" ?>
<document>
<node>
	<id>part01</id>
	<type>CURVE</type>
	<mesh>meshes/part01.obj</mesh>

	<controls>
		<c>6</c>
	</controls>

	<point>0.604074 0.212978 0.260889</point>
	<point>0.604074 0.127018 0.260818</point>
	<point>0.604074 0.0410593 0.260745</point>
	<point>0.604074 -0.0449009 0.260671</point>
	<point>0.604074 -0.13086 0.260598</point>
	<point>0.604074 -0.21682 0.260527</point>

	<weights>1 1 1 1 1 1 </weights>

	<meta><key>label</key><value>support-bar-back</value></meta>

	<meta><key>parentLabel</key><value>support</value></meta>
</node>

<node>
	<id>part02</id>
	<type>CURVE</type>
	<mesh>meshes/part02.obj</mesh>

	<controls>
		<c>6</c>
	</controls>

	<point>0.604074 0.212978 0.145828</point>
	<point>0.604074 0.127018 0.145757</point>
	<point>0.604074 0.0410593 0.145684</point>
	<point>0.604074 -0.0449009 0.145611</point>
	<point>0.604074 -0.13086 0.145539</point>
	<point>0.604074 -0.21682 0.145466</point>

	<weights>1 1 1 1 1 1 </weights>

	<meta><key>label</key><value>mattress-bar-back</value></meta>

	<meta><key>parentLabel</key><value>mattress</value></meta>
</node>

<node>
	<id>part03</id>
	<type>CURVE</type>
	<mesh>meshes/part03.obj</mesh>

	<controls>
		<c>6</c>
	</controls>

	<point>0.604074 0.212956 0.51435</point>
	<point>0.604074 0.127005 0.51435</point>
	<point>0.604074 0.0410545 0.51435</point>
	<point>0.604074 -0.0448961 0.51435</point>
	<point>0.604074 -0.130847 0.51435</point>
	<point>0.604074 -0.216797 0.51435</point>

	<weights>1 1 1 1 1 1 </weights>

	<meta><key>label</key><value>support-bar-back</value></meta>

	<meta><key>parentLabel</key><value>support</value></meta>
</node>

<node>
	<id>side2</id>
	<type>CURVE</type>
	<mesh>meshes/side2.obj</mesh>

	<controls>
		<c>6</c>
	</controls>

	<point>0.531887 -0.266242 0.145249</point>
	<point>0.31907 -0.266242 0.144999</point>
	<point>0.106252 -0.266242 0.144749</point>
	<point>-0.106565 -0.266242 0.144497</point>
	<point>-0.319383 -0.266242 0.144247</point>
	<point>-0.5322 -0.266242 0.143997</point>

	<weights>1 1 1 1 1 1 </weights>

	<meta><key>label</key><value>mattress-bar-left</value></meta>

	<meta><key>parentLabel</key><value>mattress</value></meta>
</node>

<node>
	<id>side1</id>
	<type>CURVE</type>
	<mesh>meshes/side1.obj</mesh>

	<controls>
		<c>6</c>
	</controls>

	<point>0.531945 0.266242 0.14361</point>
	<point>0.319104 0.266239 0.144361</point>
	<point>0.106265 0.266237 0.145111</point>
	<point>-0.106576 0.266235 0.145861</point>
	<point>-0.319417 0.266232 0.146611</point>
	<point>-0.532257 0.26623 0.147361</point>

	<weights>1 1 1 1 1 1 </weights>

	<meta><key>label</key><value>mattress-bar-right</value></meta>

	<meta><key>parentLabel</key><value>mattress</value></meta>
</node>

<node>
	<id>part06</id>
	<type>CURVE</type>
	<mesh>meshes/part06.obj</mesh>

	<controls>
		<c>6</c>
	</controls>

	<point>-0.604066 0.212956 0.145606</point>
	<point>-0.604066 0.127005 0.145606</point>
	<point>-0.604066 0.0410545 0.145606</point>
	<point>-0.604066 -0.0448961 0.145606</point>
	<point>-0.604066 -0.130847 0.145606</point>
	<point>-0.604066 -0.216797 0.145606</point>

	<weights>1 1 1 1 1 1 </weights>

	<meta><key>label</key><value>mattress-bar-front</value></meta>

	<meta><key>parentLabel</key><value>mattress</value></meta>
</node>

<node>
	<id>part07</id>
	<type>CURVE</type>
	<mesh>meshes/part07.obj</mesh>

	<controls>
		<c>6</c>
	</controls>

	<point>-0.604066 0.212956 0.260667</point>
	<point>-0.604066 0.127005 0.260667</point>
	<point>-0.604066 0.0410545 0.260667</point>
	<point>-0.604066 -0.0448961 0.260667</point>
	<point>-0.604066 -0.130847 0.260667</point>
	<point>-0.604066 -0.216797 0.260667</point>

	<weights>1 1 1 1 1 1 </weights>

	<meta><key>label</key><value>support-bar-front</value></meta>

	<meta><key>parentLabel</key><value>support</value></meta>
</node>

<node>
	<id>part08</id>
	<type>CURVE</type>
	<mesh>meshes/part08.obj</mesh>

	<controls>
		<c>6</c>
	</controls>

	<point>-0.604066 0.212956 0.386534</point>
	<point>-0.604066 0.127005 0.386534</point>
	<point>-0.604066 0.0410545 0.386534</point>
	<point>-0.604066 -0.0448961 0.386534</point>
	<point>-0.604066 -0.130847 0.386534</point>
	<point>-0.604066 -0.216797 0.386534</point>

	<weights>1 1 1 1 1 1 </weights>

	<meta><key>label</key><value>support-bar-front</value></meta>

	<meta><key>parentLabel</key><value>support</value></meta>
</node>

<node>
	<id>part09</id>
	<type>CURVE</type>
	<mesh>meshes/part09.obj</mesh>

	<controls>
		<c>6</c>
	</controls>

	<point>0.604074 0.212978 0.375951</point>
	<point>0.604074 0.127018 0.375878</point>
	<point>0.604074 0.0410593 0.375805</point>
	<point>0.604074 -0.0449009 0.375734</point>
	<point>0.604074 -0.13086 0.375661</point>
	<point>0.604074 -0.21682 0.375588</point>

	<weights>1 1 1 1 1 1 </weights>

	<meta><key>label</key><value>support-bar-back</value></meta>

	<meta><key>parentLabel</key><value>support</value></meta>
</node>

<node>
	<id>leg03</id>
	<type>CURVE</type>
	<mesh>meshes/leg03.obj</mesh>

	<controls>
		<c>6</c>
	</controls>

	<point>-0.60408 0.256967 0.000240623</point>
	<point>-0.604075 0.256967 0.0811324</point>
	<point>-0.60407 0.256967 0.162024</point>
	<point>-0.604064 0.256967 0.242915</point>
	<point>-0.604059 0.256967 0.323808</point>
	<point>-0.604053 0.256967 0.4047</point>

	<weights>1 1 1 1 1 1 </weights>

	<meta><key>label</key><value>leg-front-right</value></meta>

	<meta><key>parentLabel</key><value>leg</value></meta>
</node>

<node>
	<id>leg04</id>
	<type>CURVE</type>
	<mesh>meshes/leg04.obj</mesh>

	<controls>
		<c>6</c>
	</controls>

	<point>-0.604079 -0.260809 -5.76832e-17</point>
	<point>-0.604074 -0.260809 0.0808184</point>
	<point>-0.604069 -0.260809 0.161636</point>
	<point>-0.604064 -0.260809 0.242454</point>
	<point>-0.60406 -0.260809 0.323274</point>
	<point>-0.604055 -0.260809 0.404092</point>

	<weights>1 1 1 1 1 1 </weights>

	<meta><key>label</key><value>leg-front-left</value></meta>

	<meta><key>parentLabel</key><value>leg</value></meta>
</node>

<node>
	<id>leg1</id>
	<type>CURVE</type>
	<mesh>meshes/leg1.obj</mesh>

	<controls>
		<c>6</c>
	</controls>

	<point>0.604069 0.258883 0.00717956</point>
	<point>0.60407 0.258883 0.110878</point>
	<point>0.604072 0.258883 0.214576</point>
	<point>0.604074 0.258883 0.318273</point>
	<point>0.604075 0.258883 0.421972</point>
	<point>0.604077 0.258883 0.52567</point>

	<weights>1 1 1 1 1 1 </weights>

	<meta><key>label</key><value>leg-back-right</value></meta>

	<meta><key>parentLabel</key><value>leg</value></meta>
</node>

<node>
	<id>leg2</id>
	<type>CURVE</type>
	<mesh>meshes/leg2.obj</mesh>

	<controls>
		<c>6</c>
	</controls>

	<point>0.60408 -0.258892 0.00706591</point>
	<point>0.604077 -0.258892 0.110878</point>
	<point>0.604074 -0.258892 0.21469</point>
	<point>0.604072 -0.258892 0.318502</point>
	<point>0.604069 -0.258892 0.422314</point>
	<point>0.604066 -0.258892 0.526127</point>

	<weights>1 1 1 1 1 1 </weights>

	<meta><key>label</key><value>leg-back-left</value></meta>

	<meta><key>parentLabel</key><value>leg</value></meta>
</node>

<node>
	<id>matress</id>
	<type>SHEET</type>
	<mesh>meshes/matress.obj</mesh>

	<controls>
		<c>11</c>
		<c>5</c>
	</controls>

	<point>-0.481292 -0.207864 0.170888</point>
	<point>-0.481292 -0.105588 0.170888</point>
	<point>-0.481292 -0.00331145 0.170888</point>
	<point>-0.481292 0.0989648 0.170888</point>
	<point>-0.481292 0.201241 0.170888</point>
	<point>-0.386171 -0.207864 0.170888</point>
	<point>-0.386171 -0.105588 0.170888</point>
	<point>-0.386171 -0.00331145 0.170888</point>
	<point>-0.386171 0.0989648 0.170888</point>
	<point>-0.386171 0.201241 0.170888</point>
	<point>-0.291049 -0.207864 0.170888</point>
	<point>-0.291049 -0.105588 0.170888</point>
	<point>-0.291049 -0.00331145 0.170888</point>
	<point>-0.291049 0.0989648 0.170888</point>
	<point>-0.291049 0.201241 0.170888</point>
	<point>-0.195928 -0.207864 0.170888</point>
	<point>-0.195928 -0.105588 0.170888</point>
	<point>-0.195928 -0.00331145 0.170888</point>
	<point>-0.195928 0.0989648 0.170888</point>
	<point>-0.195928 0.201241 0.170888</point>
	<point>-0.100806 -0.207864 0.170888</point>
	<point>-0.100806 -0.105588 0.170888</point>
	<point>-0.100806 -0.00331145 0.170888</point>
	<point>-0.100806 0.0989648 0.170888</point>
	<point>-0.100806 0.201241 0.170888</point>
	<point>-0.00568495 -0.207864 0.170888</point>
	<point>-0.00568495 -0.105588 0.170888</point>
	<point>-0.00568495 -0.00331145 0.170888</point>
	<point>-0.00568495 0.0989648 0.170888</point>
	<point>-0.00568495 0.201241 0.170888</point>
	<point>0.0894375 -0.207864 0.170888</point>
	<point>0.0894375 -0.105588 0.170888</point>
	<point>0.0894375 -0.00331145 0.170888</point>
	<point>0.0894375 0.0989648 0.170888</point>
	<point>0.0894375 0.201241 0.170888</point>
	<point>0.184558 -0.207864 0.170888</point>
	<point>0.184558 -0.105588 0.170888</point>
	<point>0.184558 -0.00331145 0.170888</point>
	<point>0.184558 0.0989648 0.170888</point>
	<point>0.184558 0.201241 0.170888</point>
	<point>0.279681 -0.207864 0.170888</point>
	<point>0.279681 -0.105588 0.170888</point>
	<point>0.279681 -0.00331145 0.170888</point>
	<point>0.279681 0.0989648 0.170888</point>
	<point>0.279681 0.201241 0.170888</point>
	<point>0.374802 -0.207864 0.170888</point>
	<point>0.374802 -0.105588 0.170888</point>
	<point>0.374802 -0.00331145 0.170888</point>
	<point>0.374802 0.0989648 0.170888</point>
	<point>0.374802 0.201241 0.170888</point>
	<point>0.469922 -0.207864 0.170888</point>
	<point>0.469922 -0.105588 0.170888</point>
	<point>0.469922 -0.00331145 0.170888</point>
	<point>0.469922 0.0989648 0.170888</point>
	<point>0.469922 0.201241 0.170888</point>

	<weights>1 1 1 1 1 1 1 1 1 1 1 1 1 1 1 1 1 1 1 1 1 1 1 1 1 1 1 1 1 1 1 1 1 1 1 1 1 1 1 1 1 1 1 1 1 1 1 1 1 1 1 1 1 1 1 </weights>

	<meta><key>label</key><value>mattress</value></meta>

	<meta><key>parentLabel</key><value>mattress</value></meta>
</node>

<edge>
	<id>matress : leg03</id>
	<type>POINT</type>

	<n>matress</n>
	<n>leg03</n>
	<coord>
		<uv>0 1 0 0</uv>
	</coord>
	<coord>
		<uv>0.382627 0 0 0</uv>
	</coord>
</edge>

<edge>
	<id>matress : leg04</id>
	<type>POINT</type>

	<n>matress</n>
	<n>leg04</n>
	<coord>
		<uv>0 0 0 0</uv>
	</coord>
	<coord>
		<uv>0.383313 0 0 0</uv>
	</coord>
</edge>

<edge>
	<id>matress : leg2</id>
	<type>POINT</type>

	<n>matress</n>
	<n>leg2</n>
	<coord>
		<uv>1 0 0 0</uv>
	</coord>
	<coord>
		<uv>0.259372 0 0 0</uv>
	</coord>
</edge>

<edge>
	<id>matress : leg1</id>
	<type>POINT</type>

	<n>matress</n>
	<n>leg1</n>
	<coord>
		<uv>1 1 0 0</uv>
	</coord>
	<coord>
		<uv>0.25944 0 0 0</uv>
	</coord>
</edge>

<edge>
	<id>leg04 : side2</id>
	<type>POINT</type>

	<n>leg04</n>
	<n>side2</n>
	<coord>
		<uv>0.310176 0 0 0</uv>
	</coord>
	<coord>
		<uv>1 0 0 0</uv>
	</coord>
</edge>

<edge>
	<id>leg04 : part08</id>
	<type>POINT</type>

	<n>leg04</n>
	<n>part08</n>
	<coord>
		<uv>0.975462 0 0 0</uv>
	</coord>
	<coord>
		<uv>1 0 0 0</uv>
	</coord>
</edge>

<edge>
	<id>leg04 : part07</id>
	<type>POINT</type>

	<n>leg04</n>
	<n>part07</n>
	<coord>
		<uv>0.690753 0 0 0</uv>
	</coord>
	<coord>
		<uv>1 0 0 0</uv>
	</coord>
</edge>

<edge>
	<id>leg04 : part06</id>
	<type>POINT</type>

	<n>leg04</n>
	<n>part06</n>
	<coord>
		<uv>0.312754 0 0 0</uv>
	</coord>
	<coord>
		<uv>1 0 0 0</uv>
	</coord>
</edge>

<edge>
	<id>leg03 : part08</id>
	<type>POINT</type>

	<n>leg03</n>
	<n>part08</n>
	<coord>
		<uv>0.975022 0 0 0</uv>
	</coord>
	<coord>
		<uv>0 0 0 0</uv>
	</coord>
</edge>

<edge>
	<id>leg03 : part07</id>
	<type>POINT</type>

	<n>leg03</n>
	<n>part07</n>
	<coord>
		<uv>0.689987 0 0 0</uv>
	</coord>
	<coord>
		<uv>0 0 0 0</uv>
	</coord>
</edge>

<edge>
	<id>leg03 : part06</id>
	<type>POINT</type>

	<n>leg03</n>
	<n>part06</n>
	<coord>
		<uv>0.312155 0 0 0</uv>
	</coord>
	<coord>
		<uv>0 0 0 0</uv>
	</coord>
</edge>

<edge>
	<id>leg03 : side1</id>
	<type>POINT</type>

	<n>leg03</n>
	<n>side1</n>
	<coord>
		<uv>0.31498 0 0 0</uv>
	</coord>
	<coord>
		<uv>1 0 0 0</uv>
	</coord>
</edge>

<edge>
	<id>leg1 : part01</id>
	<type>POINT</type>

	<n>leg1</n>
	<n>part01</n>
	<coord>
		<uv>0.492093 0 0 0</uv>
	</coord>
	<coord>
		<uv>0 0 0 0</uv>
	</coord>
</edge>

<edge>
	<id>leg1 : part02</id>
	<type>POINT</type>

	<n>leg1</n>
	<n>part02</n>
	<coord>
		<uv>0.197053 0 0 0</uv>
	</coord>
	<coord>
		<uv>0 0 0 0</uv>
	</coord>
</edge>

<edge>
	<id>leg1 : part09</id>
	<type>POINT</type>

	<n>leg1</n>
	<n>part09</n>
	<coord>
		<uv>0.774507 0 0 0</uv>
	</coord>
	<coord>
		<uv>0 0 0 0</uv>
	</coord>
</edge>

<edge>
	<id>leg1 : part03</id>
	<type>POINT</type>

	<n>leg1</n>
	<n>part03</n>
	<coord>
		<uv>0.984301 0 0 0</uv>
	</coord>
	<coord>
		<uv>0 0 0 0</uv>
	</coord>
</edge>

<edge>
	<id>leg1 : side1</id>
	<type>POINT</type>

	<n>leg1</n>
	<n>side1</n>
	<coord>
		<uv>0.186707 0 0 0</uv>
	</coord>
	<coord>
		<uv>0 0 0 0</uv>
	</coord>
</edge>

<edge>
	<id>leg2 : part01</id>
	<type>POINT</type>

	<n>leg2</n>
	<n>part01</n>
	<coord>
		<uv>0.491341 0 0 0</uv>
	</coord>
	<coord>
		<uv>1 0 0 0</uv>
	</coord>
</edge>

<edge>
	<id>leg2 : part02</id>
	<type>POINT</type>

	<n>leg2</n>
	<n>part02</n>
	<coord>
		<uv>0.196667 0 0 0</uv>
	</coord>
	<coord>
		<uv>1 0 0 0</uv>
	</coord>
</edge>

<edge>
	<id>leg2 : part09</id>
	<type>POINT</type>

	<n>leg2</n>
	<n>part09</n>
	<coord>
		<uv>0.77382 0 0 0</uv>
	</coord>
	<coord>
		<uv>1 0 0 0</uv>
	</coord>
</edge>

<edge>
	<id>leg2 : part03</id>
	<type>POINT</type>

	<n>leg2</n>
	<n>part03</n>
	<coord>
		<uv>0.984053 0 0 0</uv>
	</coord>
	<coord>
		<uv>1 0 0 0</uv>
	</coord>
</edge>

<edge>
	<id>leg2 : side2</id>
	<type>POINT</type>

	<n>leg2</n>
	<n>side2</n>
	<coord>
		<uv>0.188218 0 0 0</uv>
	</coord>
	<coord>
		<uv>0 0 0 0</uv>
	</coord>
</edge>

<group>
	<n>leg2</n>
	<n>leg1</n>
</group>

<group>
	<n>leg03</n>
	<n>leg04</n>
</group>

<group>
	<n>part07</n>
	<n>part06</n>
</group>

<group>
	<n>part09</n>
	<n>part01</n>
	<n>part02</n>
</group>

<group>
	<n>side2</n>
	<n>side1</n>
</group>


</document>
