<?xml version="1.0" encoding="UTF-8" ?>
<document>
<node>
	<id>fffff</id>
	<type>CURVE</type>
	<mesh>meshes/fffff.obj</mesh>

	<controls>
		<c>6</c>
	</controls>

	<point>0.0173678 1.53889 0.403592</point>
	<point>0.0110817 0.879092 0.390231</point>
	<point>0.00479564 0.219298 0.376872</point>
	<point>-0.00149043 -0.440497 0.363513</point>
	<point>-0.0077765 -1.10029 0.350153</point>
	<point>-0.0140626 -1.76009 0.336794</point>

	<weights>1 1 1 1 1 1 </weights>

	<meta><key>label</key><value>fuselage</value></meta>

	<meta><key>parentLabel</key><value>fuselage</value></meta>
</node>

<node>
	<id>stabilzer</id>
	<type>CURVE</type>
	<mesh>meshes/stabilzer.obj</mesh>

	<controls>
		<c>6</c>
	</controls>

	<point>-0.00208159 0.976766 0.369002</point>
	<point>-0.00206075 1.1272 0.495201</point>
	<point>-0.00203973 1.27764 0.6214</point>
	<point>-0.00201889 1.42808 0.7476</point>
	<point>-0.00199806 1.57852 0.873799</point>
	<point>-0.00197722 1.72896 1</point>

	<weights>1 1 1 1 1 1 </weights>

	<meta><key>label</key><value>tail-stabilizer</value></meta>

	<meta><key>parentLabel</key><value>tail</value></meta>
</node>

<node>
	<id>tailR</id>
	<type>CURVE</type>
	<mesh>meshes/tailR.obj</mesh>

	<controls>
		<c>6</c>
	</controls>

	<point>-0.00952802 1.39807 0.446809</point>
	<point>-0.131454 1.46569 0.465766</point>
	<point>-0.253379 1.53332 0.484724</point>
	<point>-0.375305 1.60094 0.503681</point>
	<point>-0.49723 1.66856 0.522638</point>
	<point>-0.619157 1.73619 0.541595</point>

	<weights>1 1 1 1 1 1 </weights>

	<meta><key>label</key><value>tail-right</value></meta>

	<meta><key>parentLabel</key><value>tail</value></meta>
</node>

<node>
	<id>wingR</id>
	<type>CURVE</type>
	<mesh>meshes/wingR.obj</mesh>

	<controls>
		<c>6</c>
	</controls>

	<point>-0.0646588 -0.37785 0.264768</point>
	<point>-0.420573 -0.209931 0.302972</point>
	<point>-0.776488 -0.0420123 0.341177</point>
	<point>-1.1324 0.125906 0.379383</point>
	<point>-1.48832 0.293825 0.417587</point>
	<point>-1.84423 0.461742 0.455793</point>

	<weights>1 1 1 1 1 1 </weights>

	<meta><key>label</key><value>wing-right</value></meta>

	<meta><key>parentLabel</key><value>wing</value></meta>
</node>

<node>
	<id>tailL</id>
	<type>CURVE</type>
	<mesh>meshes/tailL.obj</mesh>

	<controls>
		<c>6</c>
	</controls>

	<point>0.00206481 1.39215 0.446262</point>
	<point>0.121769 1.46574 0.4649</point>
	<point>0.241474 1.53932 0.483538</point>
	<point>0.361179 1.61291 0.502176</point>
	<point>0.480884 1.6865 0.520814</point>
	<point>0.600588 1.76009 0.539453</point>

	<weights>1 1 1 1 1 1 </weights>

	<meta><key>label</key><value>tail-left</value></meta>

	<meta><key>parentLabel</key><value>tail</value></meta>
</node>

<node>
	<id>wingL</id>
	<type>CURVE</type>
	<mesh>meshes/wingL.obj</mesh>

	<controls>
		<c>6</c>
	</controls>

	<point>0.0620412 -0.376887 0.26493</point>
	<point>0.41848 -0.210994 0.303108</point>
	<point>0.774919 -0.0451012 0.341286</point>
	<point>1.13136 0.120793 0.379464</point>
	<point>1.4878 0.286685 0.417644</point>
	<point>1.84423 0.45258 0.455822</point>

	<weights>1 1 1 1 1 1 </weights>

	<meta><key>label</key><value>wing-left</value></meta>

	<meta><key>parentLabel</key><value>wing</value></meta>
</node>

<node>
	<id>engineR</id>
	<type>CURVE</type>
	<mesh>meshes/engineR.obj</mesh>

	<controls>
		<c>6</c>
	</controls>

	<point>-0.603553 -0.172744 0.243124</point>
	<point>-0.60371 -0.284902 0.22425</point>
	<point>-0.603869 -0.39706 0.205374</point>
	<point>-0.604025 -0.509217 0.186499</point>
	<point>-0.604182 -0.621375 0.167623</point>
	<point>-0.604341 -0.733534 0.148748</point>

	<weights>1 1 1 1 1 1 </weights>

	<meta><key>label</key><value>wing-engine-right</value></meta>

	<meta><key>parentLabel</key><value>wing</value></meta>
</node>

<node>
	<id>wheelL</id>
	<type>CURVE</type>
	<mesh>meshes/wheelL.obj</mesh>

	<controls>
		<c>6</c>
	</controls>

	<point>0.102491 -0.131251 0.245198</point>
	<point>0.131757 -0.142315 0.19616</point>
	<point>0.161023 -0.15338 0.147119</point>
	<point>0.190289 -0.164444 0.0980793</point>
	<point>0.219556 -0.175509 0.0490397</point>
	<point>0.248821 -0.186573 -8.35989e-18</point>

	<weights>1 1 1 1 1 1 </weights>

	<meta><key>label</key><value>wheel-left</value></meta>

	<meta><key>parentLabel</key><value>wheel</value></meta>
</node>

<node>
	<id>engineL</id>
	<type>CURVE</type>
	<mesh>meshes/engineL.obj</mesh>

	<controls>
		<c>6</c>
	</controls>

	<point>0.600472 -0.175574 0.185046</point>
	<point>0.600349 -0.288634 0.18274</point>
	<point>0.600225 -0.401693 0.180435</point>
	<point>0.600102 -0.514754 0.178128</point>
	<point>0.599976 -0.627814 0.175821</point>
	<point>0.599853 -0.740873 0.173515</point>

	<weights>1 1 1 1 1 1 </weights>

	<meta><key>label</key><value>wing-engine-left</value></meta>

	<meta><key>parentLabel</key><value>wing</value></meta>
</node>

<node>
	<id>wheelR</id>
	<type>CURVE</type>
	<mesh>meshes/wheelR.obj</mesh>

	<controls>
		<c>6</c>
	</controls>

	<point>-0.122877 -0.108311 0.230512</point>
	<point>-0.15191 -0.126572 0.184532</point>
	<point>-0.180943 -0.144833 0.138554</point>
	<point>-0.209977 -0.163094 0.0925756</point>
	<point>-0.239009 -0.181355 0.046597</point>
	<point>-0.268043 -0.199616 0.00061876</point>

	<weights>1 1 1 1 1 1 </weights>

	<meta><key>label</key><value>wheel-right</value></meta>

	<meta><key>parentLabel</key><value>wheel</value></meta>
</node>

<node>
	<id>wheelF</id>
	<type>CURVE</type>
	<mesh>meshes/wheelF.obj</mesh>

	<controls>
		<c>6</c>
	</controls>

	<point>-0.00536762 -1.68605 0.234365</point>
	<point>-0.00248116 -1.68235 0.193871</point>
	<point>0.000405291 -1.67865 0.153376</point>
	<point>0.00329174 -1.67495 0.112881</point>
	<point>0.0061782 -1.67125 0.0723867</point>
	<point>0.00906483 -1.66755 0.0318917</point>

	<weights>1 1 1 1 1 1 </weights>

	<meta><key>label</key><value>wheel-front</value></meta>

	<meta><key>parentLabel</key><value>wheel</value></meta>
</node>

<edge>
	<id>fffff : wheelR</id>
	<type>POINT</type>

	<n>fffff</n>
	<n>wheelR</n>
	<coord>
		<uv>0.501677 0 0 0</uv>
	</coord>
	<coord>
		<uv>0 0 0 0</uv>
	</coord>
</edge>

<edge>
	<id>fffff : wheelF</id>
	<type>POINT</type>

	<n>fffff</n>
	<n>wheelF</n>
	<coord>
		<uv>0.987509 0 0 0</uv>
	</coord>
	<coord>
		<uv>0 0 0 0</uv>
	</coord>
</edge>

<edge>
	<id>fffff : stabilzer</id>
	<type>POINT</type>

	<n>fffff</n>
	<n>stabilzer</n>
	<coord>
		<uv>0.106515 0 0 0</uv>
	</coord>
	<coord>
		<uv>0.0190504 0 0 0</uv>
	</coord>
</edge>

<edge>
	<id>fffff : tailR</id>
	<type>POINT</type>

	<n>fffff</n>
	<n>tailR</n>
	<coord>
		<uv>0.0245651 0 0 0</uv>
	</coord>
	<coord>
		<uv>0 0 0 0</uv>
	</coord>
</edge>

<edge>
	<id>fffff : wingR</id>
	<type>POINT</type>

	<n>fffff</n>
	<n>wingR</n>
	<coord>
		<uv>0.621427 0 0 0</uv>
	</coord>
	<coord>
		<uv>0 0 0 0</uv>
	</coord>
</edge>

<edge>
	<id>fffff : tailL</id>
	<type>POINT</type>

	<n>fffff</n>
	<n>tailL</n>
	<coord>
		<uv>0.0252064 0 0 0</uv>
	</coord>
	<coord>
		<uv>0.00322065 0 0 0</uv>
	</coord>
</edge>

<edge>
	<id>fffff : wingL</id>
	<type>POINT</type>

	<n>fffff</n>
	<n>wingL</n>
	<coord>
		<uv>0.620965 0 0 0</uv>
	</coord>
	<coord>
		<uv>0 0 0 0</uv>
	</coord>
</edge>

<edge>
	<id>fffff : wheelL</id>
	<type>POINT</type>

	<n>fffff</n>
	<n>wheelL</n>
	<coord>
		<uv>0.50891 0 0 0</uv>
	</coord>
	<coord>
		<uv>0 0 0 0</uv>
	</coord>
</edge>

<edge>
	<id>wingR : engineR</id>
	<type>POINT</type>

	<n>wingR</n>
	<n>engineR</n>
	<coord>
		<uv>0.220311 0 0 0</uv>
	</coord>
	<coord>
		<uv>0 0 0 0</uv>
	</coord>
</edge>

<edge>
	<id>wingL : engineL</id>
	<type>POINT</type>

	<n>wingL</n>
	<n>engineL</n>
	<coord>
		<uv>0.216694 0 0 0</uv>
	</coord>
	<coord>
		<uv>0 0 0 0</uv>
	</coord>
</edge>

<group>
	<n>tailR</n>
	<n>tailL</n>
</group>

<group>
	<n>wingR</n>
	<n>wingL</n>
</group>

<group>
	<n>engineR</n>
	<n>engineL</n>
</group>

<group>
	<n>wheelL</n>
	<n>wheelR</n>
</group>


</document>
