<?xml version="1.0" encoding="UTF-8" ?>
<document>
<node>
	<id>leg03</id>
	<type>CURVE</type>
	<mesh>meshes/leg03.obj</mesh>

	<controls>
		<c>6</c>
	</controls>

	<point>-0.512714 0.395396 2.31512e-17</point>
	<point>-0.512714 0.395396 0.193956</point>
	<point>-0.512714 0.395396 0.387912</point>
	<point>-0.512714 0.395396 0.581866</point>
	<point>-0.512714 0.395396 0.775822</point>
	<point>-0.512714 0.395396 0.969778</point>

	<weights>1 1 1 1 1 1 </weights>

	<meta><key>label</key><value>leg-front-right</value></meta>

	<meta><key>parentLabel</key><value>leg</value></meta>
</node>

<node>
	<id>leg04</id>
	<type>CURVE</type>
	<mesh>meshes/leg04.obj</mesh>

	<controls>
		<c>6</c>
	</controls>

	<point>-0.512714 -0.399924 2.31512e-17</point>
	<point>-0.512714 -0.399924 0.193956</point>
	<point>-0.512714 -0.399924 0.387912</point>
	<point>-0.512714 -0.399924 0.581866</point>
	<point>-0.512714 -0.399924 0.775822</point>
	<point>-0.512714 -0.399924 0.969778</point>

	<weights>1 1 1 1 1 1 </weights>

	<meta><key>label</key><value>leg-front-left</value></meta>

	<meta><key>parentLabel</key><value>leg</value></meta>
</node>

<node>
	<id>leg02</id>
	<type>CURVE</type>
	<mesh>meshes/leg02.obj</mesh>

	<controls>
		<c>6</c>
	</controls>

	<point>0.513506 -0.399924 2.31512e-17</point>
	<point>0.513506 -0.399924 0.193956</point>
	<point>0.513506 -0.399924 0.387912</point>
	<point>0.513506 -0.399924 0.581866</point>
	<point>0.513506 -0.399924 0.775822</point>
	<point>0.513506 -0.399924 0.969778</point>

	<weights>1 1 1 1 1 1 </weights>

	<meta><key>label</key><value>leg-back-left</value></meta>

	<meta><key>parentLabel</key><value>leg</value></meta>
</node>

<node>
	<id>leg01</id>
	<type>CURVE</type>
	<mesh>meshes/leg01.obj</mesh>

	<controls>
		<c>6</c>
	</controls>

	<point>0.513506 0.395396 2.31512e-17</point>
	<point>0.513506 0.395396 0.193956</point>
	<point>0.513506 0.395396 0.387912</point>
	<point>0.513506 0.395396 0.581866</point>
	<point>0.513506 0.395396 0.775822</point>
	<point>0.513506 0.395396 0.969778</point>

	<weights>1 1 1 1 1 1 </weights>

	<meta><key>label</key><value>leg-back-right</value></meta>

	<meta><key>parentLabel</key><value>leg</value></meta>
</node>

<node>
	<id>side2</id>
	<type>CURVE</type>
	<mesh>meshes/side2.obj</mesh>

	<controls>
		<c>6</c>
	</controls>

	<point>0.439105 -0.399129 0.997999</point>
	<point>0.263622 -0.399129 0.997999</point>
	<point>0.0881386 -0.399129 0.997999</point>
	<point>-0.0873445 -0.39913 0.997999</point>
	<point>-0.262829 -0.39913 0.997999</point>
	<point>-0.438311 -0.39913 0.997999</point>

	<weights>1 1 1 1 1 1 </weights>

	<meta><key>label</key><value>support-bar-other</value></meta>

	<meta><key>parentLabel</key><value>support</value></meta>
</node>

<node>
	<id>side1</id>
	<type>CURVE</type>
	<mesh>meshes/side1.obj</mesh>

	<controls>
		<c>6</c>
	</controls>

	<point>0.439105 0.399924 0.997999</point>
	<point>0.263622 0.399924 0.997999</point>
	<point>0.0881386 0.399924 0.997999</point>
	<point>-0.0873445 0.399923 0.997999</point>
	<point>-0.262829 0.399923 0.997999</point>
	<point>-0.438311 0.399923 0.997999</point>

	<weights>1 1 1 1 1 1 </weights>

	<meta><key>label</key><value>support-bar-other</value></meta>

	<meta><key>parentLabel</key><value>support</value></meta>
</node>

<node>
	<id>Box008</id>
	<type>CURVE</type>
	<mesh>meshes/Box008.obj</mesh>

	<controls>
		<c>6</c>
	</controls>

	<point>-0.515022 0.331644 0.997999</point>
	<point>-0.515022 0.194489 0.997999</point>
	<point>-0.515022 0.0573349 0.997999</point>
	<point>-0.515022 -0.0798193 0.997999</point>
	<point>-0.515022 -0.216973 0.997999</point>
	<point>-0.515022 -0.354129 0.997999</point>

	<weights>1 1 1 1 1 1 </weights>

	<meta><key>label</key><value>support-bar-other</value></meta>

	<meta><key>parentLabel</key><value>support</value></meta>
</node>

<node>
	<id>Box009</id>
	<type>CURVE</type>
	<mesh>meshes/Box009.obj</mesh>

	<controls>
		<c>6</c>
	</controls>

	<point>0.515022 0.331644 0.997999</point>
	<point>0.515022 0.194489 0.997999</point>
	<point>0.515022 0.0573349 0.997999</point>
	<point>0.515022 -0.0798193 0.997999</point>
	<point>0.515022 -0.216973 0.997999</point>
	<point>0.515022 -0.354129 0.997999</point>

	<weights>1 1 1 1 1 1 </weights>

	<meta><key>label</key><value>support-bar-other</value></meta>

	<meta><key>parentLabel</key><value>support</value></meta>
</node>

<node>
	<id>frame1</id>
	<type>CURVE</type>
	<mesh>meshes/frame1.obj</mesh>

	<controls>
		<c>6</c>
	</controls>

	<point>0.439105 -0.399923 0.0641385</point>
	<point>0.263622 -0.399923 0.0641385</point>
	<point>0.0881386 -0.399923 0.0641385</point>
	<point>-0.0873445 -0.399924 0.0641385</point>
	<point>-0.262829 -0.399924 0.0641385</point>
	<point>-0.438311 -0.399924 0.0641385</point>

	<weights>1 1 1 1 1 1 </weights>

	<meta><key>label</key><value>mattress-bar-left</value></meta>

	<meta><key>parentLabel</key><value>mattress</value></meta>
</node>

<node>
	<id>frame2</id>
	<type>CURVE</type>
	<mesh>meshes/frame2.obj</mesh>

	<controls>
		<c>6</c>
	</controls>

	<point>0.439105 0.393067 0.0641385</point>
	<point>0.263622 0.393067 0.0641385</point>
	<point>0.0881386 0.393067 0.0641385</point>
	<point>-0.0873445 0.393066 0.0641385</point>
	<point>-0.262829 0.393066 0.0641385</point>
	<point>-0.438311 0.393066 0.0641385</point>

	<weights>1 1 1 1 1 1 </weights>

	<meta><key>label</key><value>mattress-bar-right</value></meta>

	<meta><key>parentLabel</key><value>mattress</value></meta>
</node>

<node>
	<id>boardSmall</id>
	<type>CURVE</type>
	<mesh>meshes/boardSmall.obj</mesh>

	<controls>
		<c>6</c>
	</controls>

	<point>-0.51227 0.367103 0.158474</point>
	<point>-0.512504 0.220844 0.163359</point>
	<point>-0.512739 0.0745847 0.168243</point>
	<point>-0.512973 -0.0716736 0.173128</point>
	<point>-0.513208 -0.217933 0.178013</point>
	<point>-0.513443 -0.364191 0.182898</point>

	<weights>1 1 1 1 1 1 </weights>

	<meta><key>label</key><value>support-bar-front</value></meta>

	<meta><key>parentLabel</key><value>support</value></meta>
</node>

<node>
	<id>boardLarge</id>
	<type>CURVE</type>
	<mesh>meshes/boardLarge.obj</mesh>

	<controls>
		<c>6</c>
	</controls>

	<point>0.513527 0.332542 0.279646</point>
	<point>0.513518 0.19862 0.279644</point>
	<point>0.513508 0.0646985 0.279644</point>
	<point>0.513499 -0.0692234 0.279644</point>
	<point>0.51349 -0.203145 0.279644</point>
	<point>0.51348 -0.337067 0.279644</point>

	<weights>1 1 1 1 1 1 </weights>

	<meta><key>label</key><value>support-bar-back</value></meta>

	<meta><key>parentLabel</key><value>support</value></meta>
</node>

<node>
	<id>planks02</id>
	<type>CURVE</type>
	<mesh>meshes/planks02.obj</mesh>

	<controls>
		<c>6</c>
	</controls>

	<point>-0.32475 0.34206 0.0643697</point>
	<point>-0.323995 0.204331 0.0651224</point>
	<point>-0.32324 0.066602 0.0658742</point>
	<point>-0.322484 -0.0711276 0.0666267</point>
	<point>-0.32173 -0.208856 0.0673786</point>
	<point>-0.320975 -0.346585 0.0681313</point>

	<weights>1 1 1 1 1 1 </weights>

	<meta><key>label</key><value>mattress</value></meta>

	<meta><key>parentLabel</key><value>mattress</value></meta>
</node>

<node>
	<id>planks03</id>
	<type>CURVE</type>
	<mesh>meshes/planks03.obj</mesh>

	<controls>
		<c>6</c>
	</controls>

	<point>-0.109477 0.342093 0.0638088</point>
	<point>-0.108629 0.204351 0.0646619</point>
	<point>-0.10778 0.0666084 0.065515</point>
	<point>-0.106933 -0.0711341 0.0663682</point>
	<point>-0.106085 -0.208877 0.0672213</point>
	<point>-0.105236 -0.346619 0.0680745</point>

	<weights>1 1 1 1 1 1 </weights>

	<meta><key>label</key><value>mattress</value></meta>

	<meta><key>parentLabel</key><value>mattress</value></meta>
</node>

<node>
	<id>planks09</id>
	<type>CURVE</type>
	<mesh>meshes/planks09.obj</mesh>

	<controls>
		<c>6</c>
	</controls>

	<point>0.431412 0.341781 0.0673326</point>
	<point>0.431412 0.204164 0.0673326</point>
	<point>0.431412 0.0665462 0.0673326</point>
	<point>0.431412 -0.0710715 0.0673326</point>
	<point>0.431412 -0.208688 0.0673326</point>
	<point>0.431412 -0.346306 0.0673326</point>

	<weights>1 1 1 1 1 1 </weights>

	<meta><key>label</key><value>mattress</value></meta>

	<meta><key>parentLabel</key><value>mattress</value></meta>
</node>

<node>
	<id>planks05</id>
	<type>CURVE</type>
	<mesh>meshes/planks05.obj</mesh>

	<controls>
		<c>6</c>
	</controls>

	<point>-0.432951 0.342125 0.0639534</point>
	<point>-0.432019 0.20437 0.0648885</point>
	<point>-0.431086 0.0666158 0.0658239</point>
	<point>-0.430153 -0.0711393 0.0667592</point>
	<point>-0.42922 -0.208894 0.0676945</point>
	<point>-0.428288 -0.346649 0.0686295</point>

	<weights>1 1 1 1 1 1 </weights>

	<meta><key>label</key><value>mattress</value></meta>

	<meta><key>parentLabel</key><value>mattress</value></meta>
</node>

<node>
	<id>planks08</id>
	<type>CURVE</type>
	<mesh>meshes/planks08.obj</mesh>

	<controls>
		<c>6</c>
	</controls>

	<point>0.106531 0.342022 0.0653323</point>
	<point>0.107178 0.204308 0.0659823</point>
	<point>0.107825 0.0665948 0.0666322</point>
	<point>0.108473 -0.0711184 0.0672822</point>
	<point>0.10912 -0.208832 0.0679321</point>
	<point>0.109768 -0.346546 0.0685821</point>

	<weights>1 1 1 1 1 1 </weights>

	<meta><key>label</key><value>mattress</value></meta>

	<meta><key>parentLabel</key><value>mattress</value></meta>
</node>

<node>
	<id>planks06</id>
	<type>CURVE</type>
	<mesh>meshes/planks06.obj</mesh>

	<controls>
		<c>6</c>
	</controls>

	<point>0.322722 0.341919 0.066221</point>
	<point>0.323096 0.204246 0.0665935</point>
	<point>0.32347 0.0665732 0.066966</point>
	<point>0.323844 -0.0711002 0.0673385</point>
	<point>0.324218 -0.208773 0.067711</point>
	<point>0.324592 -0.346447 0.0680835</point>

	<weights>1 1 1 1 1 1 </weights>

	<meta><key>label</key><value>mattress</value></meta>

	<meta><key>parentLabel</key><value>mattress</value></meta>
</node>

<node>
	<id>planks07</id>
	<type>CURVE</type>
	<mesh>meshes/planks07.obj</mesh>

	<controls>
		<c>6</c>
	</controls>

	<point>0.214599 0.341974 0.0659634</point>
	<point>0.21512 0.20428 0.0664843</point>
	<point>0.215641 0.0665849 0.0670052</point>
	<point>0.216164 -0.0711093 0.0675269</point>
	<point>0.216685 -0.208804 0.0680479</point>
	<point>0.217207 -0.346499 0.0685688</point>

	<weights>1 1 1 1 1 1 </weights>

	<meta><key>label</key><value>mattress</value></meta>

	<meta><key>parentLabel</key><value>mattress</value></meta>
</node>

<node>
	<id>planks01</id>
	<type>CURVE</type>
	<mesh>meshes/planks01.obj</mesh>

	<controls>
		<c>6</c>
	</controls>

	<point>-0.00155783 0.34207 0.064438</point>
	<point>-0.000776375 0.204337 0.065223</point>
	<point>4.82221e-06 0.0666043 0.0660077</point>
	<point>0.000786281 -0.0711289 0.0667927</point>
	<point>0.00156761 -0.208862 0.0675775</point>
	<point>0.00234894 -0.346594 0.0683624</point>

	<weights>1 1 1 1 1 1 </weights>

	<meta><key>label</key><value>mattress</value></meta>

	<meta><key>parentLabel</key><value>mattress</value></meta>
</node>

<node>
	<id>planks04</id>
	<type>CURVE</type>
	<mesh>meshes/planks04.obj</mesh>

	<controls>
		<c>6</c>
	</controls>

	<point>-0.2171 0.342074 0.0639275</point>
	<point>-0.216305 0.20434 0.0647221</point>
	<point>-0.215508 0.0666058 0.0655166</point>
	<point>-0.214712 -0.0711289 0.0663112</point>
	<point>-0.213917 -0.208863 0.0671058</point>
	<point>-0.213121 -0.346598 0.0679003</point>

	<weights>1 1 1 1 1 1 </weights>

	<meta><key>label</key><value>mattress</value></meta>

	<meta><key>parentLabel</key><value>mattress</value></meta>
</node>

<node>
	<id>middle</id>
	<type>CURVE</type>
	<mesh>meshes/middle.obj</mesh>

	<controls>
		<c>6</c>
	</controls>

	<point>-0.000886244 0.343573 1</point>
	<point>-0.000886244 0.203186 1</point>
	<point>-0.000886244 0.0627991 1</point>
	<point>-0.000886244 -0.077588 1</point>
	<point>-0.000886244 -0.217974 1</point>
	<point>-0.000886244 -0.358362 1</point>

	<weights>1 1 1 1 1 1 </weights>

	<meta><key>label</key><value>support-bar-other</value></meta>

	<meta><key>parentLabel</key><value>support</value></meta>
</node>

<edge>
	<id>frame1 : planks02</id>
	<type>POINT</type>

	<n>frame1</n>
	<n>planks02</n>
	<coord>
		<uv>0.917503 0 0 0</uv>
	</coord>
	<coord>
		<uv>1 0 0 0</uv>
	</coord>
</edge>

<edge>
	<id>frame1 : planks03</id>
	<type>POINT</type>

	<n>frame1</n>
	<n>planks03</n>
	<coord>
		<uv>0.666634 0 0 0</uv>
	</coord>
	<coord>
		<uv>1 0 0 0</uv>
	</coord>
</edge>

<edge>
	<id>frame1 : planks09</id>
	<type>POINT</type>

	<n>frame1</n>
	<n>planks09</n>
	<coord>
		<uv>0.00245625 0 0 0</uv>
	</coord>
	<coord>
		<uv>1 0 0 0</uv>
	</coord>
</edge>

<edge>
	<id>frame1 : planks05</id>
	<type>POINT</type>

	<n>frame1</n>
	<n>planks05</n>
	<coord>
		<uv>0.9968 0 0 0</uv>
	</coord>
	<coord>
		<uv>1 0 0 0</uv>
	</coord>
</edge>

<edge>
	<id>frame1 : planks08</id>
	<type>POINT</type>

	<n>frame1</n>
	<n>planks08</n>
	<coord>
		<uv>0.330545 0 0 0</uv>
	</coord>
	<coord>
		<uv>1 0 0 0</uv>
	</coord>
</edge>

<edge>
	<id>frame1 : planks06</id>
	<type>POINT</type>

	<n>frame1</n>
	<n>planks06</n>
	<coord>
		<uv>0.0813592 0 0 0</uv>
	</coord>
	<coord>
		<uv>1 0 0 0</uv>
	</coord>
</edge>

<edge>
	<id>frame1 : planks07</id>
	<type>POINT</type>

	<n>frame1</n>
	<n>planks07</n>
	<coord>
		<uv>0.185652 0 0 0</uv>
	</coord>
	<coord>
		<uv>1 0 0 0</uv>
	</coord>
</edge>

<edge>
	<id>frame1 : planks01</id>
	<type>POINT</type>

	<n>frame1</n>
	<n>planks01</n>
	<coord>
		<uv>0.48641 0 0 0</uv>
	</coord>
	<coord>
		<uv>1 0 0 0</uv>
	</coord>
</edge>

<edge>
	<id>frame1 : planks04</id>
	<type>POINT</type>

	<n>frame1</n>
	<n>planks04</n>
	<coord>
		<uv>0.812515 0 0 0</uv>
	</coord>
	<coord>
		<uv>1 0 0 0</uv>
	</coord>
</edge>

<edge>
	<id>frame2 : planks02</id>
	<type>POINT</type>

	<n>frame2</n>
	<n>planks02</n>
	<coord>
		<uv>0.919023 0 0 0</uv>
	</coord>
	<coord>
		<uv>0 0 0 0</uv>
	</coord>
</edge>

<edge>
	<id>frame2 : planks03</id>
	<type>POINT</type>

	<n>frame2</n>
	<n>planks03</n>
	<coord>
		<uv>0.669832 0 0 0</uv>
	</coord>
	<coord>
		<uv>0 0 0 0</uv>
	</coord>
</edge>

<edge>
	<id>frame2 : planks09</id>
	<type>POINT</type>

	<n>frame2</n>
	<n>planks09</n>
	<coord>
		<uv>0.00245625 0 0 0</uv>
	</coord>
	<coord>
		<uv>0 0 0 0</uv>
	</coord>
</edge>

<edge>
	<id>frame2 : planks05</id>
	<type>POINT</type>

	<n>frame2</n>
	<n>planks05</n>
	<coord>
		<uv>0.998289 0 0 0</uv>
	</coord>
	<coord>
		<uv>0 0 0 0</uv>
	</coord>
</edge>

<edge>
	<id>frame2 : planks08</id>
	<type>POINT</type>

	<n>frame2</n>
	<n>planks08</n>
	<coord>
		<uv>0.332986 0 0 0</uv>
	</coord>
	<coord>
		<uv>0 0 0 0</uv>
	</coord>
</edge>

<edge>
	<id>frame2 : planks06</id>
	<type>POINT</type>

	<n>frame2</n>
	<n>planks06</n>
	<coord>
		<uv>0.0821117 0 0 0</uv>
	</coord>
	<coord>
		<uv>0 0 0 0</uv>
	</coord>
</edge>

<edge>
	<id>frame2 : planks07</id>
	<type>POINT</type>

	<n>frame2</n>
	<n>planks07</n>
	<coord>
		<uv>0.187103 0 0 0</uv>
	</coord>
	<coord>
		<uv>0 0 0 0</uv>
	</coord>
</edge>

<edge>
	<id>frame2 : planks01</id>
	<type>POINT</type>

	<n>frame2</n>
	<n>planks01</n>
	<coord>
		<uv>0.51359 0 0 0</uv>
	</coord>
	<coord>
		<uv>0 0 0 0</uv>
	</coord>
</edge>

<edge>
	<id>frame2 : planks04</id>
	<type>POINT</type>

	<n>frame2</n>
	<n>planks04</n>
	<coord>
		<uv>0.814728 0 0 0</uv>
	</coord>
	<coord>
		<uv>0 0 0 0</uv>
	</coord>
</edge>

<edge>
	<id>middle : side2</id>
	<type>POINT</type>

	<n>middle</n>
	<n>side2</n>
	<coord>
		<uv>1 0 0 0</uv>
	</coord>
	<coord>
		<uv>0.513024 0 0 0</uv>
	</coord>
</edge>

<edge>
	<id>middle : side1</id>
	<type>POINT</type>

	<n>middle</n>
	<n>side1</n>
	<coord>
		<uv>0 0 0 0</uv>
	</coord>
	<coord>
		<uv>0.513024 0 0 0</uv>
	</coord>
</edge>

<edge>
	<id>leg04 : Box008</id>
	<type>POINT</type>

	<n>leg04</n>
	<n>Box008</n>
	<coord>
		<uv>1 0 0 0</uv>
	</coord>
	<coord>
		<uv>1 0 0 0</uv>
	</coord>
</edge>

<edge>
	<id>leg04 : side2</id>
	<type>POINT</type>

	<n>leg04</n>
	<n>side2</n>
	<coord>
		<uv>1 0 0 0</uv>
	</coord>
	<coord>
		<uv>1 0 0 0</uv>
	</coord>
</edge>

<edge>
	<id>leg04 : boardSmall</id>
	<type>POINT</type>

	<n>leg04</n>
	<n>boardSmall</n>
	<coord>
		<uv>0.123401 0 0 0</uv>
	</coord>
	<coord>
		<uv>1 0 0 0</uv>
	</coord>
</edge>

<edge>
	<id>leg04 : frame1</id>
	<type>POINT</type>

	<n>leg04</n>
	<n>frame1</n>
	<coord>
		<uv>0.0414371 0 0 0</uv>
	</coord>
	<coord>
		<uv>1 0 0 0</uv>
	</coord>
</edge>

<edge>
	<id>leg02 : Box008</id>
	<type>POINT</type>

	<n>leg02</n>
	<n>Box008</n>
	<coord>
		<uv>1 0 0 0</uv>
	</coord>
	<coord>
		<uv>1 0 0 0</uv>
	</coord>
</edge>

<edge>
	<id>leg02 : side2</id>
	<type>POINT</type>

	<n>leg02</n>
	<n>side2</n>
	<coord>
		<uv>1 0 0 0</uv>
	</coord>
	<coord>
		<uv>0 0 0 0</uv>
	</coord>
</edge>

<edge>
	<id>leg02 : frame1</id>
	<type>POINT</type>

	<n>leg02</n>
	<n>frame1</n>
	<coord>
		<uv>0.0414371 0 0 0</uv>
	</coord>
	<coord>
		<uv>0 0 0 0</uv>
	</coord>
</edge>

<edge>
	<id>leg02 : boardLarge</id>
	<type>POINT</type>

	<n>leg02</n>
	<n>boardLarge</n>
	<coord>
		<uv>0.213444 0 0 0</uv>
	</coord>
	<coord>
		<uv>1 0 0 0</uv>
	</coord>
</edge>

<edge>
	<id>leg01 : side1</id>
	<type>POINT</type>

	<n>leg01</n>
	<n>side1</n>
	<coord>
		<uv>1 0 0 0</uv>
	</coord>
	<coord>
		<uv>0 0 0 0</uv>
	</coord>
</edge>

<edge>
	<id>leg01 : frame2</id>
	<type>POINT</type>

	<n>leg01</n>
	<n>frame2</n>
	<coord>
		<uv>0.0414371 0 0 0</uv>
	</coord>
	<coord>
		<uv>0 0 0 0</uv>
	</coord>
</edge>

<edge>
	<id>leg01 : Box009</id>
	<type>POINT</type>

	<n>leg01</n>
	<n>Box009</n>
	<coord>
		<uv>1 0 0 0</uv>
	</coord>
	<coord>
		<uv>0 0 0 0</uv>
	</coord>
</edge>

<edge>
	<id>leg01 : boardLarge</id>
	<type>POINT</type>

	<n>leg01</n>
	<n>boardLarge</n>
	<coord>
		<uv>0.213445 0 0 0</uv>
	</coord>
	<coord>
		<uv>0 0 0 0</uv>
	</coord>
</edge>

<edge>
	<id>leg03 : side1</id>
	<type>POINT</type>

	<n>leg03</n>
	<n>side1</n>
	<coord>
		<uv>1 0 0 0</uv>
	</coord>
	<coord>
		<uv>1 0 0 0</uv>
	</coord>
</edge>

<edge>
	<id>leg03 : frame2</id>
	<type>POINT</type>

	<n>leg03</n>
	<n>frame2</n>
	<coord>
		<uv>0.0414371 0 0 0</uv>
	</coord>
	<coord>
		<uv>1 0 0 0</uv>
	</coord>
</edge>

<edge>
	<id>leg03 : Box008</id>
	<type>POINT</type>

	<n>leg03</n>
	<n>Box008</n>
	<coord>
		<uv>1 0 0 0</uv>
	</coord>
	<coord>
		<uv>0 0 0 0</uv>
	</coord>
</edge>

<edge>
	<id>leg03 : boardSmall</id>
	<type>POINT</type>

	<n>leg03</n>
	<n>boardSmall</n>
	<coord>
		<uv>0.101693 0 0 0</uv>
	</coord>
	<coord>
		<uv>0 0 0 0</uv>
	</coord>
</edge>

<group>
	<n>leg03</n>
	<n>leg04</n>
</group>

<group>
	<n>leg02</n>
	<n>leg01</n>
</group>

<group>
	<n>side2</n>
	<n>side1</n>
</group>

<group>
	<n>frame1</n>
	<n>frame2</n>
</group>

<group>
	<n>planks02</n>
	<n>planks03</n>
	<n>planks09</n>
	<n>planks05</n>
	<n>planks08</n>
	<n>planks06</n>
	<n>planks07</n>
	<n>planks01</n>
	<n>planks04</n>
</group>


</document>
