<?xml version="1.0" encoding="UTF-8" ?>
<document>
<node>
	<id>LowBoardSheet</id>
	<type>SHEET</type>
	<mesh>meshes/LowBoard.obj</mesh>

	<controls>
		<c>6</c>
		<c>6</c>
	</controls>

	<point>-0.66257 -0.326705 0.23831</point>
	<point>-0.66257 -0.254305 0.23831</point>
	<point>-0.66257 -0.109505 0.23831</point>
	<point>-0.66257 0.107696 0.23831</point>
	<point>-0.66257 0.252497 0.23831</point>
	<point>-0.66257 0.324897 0.23831</point>
	<point>-0.514793 -0.326705 0.23831</point>
	<point>-0.514793 -0.254305 0.23831</point>
	<point>-0.514793 -0.109505 0.23831</point>
	<point>-0.514793 0.107696 0.23831</point>
	<point>-0.514793 0.252497 0.23831</point>
	<point>-0.514793 0.324897 0.23831</point>
	<point>-0.219235 -0.326705 0.23831</point>
	<point>-0.219235 -0.254305 0.23831</point>
	<point>-0.219235 -0.109505 0.23831</point>
	<point>-0.219235 0.107696 0.23831</point>
	<point>-0.219235 0.252497 0.23831</point>
	<point>-0.219235 0.324897 0.23831</point>
	<point>0.224102 -0.326705 0.23831</point>
	<point>0.224102 -0.254305 0.23831</point>
	<point>0.224102 -0.109505 0.23831</point>
	<point>0.224102 0.107696 0.23831</point>
	<point>0.224102 0.252497 0.23831</point>
	<point>0.224102 0.324897 0.23831</point>
	<point>0.51966 -0.326705 0.23831</point>
	<point>0.51966 -0.254305 0.23831</point>
	<point>0.51966 -0.109505 0.23831</point>
	<point>0.51966 0.107696 0.23831</point>
	<point>0.51966 0.252497 0.23831</point>
	<point>0.51966 0.324897 0.23831</point>
	<point>0.667443 -0.326705 0.23831</point>
	<point>0.667443 -0.254305 0.23831</point>
	<point>0.667443 -0.109505 0.23831</point>
	<point>0.667443 0.107696 0.23831</point>
	<point>0.667443 0.252497 0.23831</point>
	<point>0.667443 0.324897 0.23831</point>

	<weights>1 1 1 1 1 1 1 1 1 1 1 1 1 1 1 1 1 1 1 1 1 1 1 1 1 1 1 1 1 1 1 1 1 1 1 1 </weights>

	<meta><key>label</key><value>mattress</value></meta>

	<meta><key>parentLabel</key><value>mattress</value></meta>
</node>

<node>
	<id>LeftFrontLeg</id>
	<type>CURVE</type>
	<mesh>meshes/LeftFrontLeg.obj</mesh>

	<controls>
		<c>8</c>
	</controls>

	<point>-0.706521 -0.33414 2.79853e-08</point>
	<point>-0.706601 -0.33414 0.0864571</point>
	<point>-0.706761 -0.33414 0.259373</point>
	<point>-0.706994 -0.33414 0.518746</point>
	<point>-0.707227 -0.33414 0.778116</point>
	<point>-0.70746 -0.33414 1.03749</point>
	<point>-0.707613 -0.33414 1.21041</point>
	<point>-0.707693 -0.33414 1.29687</point>

	<weights>1 1 1 1 1 1 1 1 </weights>

	<meta><key>label</key><value>leg-front-left</value></meta>

	<meta><key>parentLabel</key><value>leg</value></meta>
</node>

<node>
	<id>LeftBackLeg</id>
	<type>CURVE</type>
	<mesh>meshes/LeftBackLeg.obj</mesh>

	<controls>
		<c>8</c>
	</controls>

	<point>-0.706521 0.33414 2.79853e-08</point>
	<point>-0.706601 0.33414 0.0864571</point>
	<point>-0.706761 0.33414 0.259373</point>
	<point>-0.706994 0.33414 0.518746</point>
	<point>-0.707227 0.33414 0.778116</point>
	<point>-0.70746 0.33414 1.03749</point>
	<point>-0.707613 0.33414 1.21041</point>
	<point>-0.707693 0.33414 1.29687</point>

	<weights>1 1 1 1 1 1 1 1 </weights>

	<meta><key>label</key><value>leg-front-right</value></meta>

	<meta><key>parentLabel</key><value>leg</value></meta>
</node>

<node>
	<id>RightFrontLeg</id>
	<type>CURVE</type>
	<mesh>meshes/RightFrontLeg.obj</mesh>

	<controls>
		<c>8</c>
	</controls>

	<point>0.707693 -0.33414 2.79853e-08</point>
	<point>0.707613 -0.33414 0.0864571</point>
	<point>0.70746 -0.33414 0.259373</point>
	<point>0.70722 -0.33414 0.518746</point>
	<point>0.706987 -0.33414 0.778116</point>
	<point>0.706754 -0.33414 1.03749</point>
	<point>0.706595 -0.33414 1.21041</point>
	<point>0.706515 -0.33414 1.29687</point>

	<weights>1 1 1 1 1 1 1 1 </weights>

	<meta><key>label</key><value>leg-back-left</value></meta>

	<meta><key>parentLabel</key><value>leg</value></meta>
</node>

<node>
	<id>RightBackLeg</id>
	<type>CURVE</type>
	<mesh>meshes/RightBackLeg.obj</mesh>

	<controls>
		<c>8</c>
	</controls>

	<point>0.707693 0.33414 2.79853e-08</point>
	<point>0.707613 0.33414 0.0864571</point>
	<point>0.70746 0.33414 0.259373</point>
	<point>0.70722 0.33414 0.518746</point>
	<point>0.706987 0.33414 0.778116</point>
	<point>0.706754 0.33414 1.03749</point>
	<point>0.706595 0.33414 1.21041</point>
	<point>0.706515 0.33414 1.29687</point>

	<weights>1 1 1 1 1 1 1 1 </weights>

	<meta><key>label</key><value>leg-back-right</value></meta>

	<meta><key>parentLabel</key><value>leg</value></meta>
</node>

<node>
	<id>LowLeftUpBar</id>
	<type>CURVE</type>
	<mesh>meshes/LowLeftUpBar.obj</mesh>

	<controls>
		<c>8</c>
	</controls>

	<point>-0.706508 0.322699 0.545159</point>
	<point>-0.706508 0.279947 0.545159</point>
	<point>-0.706508 0.194441 0.545159</point>
	<point>-0.706508 0.0661823 0.545159</point>
	<point>-0.706508 -0.062076 0.545159</point>
	<point>-0.706508 -0.190334 0.545159</point>
	<point>-0.706508 -0.275839 0.545159</point>
	<point>-0.706508 -0.318593 0.545159</point>

	<weights>1 1 1 1 1 1 1 1 </weights>

	<meta><key>label</key><value>support-bar-front</value></meta>

	<meta><key>parentLabel</key><value>support</value></meta>
</node>

<node>
	<id>LowLeftDownBar</id>
	<type>CURVE</type>
	<mesh>meshes/LowLeftDownBar.obj</mesh>

	<controls>
		<c>8</c>
	</controls>

	<point>-0.706508 0.322699 0.395754</point>
	<point>-0.706508 0.279947 0.395754</point>
	<point>-0.706508 0.194441 0.395754</point>
	<point>-0.706508 0.0661823 0.395754</point>
	<point>-0.706508 -0.062076 0.395754</point>
	<point>-0.706508 -0.190334 0.395754</point>
	<point>-0.706508 -0.275839 0.395754</point>
	<point>-0.706508 -0.318593 0.395754</point>

	<weights>1 1 1 1 1 1 1 1 </weights>

	<meta><key>label</key><value>support-bar-front</value></meta>

	<meta><key>parentLabel</key><value>support</value></meta>
</node>

<node>
	<id>LowRightUpBar</id>
	<type>CURVE</type>
	<mesh>meshes/LowRightUpBar.obj</mesh>

	<controls>
		<c>8</c>
	</controls>

	<point>0.707367 0.322699 0.545159</point>
	<point>0.707367 0.279947 0.545159</point>
	<point>0.707367 0.194441 0.545159</point>
	<point>0.707367 0.0661823 0.545159</point>
	<point>0.707367 -0.062076 0.545159</point>
	<point>0.707367 -0.190334 0.545159</point>
	<point>0.707367 -0.275839 0.545159</point>
	<point>0.707367 -0.318593 0.545159</point>

	<weights>1 1 1 1 1 1 1 1 </weights>

	<meta><key>label</key><value>support-bar-back</value></meta>

	<meta><key>parentLabel</key><value>support</value></meta>
</node>

<node>
	<id>UpRightDownBar</id>
	<type>CURVE</type>
	<mesh>meshes/UpRightDownBar.obj</mesh>

	<controls>
		<c>8</c>
	</controls>

	<point>0.707367 0.322699 1.08112</point>
	<point>0.707367 0.279947 1.08112</point>
	<point>0.707367 0.194441 1.08112</point>
	<point>0.707367 0.0661823 1.08112</point>
	<point>0.707367 -0.062076 1.08112</point>
	<point>0.707367 -0.190334 1.08112</point>
	<point>0.707367 -0.275839 1.08112</point>
	<point>0.707367 -0.318593 1.08112</point>

	<weights>1 1 1 1 1 1 1 1 </weights>

	<meta><key>label</key><value>support-bar-back</value></meta>

	<meta><key>parentLabel</key><value>support</value></meta>
</node>

<node>
	<id>UpBoardSheet</id>
	<type>SHEET</type>
	<mesh>meshes/UpBoard.obj</mesh>

	<controls>
		<c>6</c>
		<c>6</c>
	</controls>

	<point>-0.66257 -0.326705 0.926822</point>
	<point>-0.66257 -0.254305 0.926822</point>
	<point>-0.66257 -0.109505 0.926822</point>
	<point>-0.66257 0.107696 0.926822</point>
	<point>-0.66257 0.252497 0.926822</point>
	<point>-0.66257 0.324897 0.926822</point>
	<point>-0.514793 -0.326705 0.926822</point>
	<point>-0.514793 -0.254305 0.926822</point>
	<point>-0.514793 -0.109505 0.926822</point>
	<point>-0.514793 0.107696 0.926822</point>
	<point>-0.514793 0.252497 0.926822</point>
	<point>-0.514793 0.324897 0.926822</point>
	<point>-0.219235 -0.326705 0.926822</point>
	<point>-0.219235 -0.254305 0.926822</point>
	<point>-0.219235 -0.109505 0.926822</point>
	<point>-0.219235 0.107696 0.926822</point>
	<point>-0.219235 0.252497 0.926822</point>
	<point>-0.219235 0.324897 0.926822</point>
	<point>0.224102 -0.326705 0.926822</point>
	<point>0.224102 -0.254305 0.926822</point>
	<point>0.224102 -0.109505 0.926822</point>
	<point>0.224102 0.107696 0.926822</point>
	<point>0.224102 0.252497 0.926822</point>
	<point>0.224102 0.324897 0.926822</point>
	<point>0.51966 -0.326705 0.926822</point>
	<point>0.51966 -0.254305 0.926822</point>
	<point>0.51966 -0.109505 0.926822</point>
	<point>0.51966 0.107696 0.926822</point>
	<point>0.51966 0.252497 0.926822</point>
	<point>0.51966 0.324897 0.926822</point>
	<point>0.667443 -0.326705 0.926822</point>
	<point>0.667443 -0.254305 0.926822</point>
	<point>0.667443 -0.109505 0.926822</point>
	<point>0.667443 0.107696 0.926822</point>
	<point>0.667443 0.252497 0.926822</point>
	<point>0.667443 0.324897 0.926822</point>

	<weights>1 1 1 1 1 1 1 1 1 1 1 1 1 1 1 1 1 1 1 1 1 1 1 1 1 1 1 1 1 1 1 1 1 1 1 1 </weights>

	<meta><key>label</key><value>mattress-other</value></meta>

	<meta><key>parentLabel</key><value>mattress</value></meta>
</node>

<node>
	<id>UpLeftUpBar</id>
	<type>CURVE</type>
	<mesh>meshes/UpLeftUpBar.obj</mesh>

	<controls>
		<c>8</c>
	</controls>

	<point>-0.706508 0.322699 1.23058</point>
	<point>-0.706508 0.279947 1.23058</point>
	<point>-0.706508 0.194441 1.23058</point>
	<point>-0.706508 0.0661823 1.23058</point>
	<point>-0.706508 -0.062076 1.23058</point>
	<point>-0.706508 -0.190334 1.23058</point>
	<point>-0.706508 -0.275839 1.23058</point>
	<point>-0.706508 -0.318593 1.23058</point>

	<weights>1 1 1 1 1 1 1 1 </weights>

	<meta><key>label</key><value>support-bar-front</value></meta>

	<meta><key>parentLabel</key><value>support</value></meta>
</node>

<node>
	<id>UpLeftDownBar</id>
	<type>CURVE</type>
	<mesh>meshes/UpLeftDownBar.obj</mesh>

	<controls>
		<c>8</c>
	</controls>

	<point>-0.706508 0.322699 1.08118</point>
	<point>-0.706508 0.279947 1.08118</point>
	<point>-0.706508 0.194441 1.08118</point>
	<point>-0.706508 0.0661823 1.08118</point>
	<point>-0.706508 -0.062076 1.08118</point>
	<point>-0.706508 -0.190334 1.08118</point>
	<point>-0.706508 -0.275839 1.08118</point>
	<point>-0.706508 -0.318593 1.08118</point>

	<weights>1 1 1 1 1 1 1 1 </weights>

	<meta><key>label</key><value>support-bar-front</value></meta>

	<meta><key>parentLabel</key><value>support</value></meta>
</node>

<node>
	<id>UpRightUpBar</id>
	<type>CURVE</type>
	<mesh>meshes/UpRightUpBar.obj</mesh>

	<controls>
		<c>8</c>
	</controls>

	<point>0.707367 0.322699 1.23052</point>
	<point>0.707367 0.279947 1.23052</point>
	<point>0.707367 0.194441 1.23052</point>
	<point>0.707367 0.0661823 1.23052</point>
	<point>0.707367 -0.062076 1.23052</point>
	<point>0.707367 -0.190334 1.23052</point>
	<point>0.707367 -0.275839 1.23052</point>
	<point>0.707367 -0.318593 1.23052</point>

	<weights>1 1 1 1 1 1 1 1 </weights>

	<meta><key>label</key><value>support-bar-back</value></meta>

	<meta><key>parentLabel</key><value>support</value></meta>
</node>

<node>
	<id>LowRightDownBar</id>
	<type>CURVE</type>
	<mesh>meshes/LowRightDownBar.obj</mesh>

	<controls>
		<c>8</c>
	</controls>

	<point>0.707367 0.322699 0.39594</point>
	<point>0.707367 0.279947 0.39594</point>
	<point>0.707367 0.194441 0.39594</point>
	<point>0.707367 0.0661823 0.39594</point>
	<point>0.707367 -0.062076 0.39594</point>
	<point>0.707367 -0.190334 0.39594</point>
	<point>0.707367 -0.275839 0.39594</point>
	<point>0.707367 -0.318593 0.39594</point>

	<weights>1 1 1 1 1 1 1 1 </weights>

	<meta><key>label</key><value>support-bar-back</value></meta>

	<meta><key>parentLabel</key><value>support</value></meta>
</node>

<edge>
	<id>LeftFrontLeg : UpLeftUpBar</id>
	<type>POINT</type>

	<n>LeftFrontLeg</n>
	<n>UpLeftUpBar</n>
	<coord>
		<uv>0.944446 0 0 0</uv>
	</coord>
	<coord>
		<uv>1 0 0 0</uv>
	</coord>
</edge>

<edge>
	<id>LeftFrontLeg : UpLeftDownBar</id>
	<type>POINT</type>

	<n>LeftFrontLeg</n>
	<n>UpLeftDownBar</n>
	<coord>
		<uv>0.836843 0 0 0</uv>
	</coord>
	<coord>
		<uv>1 0 0 0</uv>
	</coord>
</edge>

<edge>
	<id>LeftFrontLeg : UpBoardSheet</id>
	<type>POINT</type>

	<n>LeftFrontLeg</n>
	<n>UpBoardSheet</n>
	<coord>
		<uv>0.71 0 0 0</uv>
	</coord>
	<coord>
		<uv>0 0 0 0</uv>
	</coord>
</edge>

<edge>
	<id>LeftFrontLeg : LowBoardSheet</id>
	<type>POINT</type>

	<n>LeftFrontLeg</n>
	<n>LowBoardSheet</n>
	<coord>
		<uv>0.175197 0 0 0</uv>
	</coord>
	<coord>
		<uv>0 0 0 0</uv>
	</coord>
</edge>

<edge>
	<id>LeftFrontLeg : LowLeftUpBar</id>
	<type>POINT</type>

	<n>LeftFrontLeg</n>
	<n>LowLeftUpBar</n>
	<coord>
		<uv>0.420184 0 0 0</uv>
	</coord>
	<coord>
		<uv>1 0 0 0</uv>
	</coord>
</edge>

<edge>
	<id>LeftFrontLeg : LowLeftDownBar</id>
	<type>POINT</type>

	<n>LeftFrontLeg</n>
	<n>LowLeftDownBar</n>
	<coord>
		<uv>0.302581 0 0 0</uv>
	</coord>
	<coord>
		<uv>1 0 0 0</uv>
	</coord>
</edge>

<edge>
	<id>LeftBackLeg : UpLeftUpBar</id>
	<type>POINT</type>

	<n>LeftBackLeg</n>
	<n>UpLeftUpBar</n>
	<coord>
		<uv>0.944446 0 0 0</uv>
	</coord>
	<coord>
		<uv>0 0 0 0</uv>
	</coord>
</edge>

<edge>
	<id>LeftBackLeg : UpLeftDownBar</id>
	<type>POINT</type>

	<n>LeftBackLeg</n>
	<n>UpLeftDownBar</n>
	<coord>
		<uv>0.836843 0 0 0</uv>
	</coord>
	<coord>
		<uv>0 0 0 0</uv>
	</coord>
</edge>

<edge>
	<id>LeftBackLeg : UpBoardSheet</id>
	<type>POINT</type>

	<n>LeftBackLeg</n>
	<n>UpBoardSheet</n>
	<coord>
		<uv>0.71 0 0 0</uv>
	</coord>
	<coord>
		<uv>0 1 0 0</uv>
	</coord>
</edge>

<edge>
	<id>LeftBackLeg : LowBoardSheet</id>
	<type>POINT</type>

	<n>LeftBackLeg</n>
	<n>LowBoardSheet</n>
	<coord>
		<uv>0.175197 0 0 0</uv>
	</coord>
	<coord>
		<uv>0 1 0 0</uv>
	</coord>
</edge>

<edge>
	<id>LeftBackLeg : LowLeftUpBar</id>
	<type>POINT</type>

	<n>LeftBackLeg</n>
	<n>LowLeftUpBar</n>
	<coord>
		<uv>0.420184 0 0 0</uv>
	</coord>
	<coord>
		<uv>0 0 0 0</uv>
	</coord>
</edge>

<edge>
	<id>LeftBackLeg : LowLeftDownBar</id>
	<type>POINT</type>

	<n>LeftBackLeg</n>
	<n>LowLeftDownBar</n>
	<coord>
		<uv>0.302581 0 0 0</uv>
	</coord>
	<coord>
		<uv>0 0 0 0</uv>
	</coord>
</edge>

<edge>
	<id>RightBackLeg : LowBoardSheet</id>
	<type>POINT</type>

	<n>RightBackLeg</n>
	<n>LowBoardSheet</n>
	<coord>
		<uv>0.175226 0 0 0</uv>
	</coord>
	<coord>
		<uv>1 1 0 0</uv>
	</coord>
</edge>

<edge>
	<id>RightBackLeg : UpBoardSheet</id>
	<type>POINT</type>

	<n>RightBackLeg</n>
	<n>UpBoardSheet</n>
	<coord>
		<uv>0.71 0 0 0</uv>
	</coord>
	<coord>
		<uv>1 1 0 0</uv>
	</coord>
</edge>

<edge>
	<id>RightBackLeg : LowRightUpBar</id>
	<type>POINT</type>

	<n>RightBackLeg</n>
	<n>LowRightUpBar</n>
	<coord>
		<uv>0.420185 0 0 0</uv>
	</coord>
	<coord>
		<uv>0 0 0 0</uv>
	</coord>
</edge>

<edge>
	<id>RightBackLeg : UpRightDownBar</id>
	<type>POINT</type>

	<n>RightBackLeg</n>
	<n>UpRightDownBar</n>
	<coord>
		<uv>0.836822 0 0 0</uv>
	</coord>
	<coord>
		<uv>0 0 0 0</uv>
	</coord>
</edge>

<edge>
	<id>RightBackLeg : UpRightUpBar</id>
	<type>POINT</type>

	<n>RightBackLeg</n>
	<n>UpRightUpBar</n>
	<coord>
		<uv>0.944422 0 0 0</uv>
	</coord>
	<coord>
		<uv>0 0 0 0</uv>
	</coord>
</edge>

<edge>
	<id>RightBackLeg : LowRightDownBar</id>
	<type>POINT</type>

	<n>RightBackLeg</n>
	<n>LowRightDownBar</n>
	<coord>
		<uv>0.302653 0 0 0</uv>
	</coord>
	<coord>
		<uv>0 0 0 0</uv>
	</coord>
</edge>

<edge>
	<id>RightFrontLeg : LowBoardSheet</id>
	<type>POINT</type>

	<n>RightFrontLeg</n>
	<n>LowBoardSheet</n>
	<coord>
		<uv>0.175226 0 0 0</uv>
	</coord>
	<coord>
		<uv>1 0 0 0</uv>
	</coord>
</edge>

<edge>
	<id>RightFrontLeg : UpBoardSheet</id>
	<type>POINT</type>

	<n>RightFrontLeg</n>
	<n>UpBoardSheet</n>
	<coord>
		<uv>0.71 0 0 0</uv>
	</coord>
	<coord>
		<uv>1 0 0 0</uv>
	</coord>
</edge>

<edge>
	<id>RightFrontLeg : LowRightUpBar</id>
	<type>POINT</type>

	<n>RightFrontLeg</n>
	<n>LowRightUpBar</n>
	<coord>
		<uv>0.420185 0 0 0</uv>
	</coord>
	<coord>
		<uv>1 0 0 0</uv>
	</coord>
</edge>

<edge>
	<id>RightFrontLeg : UpRightDownBar</id>
	<type>POINT</type>

	<n>RightFrontLeg</n>
	<n>UpRightDownBar</n>
	<coord>
		<uv>0.836822 0 0 0</uv>
	</coord>
	<coord>
		<uv>1 0 0 0</uv>
	</coord>
</edge>

<edge>
	<id>RightFrontLeg : UpRightUpBar</id>
	<type>POINT</type>

	<n>RightFrontLeg</n>
	<n>UpRightUpBar</n>
	<coord>
		<uv>0.944422 0 0 0</uv>
	</coord>
	<coord>
		<uv>1 0 0 0</uv>
	</coord>
</edge>

<edge>
	<id>RightFrontLeg : LowRightDownBar</id>
	<type>POINT</type>

	<n>RightFrontLeg</n>
	<n>LowRightDownBar</n>
	<coord>
		<uv>0.302653 0 0 0</uv>
	</coord>
	<coord>
		<uv>1 0 0 0</uv>
	</coord>
</edge>

<group>
	<n>LowBoardSheet</n>
	<n>UpBoardSheet</n>
</group>

<group>
	<n>LeftFrontLeg</n>
	<n>LeftBackLeg</n>
</group>

<group>
	<n>RightFrontLeg</n>
	<n>RightBackLeg</n>
</group>

<group>
	<n>LowRightDownBar</n>
	<n>LowRightUpBar</n>
</group>

<group>
	<n>LowLeftDownBar</n>
	<n>LowLeftUpBar</n>
</group>

<group>
	<n>UpRightDownBar</n>
	<n>UpRightUpBar</n>
</group>

<group>
	<n>LowRightDownBar</n>
	<n>LowRightUpBar</n>
</group>

<group>
	<n>UpLeftUpBar</n>
	<n>UpLeftDownBar</n>
</group>


</document>
