<?xml version="1.0" encoding="UTF-8" ?>
<document>
<node>
	<id>stabilizer</id>
	<type>CURVE</type>
	<mesh>meshes/stabilizer.obj</mesh>

	<controls>
		<c>6</c>
	</controls>

	<point>-3.2439e-07 1.23841 0.418858</point>
	<point>-3.2439e-07 1.42698 0.577087</point>
	<point>-3.2439e-07 1.61554 0.735313</point>
	<point>-3.2439e-07 1.80411 0.893545</point>
	<point>-3.2439e-07 1.99269 1.05177</point>
	<point>-3.2439e-07 2.18125 1.21</point>

	<weights>1 1 1 1 1 1 </weights>

	<meta><key>label</key><value>tail-stabilizer</value></meta>

	<meta><key>parentLabel</key><value>tail</value></meta>
</node>

<node>
	<id>fuselage</id>
	<type>CURVE</type>
	<mesh>meshes/fuselage.obj</mesh>

	<controls>
		<c>6</c>
	</controls>

	<point>0.00131226 1.90271 0.373191</point>
	<point>0.000881335 1.08592 0.373191</point>
	<point>0.000450415 0.269128 0.373188</point>
	<point>1.94959e-05 -0.547665 0.373185</point>
	<point>-0.000411392 -1.36446 0.373181</point>
	<point>-0.00084231 -2.18125 0.373181</point>

	<weights>1 1 1 1 1 1 </weights>

	<meta><key>label</key><value>fuselage</value></meta>

	<meta><key>parentLabel</key><value>fuselage</value></meta>
</node>

<node>
	<id>wingR</id>
	<type>CURVE</type>
	<mesh>meshes/wingR.obj</mesh>

	<controls>
		<c>6</c>
	</controls>

	<point>-0.100113 -0.340087 0.25307</point>
	<point>-0.410184 -0.159471 0.279819</point>
	<point>-0.720256 0.021145 0.306567</point>
	<point>-1.03033 0.201763 0.333314</point>
	<point>-1.3404 0.382376 0.360063</point>
	<point>-1.65046 0.562994 0.386813</point>

	<weights>1 1 1 1 1 1 </weights>

	<meta><key>label</key><value>wing-right</value></meta>

	<meta><key>parentLabel</key><value>wing</value></meta>
</node>

<node>
	<id>wingL</id>
	<type>CURVE</type>
	<mesh>meshes/wingL.obj</mesh>

	<controls>
		<c>6</c>
	</controls>

	<point>0.100114 -0.340089 0.25307</point>
	<point>0.410184 -0.159472 0.279819</point>
	<point>0.720256 0.0211438 0.306567</point>
	<point>1.03033 0.201759 0.333318</point>
	<point>1.3404 0.382376 0.360063</point>
	<point>1.65046 0.562994 0.386813</point>

	<weights>1 1 1 1 1 1 </weights>

	<meta><key>label</key><value>wing-left</value></meta>

	<meta><key>parentLabel</key><value>wing</value></meta>
</node>

<node>
	<id>tailR</id>
	<type>CURVE</type>
	<mesh>meshes/tailR.obj</mesh>

	<controls>
		<c>6</c>
	</controls>

	<point>-0.0639213 1.86021 0.564078</point>
	<point>-0.207233 1.91317 0.577797</point>
	<point>-0.350545 1.96613 0.591512</point>
	<point>-0.493858 2.0191 0.60523</point>
	<point>-0.63717 2.07206 0.618949</point>
	<point>-0.780482 2.12503 0.632668</point>

	<weights>1 1 1 1 1 1 </weights>

	<meta><key>label</key><value>tail-right</value></meta>

	<meta><key>parentLabel</key><value>tail</value></meta>
</node>

<node>
	<id>tailL</id>
	<type>CURVE</type>
	<mesh>meshes/tailL.obj</mesh>

	<controls>
		<c>6</c>
	</controls>

	<point>0.0824025 1.86021 0.563852</point>
	<point>0.225715 1.91317 0.577569</point>
	<point>0.369026 1.96613 0.591285</point>
	<point>0.512338 2.01909 0.605004</point>
	<point>0.655651 2.07205 0.618721</point>
	<point>0.798962 2.12503 0.63244</point>

	<weights>1 1 1 1 1 1 </weights>

	<meta><key>label</key><value>tail-left</value></meta>

	<meta><key>parentLabel</key><value>tail</value></meta>
</node>

<node>
	<id>wheelR</id>
	<type>CURVE</type>
	<mesh>meshes/wheelR.obj</mesh>

	<controls>
		<c>6</c>
	</controls>

	<point>-0.329853 -0.117214 0.250497</point>
	<point>-0.329811 -0.127522 0.200818</point>
	<point>-0.329769 -0.137829 0.151137</point>
	<point>-0.329726 -0.148137 0.101458</point>
	<point>-0.329683 -0.158443 0.0517776</point>
	<point>-0.32964 -0.168751 0.00209773</point>

	<weights>1 1 1 1 1 1 </weights>

	<meta><key>label</key><value>wheel-right</value></meta>

	<meta><key>parentLabel</key><value>wheel</value></meta>
</node>

<node>
	<id>engineL</id>
	<type>CURVE</type>
	<mesh>meshes/engineL.obj</mesh>

	<controls>
		<c>6</c>
	</controls>

	<point>0.635252 -0.220349 0.201591</point>
	<point>0.635252 -0.313263 0.201591</point>
	<point>0.635252 -0.406176 0.201591</point>
	<point>0.635252 -0.49909 0.201591</point>
	<point>0.635252 -0.592003 0.201591</point>
	<point>0.635252 -0.684918 0.201591</point>

	<weights>1 1 1 1 1 1 </weights>

	<meta><key>label</key><value>wing-engine-left</value></meta>

	<meta><key>parentLabel</key><value>wing</value></meta>
</node>

<node>
	<id>wheelFront</id>
	<type>CURVE</type>
	<mesh>meshes/wheelFront.obj</mesh>

	<controls>
		<c>6</c>
	</controls>

	<point>0.000393323 -1.97789 0.257221</point>
	<point>0.000445841 -1.97934 0.205776</point>
	<point>0.00049836 -1.98081 0.154332</point>
	<point>0.000550911 -1.98226 0.102888</point>
	<point>0.000603429 -1.98371 0.0514441</point>
	<point>0.000655981 -1.98516 -2.30493e-17</point>

	<weights>1 1 1 1 1 1 </weights>

	<meta><key>label</key><value>wheel-front</value></meta>

	<meta><key>parentLabel</key><value>wheel</value></meta>
</node>

<node>
	<id>engineR</id>
	<type>CURVE</type>
	<mesh>meshes/engineR.obj</mesh>

	<controls>
		<c>6</c>
	</controls>

	<point>-0.634529 -0.220349 0.189021</point>
	<point>-0.634529 -0.313263 0.189021</point>
	<point>-0.634529 -0.406176 0.189021</point>
	<point>-0.634529 -0.49909 0.189021</point>
	<point>-0.634529 -0.592003 0.189021</point>
	<point>-0.634533 -0.684918 0.189021</point>

	<weights>1 1 1 1 1 1 </weights>

	<meta><key>label</key><value>wing-engine-right</value></meta>

	<meta><key>parentLabel</key><value>wing</value></meta>
</node>

<node>
	<id>wheelL</id>
	<type>CURVE</type>
	<mesh>meshes/wheelL.obj</mesh>

	<controls>
		<c>6</c>
	</controls>

	<point>0.331293 -0.116541 0.25024</point>
	<point>0.331336 -0.127015 0.200625</point>
	<point>0.331377 -0.137487 0.151012</point>
	<point>0.331419 -0.147961 0.101397</point>
	<point>0.331461 -0.158434 0.0517822</point>
	<point>0.331507 -0.168908 0.00216776</point>

	<weights>1 1 1 1 1 1 </weights>

	<meta><key>label</key><value>wheel-left</value></meta>

	<meta><key>parentLabel</key><value>wheel</value></meta>
</node>

<edge>
	<id>fuselage : stabilizer</id>
	<type>POINT</type>

	<n>fuselage</n>
	<n>stabilizer</n>
	<coord>
		<uv>0.104063 0 0 0</uv>
	</coord>
	<coord>
		<uv>0 0 0 0</uv>
	</coord>
</edge>

<edge>
	<id>fuselage : wingR</id>
	<type>POINT</type>

	<n>fuselage</n>
	<n>wingR</n>
	<coord>
		<uv>0.575525 0 0 0</uv>
	</coord>
	<coord>
		<uv>0 0 0 0</uv>
	</coord>
</edge>

<edge>
	<id>fuselage : wingL</id>
	<type>POINT</type>

	<n>fuselage</n>
	<n>wingL</n>
	<coord>
		<uv>0.575507 0 0 0</uv>
	</coord>
	<coord>
		<uv>0 0 0 0</uv>
	</coord>
</edge>

<edge>
	<id>fuselage : tailR</id>
	<type>POINT</type>

	<n>fuselage</n>
	<n>tailR</n>
	<coord>
		<uv>0.00502437 0 0 0</uv>
	</coord>
	<coord>
		<uv>0 0 0 0</uv>
	</coord>
</edge>

<edge>
	<id>fuselage : tailL</id>
	<type>POINT</type>

	<n>fuselage</n>
	<n>tailL</n>
	<coord>
		<uv>0.00501907 0 0 0</uv>
	</coord>
	<coord>
		<uv>0 0 0 0</uv>
	</coord>
</edge>

<edge>
	<id>fuselage : wheelR</id>
	<type>POINT</type>

	<n>fuselage</n>
	<n>wheelR</n>
	<coord>
		<uv>0.492346 0 0 0</uv>
	</coord>
	<coord>
		<uv>0 0 0 0</uv>
	</coord>
</edge>

<edge>
	<id>fuselage : engineL</id>
	<type>POINT</type>

	<n>fuselage</n>
	<n>engineL</n>
	<coord>
		<uv>0.529823 0 0 0</uv>
	</coord>
	<coord>
		<uv>0.00170646 0 0 0</uv>
	</coord>
</edge>

<edge>
	<id>fuselage : wheelFront</id>
	<type>POINT</type>

	<n>fuselage</n>
	<n>wheelFront</n>
	<coord>
		<uv>0.970897 0 0 0</uv>
	</coord>
	<coord>
		<uv>0 0 0 0</uv>
	</coord>
</edge>

<edge>
	<id>fuselage : engineR</id>
	<type>POINT</type>

	<n>fuselage</n>
	<n>engineR</n>
	<coord>
		<uv>0.689662 0 0 0</uv>
	</coord>
	<coord>
		<uv>0 0 0 0</uv>
	</coord>
</edge>

<edge>
	<id>fuselage : wheelL</id>
	<type>POINT</type>

	<n>fuselage</n>
	<n>wheelL</n>
	<coord>
		<uv>0.492161 0 0 0</uv>
	</coord>
	<coord>
		<uv>0 0 0 0</uv>
	</coord>
</edge>

<group>
	<n>wingR</n>
	<n>wingL</n>
</group>

<group>
	<n>tailR</n>
	<n>tailL</n>
</group>

<group>
	<n>wheelR</n>
	<n>wheelL</n>
</group>

<group>
	<n>engineL</n>
	<n>engineR</n>
</group>


</document>
