<?xml version="1.0" encoding="UTF-8" ?>
<document>
<node>
	<id>fuselage</id>
	<type>CURVE</type>
	<mesh>meshes/fuselage.obj</mesh>

	<controls>
		<c>6</c>
	</controls>

	<point>0.00132343 1.47124 0.346337</point>
	<point>0.000803655 0.863531 0.199165</point>
	<point>0.00028388 0.255811 0.236729</point>
	<point>-0.000235894 -0.351909 0.274292</point>
	<point>-0.000755671 -0.959625 0.311855</point>
	<point>-0.00127544 -1.56735 0.349418</point>

	<weights>1 1 1 1 1 1 </weights>

	<meta><key>label</key><value>fuselage</value></meta>

	<meta><key>parentLabel</key><value>fuselage</value></meta>
</node>

<node>
	<id>wheelFront</id>
	<type>CURVE</type>
	<mesh>meshes/wheelFront.obj</mesh>

	<controls>
		<c>6</c>
	</controls>

	<point>-0.00180085 -1.47571 0.0917262</point>
	<point>-0.00180076 -1.47573 0.0733808</point>
	<point>-0.00180069 -1.47575 0.0550354</point>
	<point>-0.00180061 -1.47577 0.0366905</point>
	<point>-0.00180054 -1.47578 0.0183451</point>
	<point>-0.00180047 -1.4758 -6.70642e-17</point>

	<weights>1 1 1 1 1 1 </weights>

	<meta><key>label</key><value>wheel-front</value></meta>

	<meta><key>parentLabel</key><value>wheel</value></meta>
</node>

<node>
	<id>wingL</id>
	<type>CURVE</type>
	<mesh>meshes/wingL.obj</mesh>

	<controls>
		<c>6</c>
	</controls>

	<point>0.249434 -0.194494 0.469171</point>
	<point>0.522933 -0.194153 0.468831</point>
	<point>0.796436 -0.193813 0.468494</point>
	<point>1.06994 -0.193473 0.468154</point>
	<point>1.34344 -0.193133 0.467814</point>
	<point>1.61694 -0.192793 0.467474</point>

	<weights>1 1 1 1 1 1 </weights>

	<meta><key>label</key><value>wing-left</value></meta>

	<meta><key>parentLabel</key><value>wing</value></meta>
</node>

<node>
	<id>wingR</id>
	<type>CURVE</type>
	<mesh>meshes/wingR.obj</mesh>

	<controls>
		<c>6</c>
	</controls>

	<point>-0.249788 -0.194682 0.469171</point>
	<point>-0.523217 -0.195022 0.468831</point>
	<point>-0.796647 -0.195362 0.46849</point>
	<point>-1.07007 -0.195699 0.46815</point>
	<point>-1.3435 -0.196039 0.467807</point>
	<point>-1.61694 -0.196379 0.467467</point>

	<weights>1 1 1 1 1 1 </weights>

	<meta><key>label</key><value>wing-right</value></meta>

	<meta><key>parentLabel</key><value>wing</value></meta>
</node>

<node>
	<id>wheelR</id>
	<type>CURVE</type>
	<mesh>meshes/wheelR.obj</mesh>

	<controls>
		<c>6</c>
	</controls>

	<point>-0.250133 -0.204836 0.0681594</point>
	<point>-0.252667 -0.179583 0.0639059</point>
	<point>-0.2552 -0.15433 0.0596524</point>
	<point>-0.257735 -0.129077 0.0553989</point>
	<point>-0.260269 -0.103824 0.051145</point>
	<point>-0.262804 -0.0785714 0.0468914</point>

	<weights>1 1 1 1 1 1 </weights>

	<meta><key>label</key><value>wheel-right</value></meta>

	<meta><key>parentLabel</key><value>wheel</value></meta>
</node>

<node>
	<id>wheelL</id>
	<type>CURVE</type>
	<mesh>meshes/wheelL.obj</mesh>

	<controls>
		<c>6</c>
	</controls>

	<point>0.252194 -0.201991 0.0674426</point>
	<point>0.253152 -0.177596 0.0635098</point>
	<point>0.254109 -0.153198 0.0595764</point>
	<point>0.255066 -0.128801 0.0556433</point>
	<point>0.256024 -0.104406 0.0517106</point>
	<point>0.256981 -0.0800085 0.0477772</point>

	<weights>1 1 1 1 1 1 </weights>

	<meta><key>label</key><value>wheel-left</value></meta>

	<meta><key>parentLabel</key><value>wheel</value></meta>
</node>

<node>
	<id>tailR</id>
	<type>CURVE</type>
	<mesh>meshes/tailR.obj</mesh>

	<controls>
		<c>6</c>
	</controls>

	<point>-0.0311575 1.47346 0.847848</point>
	<point>-0.121119 1.47362 0.848012</point>
	<point>-0.211081 1.47379 0.848178</point>
	<point>-0.301042 1.47394 0.848344</point>
	<point>-0.391004 1.4741 0.848508</point>
	<point>-0.480964 1.47426 0.848674</point>

	<weights>1 1 1 1 1 1 </weights>

	<meta><key>label</key><value>tail-right</value></meta>

	<meta><key>parentLabel</key><value>tail</value></meta>
</node>

<node>
	<id>tailL</id>
	<type>CURVE</type>
	<mesh>meshes/tailL.obj</mesh>

	<controls>
		<c>6</c>
	</controls>

	<point>0.0322282 1.47413 0.847848</point>
	<point>0.122129 1.47397 0.848012</point>
	<point>0.21203 1.47381 0.848178</point>
	<point>0.301931 1.47365 0.848344</point>
	<point>0.391834 1.4735 0.848508</point>
	<point>0.481734 1.47331 0.84867</point>

	<weights>1 1 1 1 1 1 </weights>

	<meta><key>label</key><value>tail-left</value></meta>

	<meta><key>parentLabel</key><value>tail</value></meta>
</node>

<node>
	<id>stabilizer</id>
	<type>CURVE</type>
	<mesh>meshes/stabilizer.obj</mesh>

	<controls>
		<c>36</c>
	</controls>

	<point>0.00156016 1.56735 0.9</point>
	<point>0.00145398 1.54169 0.886781</point>
	<point>0.00132612 1.52001 0.868042</point>
	<point>0.00119915 1.50205 0.845488</point>
	<point>0.00108285 1.4865 0.821167</point>
	<point>0.000975573 1.47254 0.795927</point>
	<point>0.000886666 1.46113 0.769424</point>
	<point>0.000804135 1.45025 0.742677</point>
	<point>0.000724908 1.43925 0.71599</point>
	<point>0.000649245 1.42771 0.689536</point>
	<point>0.000573377 1.41477 0.663758</point>
	<point>0.000490205 1.3982 0.64013</point>
	<point>0.000404097 1.38073 0.61715</point>
	<point>0.000316188 1.36277 0.594555</point>
	<point>0.000213237 1.34123 0.575569</point>
	<point>9.04698e-05 1.31535 0.562855</point>
	<point>-4.60628e-05 1.28751 0.555809</point>
	<point>-0.000159552 1.25932 0.550325</point>
	<point>-0.00023924 1.23192 0.541219</point>
	<point>-0.00032613 1.20402 0.533853</point>
	<point>-0.000409523 1.17572 0.528124</point>
	<point>-0.000487323 1.14735 0.522837</point>
	<point>-0.000558187 1.11894 0.517702</point>
	<point>-0.000608324 1.09048 0.51287</point>
	<point>-0.000635835 1.062 0.508162</point>
	<point>-0.00063146 1.03352 0.503434</point>
	<point>-0.000582906 1.0051 0.498434</point>
	<point>-0.000478039 0.976698 0.493279</point>
	<point>-0.000358332 0.948294 0.488138</point>
	<point>-0.00022374 0.919863 0.483128</point>
	<point>-9.12069e-05 0.89141 0.478255</point>
	<point>8.63902e-06 0.862892 0.473794</point>
	<point>3.55712e-05 0.834269 0.470048</point>
	<point>2.08572e-05 0.805605 0.46665</point>
	<point>-3.72111e-05 0.776902 0.463573</point>
	<point>-0.00011667 0.748187 0.460609</point>

	<weights>1 1 1 1 1 1 1 1 1 1 1 1 1 1 1 1 1 1 1 1 1 1 1 1 1 1 1 1 1 1 1 1 1 1 1 1 </weights>

	<meta><key>label</key><value>tail-stabilizer</value></meta>

	<meta><key>parentLabel</key><value>tail</value></meta>
</node>

<node>
	<id>engineL</id>
	<type>CURVE</type>
	<mesh>meshes/engineL.obj</mesh>

	<controls>
		<c>6</c>
	</controls>

	<point>0.554615 -0.108809 0.389823</point>
	<point>0.553804 -0.200735 0.389515</point>
	<point>0.552997 -0.29266 0.389203</point>
	<point>0.552186 -0.384583 0.388894</point>
	<point>0.551375 -0.476508 0.388587</point>
	<point>0.550565 -0.568433 0.388278</point>

	<weights>1 1 1 1 1 1 </weights>

	<meta><key>label</key><value>wing-engine-left</value></meta>

	<meta><key>parentLabel</key><value>wing</value></meta>
</node>

<node>
	<id>engineR</id>
	<type>CURVE</type>
	<mesh>meshes/engineR.obj</mesh>

	<controls>
		<c>6</c>
	</controls>

	<point>-0.554825 -0.108809 0.389823</point>
	<point>-0.555636 -0.200735 0.389515</point>
	<point>-0.556443 -0.29266 0.389203</point>
	<point>-0.557254 -0.384583 0.388894</point>
	<point>-0.558065 -0.476508 0.388587</point>
	<point>-0.558876 -0.568433 0.388278</point>

	<weights>1 1 1 1 1 1 </weights>

	<meta><key>label</key><value>wing-engine-right</value></meta>

	<meta><key>parentLabel</key><value>wing</value></meta>
</node>

<edge>
	<id>fuselage : wheelFront</id>
	<type>POINT</type>

	<n>fuselage</n>
	<n>wheelFront</n>
	<coord>
		<uv>0.979885 0 0 0</uv>
	</coord>
	<coord>
		<uv>0 0 0 0</uv>
	</coord>
</edge>

<edge>
	<id>fuselage : wingL</id>
	<type>POINT</type>

	<n>fuselage</n>
	<n>wingL</n>
	<coord>
		<uv>0.570944 0 0 0</uv>
	</coord>
	<coord>
		<uv>0 0 0 0</uv>
	</coord>
</edge>

<edge>
	<id>fuselage : wingR</id>
	<type>POINT</type>

	<n>fuselage</n>
	<n>wingR</n>
	<coord>
		<uv>0.571091 0 0 0</uv>
	</coord>
	<coord>
		<uv>0 0 0 0</uv>
	</coord>
</edge>

<edge>
	<id>fuselage : wheelR</id>
	<type>POINT</type>

	<n>fuselage</n>
	<n>wheelR</n>
	<coord>
		<uv>0.570734 0 0 0</uv>
	</coord>
	<coord>
		<uv>0 0 0 0</uv>
	</coord>
</edge>

<edge>
	<id>fuselage : wheelL</id>
	<type>POINT</type>

	<n>fuselage</n>
	<n>wheelL</n>
	<coord>
		<uv>0.568536 0 0 0</uv>
	</coord>
	<coord>
		<uv>0 0 0 0</uv>
	</coord>
</edge>

<edge>
	<id>fuselage : stabilizer</id>
	<type>POINT</type>

	<n>fuselage</n>
	<n>stabilizer</n>
	<coord>
		<uv>0.162841 0 0 0</uv>
	</coord>
	<coord>
		<uv>0.999585 0 0 0</uv>
	</coord>
</edge>

<edge>
	<id>stabilizer : tailR</id>
	<type>POINT</type>

	<n>stabilizer</n>
	<n>tailR</n>
	<coord>
		<uv>0.07915 0 0 0</uv>
	</coord>
	<coord>
		<uv>0 0 0 0</uv>
	</coord>
</edge>

<edge>
	<id>stabilizer : tailL</id>
	<type>POINT</type>

	<n>stabilizer</n>
	<n>tailL</n>
	<coord>
		<uv>0.0788333 0 0 0</uv>
	</coord>
	<coord>
		<uv>0 0 0 0</uv>
	</coord>
</edge>

<edge>
	<id>wingR : engineR</id>
	<type>POINT</type>

	<n>wingR</n>
	<n>engineR</n>
	<coord>
		<uv>0.158776 0 0 0</uv>
	</coord>
	<coord>
		<uv>0.1168 0 0 0</uv>
	</coord>
</edge>

<edge>
	<id>wingL : engineL</id>
	<type>POINT</type>

	<n>wingL</n>
	<n>engineL</n>
	<coord>
		<uv>0.152344 0 0 0</uv>
	</coord>
	<coord>
		<uv>0.115988 0 0 0</uv>
	</coord>
</edge>

<group>
	<n>wheelR</n>
	<n>wheelL</n>
</group>

<group>
	<n>wingL</n>
	<n>wingR</n>
</group>

<group>
	<n>tailR</n>
	<n>tailL</n>
</group>

<group>
	<n>engineL</n>
	<n>engineR</n>
</group>


</document>
