<?xml version="1.0" encoding="UTF-8" ?>
<document>
<node>
	<id>part03</id>
	<type>CURVE</type>
	<mesh>meshes/part03.obj</mesh>

	<controls>
		<c>6</c>
	</controls>

	<point>-0.515544 0.326562 0.222763</point>
	<point>-0.515589 0.19696 0.222516</point>
	<point>-0.515634 0.0673593 0.222268</point>
	<point>-0.51568 -0.062242 0.22202</point>
	<point>-0.515725 -0.191845 0.221772</point>
	<point>-0.51577 -0.321446 0.221524</point>

	<weights>1 1 1 1 1 1 </weights>

	<meta><key>label</key><value>support-bar-front</value></meta>

	<meta><key>parentLabel</key><value>support</value></meta>
</node>

<node>
	<id>part17</id>
	<type>CURVE</type>
	<mesh>meshes/part17.obj</mesh>

	<controls>
		<c>6</c>
	</controls>

	<point>-0.51623 0.321575 0.154956</point>
	<point>-0.516005 0.192771 0.154956</point>
	<point>-0.51578 0.0639667 0.154956</point>
	<point>-0.515556 -0.0648368 0.154956</point>
	<point>-0.515331 -0.19364 0.154956</point>
	<point>-0.515106 -0.322445 0.154956</point>

	<weights>1 1 1 1 1 1 </weights>

	<meta><key>label</key><value>mattress-bar-front</value></meta>

	<meta><key>parentLabel</key><value>mattress</value></meta>
</node>

<node>
	<id>frontmiddle</id>
	<type>CURVE</type>
	<mesh>meshes/frontmiddle.obj</mesh>

	<controls>
		<c>6</c>
	</controls>

	<point>-0.515669 0.000466674 0.181313</point>
	<point>-0.515669 0.000466674 0.189092</point>
	<point>-0.515669 0.000466674 0.196871</point>
	<point>-0.515669 0.000466674 0.20465</point>
	<point>-0.515669 0.000466674 0.212429</point>
	<point>-0.515669 0.000466674 0.220209</point>

	<weights>1 1 1 1 1 1 </weights>

	<meta><key>label</key><value>support-bar-front</value></meta>

	<meta><key>parentLabel</key><value>support</value></meta>
</node>

<node>
	<id>back02</id>
	<type>CURVE</type>
	<mesh>meshes/back02.obj</mesh>

	<controls>
		<c>6</c>
	</controls>

	<point>0.516062 0.323976 0.59049</point>
	<point>0.516063 0.194572 0.590489</point>
	<point>0.516065 0.0651685 0.590487</point>
	<point>0.516067 -0.0642352 0.590485</point>
	<point>0.516068 -0.193639 0.590483</point>
	<point>0.51607 -0.323044 0.590482</point>

	<weights>1 1 1 1 1 1 </weights>

	<meta><key>label</key><value>mattress-bar-back</value></meta>

	<meta><key>parentLabel</key><value>mattress</value></meta>
</node>

<node>
	<id>backmiddle</id>
	<type>CURVE</type>
	<mesh>meshes/backmiddle.obj</mesh>

	<controls>
		<c>6</c>
	</controls>

	<point>0.516067 0.000478293 0.198789</point>
	<point>0.516067 0.000478293 0.272894</point>
	<point>0.516067 0.000478293 0.346998</point>
	<point>0.516067 0.000478293 0.421102</point>
	<point>0.516067 0.000478293 0.495206</point>
	<point>0.516067 0.000478293 0.569311</point>

	<weights>1 1 1 1 1 1 </weights>

	<meta><key>label</key><value>support-bar-back</value></meta>

	<meta><key>parentLabel</key><value>support</value></meta>
</node>

<node>
	<id>leg1</id>
	<type>CURVE</type>
	<mesh>meshes/leg1.obj</mesh>

	<controls>
		<c>6</c>
	</controls>

	<point>0.516066 0.363859 0.0186532</point>
	<point>0.516066 0.363859 0.128436</point>
	<point>0.516066 0.363859 0.23822</point>
	<point>0.516066 0.363859 0.348003</point>
	<point>0.516066 0.363859 0.457785</point>
	<point>0.516066 0.363859 0.567568</point>

	<weights>1 1 1 1 1 1 </weights>

	<meta><key>label</key><value>leg-back-right</value></meta>

	<meta><key>parentLabel</key><value>leg</value></meta>
</node>

<node>
	<id>leg3</id>
	<type>CURVE</type>
	<mesh>meshes/leg3.obj</mesh>

	<controls>
		<c>6</c>
	</controls>

	<point>-0.515669 0.363861 0.000304571</point>
	<point>-0.515669 0.363861 0.0437593</point>
	<point>-0.515669 0.363861 0.0872142</point>
	<point>-0.515669 0.363861 0.130669</point>
	<point>-0.515669 0.363861 0.174123</point>
	<point>-0.515669 0.363861 0.217579</point>

	<weights>1 1 1 1 1 1 </weights>

	<meta><key>label</key><value>leg-front-right</value></meta>

	<meta><key>parentLabel</key><value>leg</value></meta>
</node>

<node>
	<id>leg2</id>
	<type>CURVE</type>
	<mesh>meshes/leg2.obj</mesh>

	<controls>
		<c>6</c>
	</controls>

	<point>0.515919 -0.361999 0.0176634</point>
	<point>0.515981 -0.362372 0.127456</point>
	<point>0.516044 -0.362744 0.237248</point>
	<point>0.516106 -0.363116 0.347039</point>
	<point>0.516168 -0.363489 0.456833</point>
	<point>0.51623 -0.363861 0.566624</point>

	<weights>1 1 1 1 1 1 </weights>

	<meta><key>label</key><value>leg-back-left</value></meta>

	<meta><key>parentLabel</key><value>leg</value></meta>
</node>

<node>
	<id>part12</id>
	<type>CURVE</type>
	<mesh>meshes/part12.obj</mesh>

	<controls>
		<c>6</c>
	</controls>

	<point>0.516066 0.322476 0.154438</point>
	<point>0.516066 0.193672 0.154438</point>
	<point>0.516066 0.0648677 0.154438</point>
	<point>0.516066 -0.0639357 0.154438</point>
	<point>0.516066 -0.19274 0.154438</point>
	<point>0.516066 -0.321545 0.154438</point>

	<weights>1 1 1 1 1 1 </weights>

	<meta><key>label</key><value>mattress-bar-back</value></meta>

	<meta><key>parentLabel</key><value>mattress</value></meta>
</node>

<node>
	<id>part11</id>
	<type>CURVE</type>
	<mesh>meshes/part11.obj</mesh>

	<controls>
		<c>6</c>
	</controls>

	<point>0.459418 -0.362929 0.15434</point>
	<point>0.275731 -0.362929 0.15434</point>
	<point>0.0920428 -0.362929 0.15434</point>
	<point>-0.0916449 -0.362929 0.15434</point>
	<point>-0.275333 -0.362929 0.15434</point>
	<point>-0.459021 -0.362929 0.15434</point>

	<weights>1 1 1 1 1 1 </weights>

	<meta><key>label</key><value>mattress-bar-left</value></meta>

	<meta><key>parentLabel</key><value>mattress</value></meta>
</node>

<node>
	<id>part10</id>
	<type>CURVE</type>
	<mesh>meshes/part10.obj</mesh>

	<controls>
		<c>6</c>
	</controls>

	<point>0.459439 0.36386 0.154927</point>
	<point>0.275742 0.36386 0.154927</point>
	<point>0.0920467 0.36386 0.154927</point>
	<point>-0.0916501 0.36386 0.154928</point>
	<point>-0.275346 0.36386 0.154928</point>
	<point>-0.459042 0.36386 0.154928</point>

	<weights>1 1 1 1 1 1 </weights>

	<meta><key>label</key><value>mattress-bar-right</value></meta>

	<meta><key>parentLabel</key><value>mattress</value></meta>
</node>

<node>
	<id>back03</id>
	<type>CURVE</type>
	<mesh>meshes/back03.obj</mesh>

	<controls>
		<c>6</c>
	</controls>

	<point>0.516066 0.323976 0.245563</point>
	<point>0.516066 0.194572 0.245561</point>
	<point>0.516066 0.0651685 0.24556</point>
	<point>0.516066 -0.0642352 0.24556</point>
	<point>0.516066 -0.193639 0.245559</point>
	<point>0.516066 -0.323044 0.245557</point>

	<weights>1 1 1 1 1 1 </weights>

	<meta><key>label</key><value>mattress-bar-back</value></meta>

	<meta><key>parentLabel</key><value>mattress</value></meta>
</node>

<node>
	<id>back04</id>
	<type>CURVE</type>
	<mesh>meshes/back04.obj</mesh>

	<controls>
		<c>6</c>
	</controls>

	<point>0.516066 0.323976 0.418026</point>
	<point>0.516066 0.194572 0.418024</point>
	<point>0.516066 0.0651685 0.418023</point>
	<point>0.516066 -0.0642352 0.418023</point>
	<point>0.516066 -0.193639 0.418022</point>
	<point>0.516066 -0.323044 0.41802</point>

	<weights>1 1 1 1 1 1 </weights>

	<meta><key>label</key><value>mattress-bar-back</value></meta>

	<meta><key>parentLabel</key><value>mattress</value></meta>
</node>

<node>
	<id>back05</id>
	<type>CURVE</type>
	<mesh>meshes/back05.obj</mesh>

	<controls>
		<c>6</c>
	</controls>

	<point>0.516066 0.323976 0.3318</point>
	<point>0.516066 0.194572 0.331796</point>
	<point>0.516066 0.0651685 0.331794</point>
	<point>0.516066 -0.0642352 0.33179</point>
	<point>0.516066 -0.19364 0.331787</point>
	<point>0.516066 -0.323044 0.331783</point>

	<weights>1 1 1 1 1 1 </weights>

	<meta><key>label</key><value>mattress-bar-back</value></meta>

	<meta><key>parentLabel</key><value>mattress</value></meta>
</node>

<node>
	<id>back01</id>
	<type>CURVE</type>
	<mesh>meshes/back01.obj</mesh>

	<controls>
		<c>6</c>
	</controls>

	<point>0.516066 0.323976 0.504263</point>
	<point>0.516066 0.194572 0.504259</point>
	<point>0.516066 0.0651685 0.504256</point>
	<point>0.516066 -0.0642352 0.504253</point>
	<point>0.516066 -0.19364 0.50425</point>
	<point>0.516066 -0.323044 0.504246</point>

	<weights>1 1 1 1 1 1 </weights>

	<meta><key>label</key><value>mattress-bar-back</value></meta>

	<meta><key>parentLabel</key><value>mattress</value></meta>
</node>

<node>
	<id>leg4</id>
	<type>CURVE</type>
	<mesh>meshes/leg4.obj</mesh>

	<controls>
		<c>6</c>
	</controls>

	<point>-0.515668 -0.362927 -2.86646e-17</point>
	<point>-0.515668 -0.362927 0.0434611</point>
	<point>-0.515668 -0.362927 0.0869223</point>
	<point>-0.515668 -0.362927 0.130384</point>
	<point>-0.515668 -0.362927 0.173845</point>
	<point>-0.515668 -0.362927 0.217305</point>

	<weights>1 1 1 1 1 1 </weights>

	<meta><key>label</key><value>leg-front-left</value></meta>

	<meta><key>parentLabel</key><value>leg</value></meta>
</node>

<node>
	<id>matress</id>
	<type>SHEET</type>
	<mesh>meshes/matress.obj</mesh>

	<controls>
		<c>7</c>
		<c>5</c>
	</controls>

	<point>-0.413725 -0.287231 0.173181</point>
	<point>-0.413725 -0.144081 0.173181</point>
	<point>-0.413725 -0.000931412 0.173181</point>
	<point>-0.413725 0.142218 0.173181</point>
	<point>-0.413725 0.285369 0.173181</point>
	<point>-0.277643 -0.287231 0.173181</point>
	<point>-0.277643 -0.144081 0.173181</point>
	<point>-0.277643 -0.000931412 0.173181</point>
	<point>-0.277643 0.142218 0.173181</point>
	<point>-0.277643 0.285369 0.173181</point>
	<point>-0.141562 -0.287231 0.173181</point>
	<point>-0.141562 -0.144081 0.173181</point>
	<point>-0.141562 -0.000931412 0.173181</point>
	<point>-0.141562 0.142218 0.173181</point>
	<point>-0.141562 0.285369 0.173181</point>
	<point>-0.00547987 -0.287231 0.173181</point>
	<point>-0.00547987 -0.144081 0.173181</point>
	<point>-0.00547987 -0.000931412 0.173181</point>
	<point>-0.00547987 0.142218 0.173181</point>
	<point>-0.00547987 0.285369 0.173181</point>
	<point>0.130602 -0.287231 0.173181</point>
	<point>0.130602 -0.144081 0.173181</point>
	<point>0.130602 -0.000931412 0.173181</point>
	<point>0.130602 0.142218 0.173181</point>
	<point>0.130602 0.285369 0.173181</point>
	<point>0.266684 -0.287231 0.173181</point>
	<point>0.266684 -0.144081 0.173181</point>
	<point>0.266684 -0.000931412 0.173181</point>
	<point>0.266684 0.142218 0.173181</point>
	<point>0.266684 0.285369 0.173181</point>
	<point>0.402765 -0.287231 0.173181</point>
	<point>0.402765 -0.14408 0.173181</point>
	<point>0.402765 -0.000931412 0.173181</point>
	<point>0.402765 0.142218 0.173181</point>
	<point>0.402765 0.285369 0.173181</point>

	<weights>1 1 1 1 1 1 1 1 1 1 1 1 1 1 1 1 1 1 1 1 1 1 1 1 1 1 1 1 1 1 1 1 1 1 1 </weights>

	<meta><key>label</key><value>mattress</value></meta>

	<meta><key>parentLabel</key><value>mattress</value></meta>
</node>

<edge>
	<id>matress : leg4</id>
	<type>POINT</type>

	<n>matress</n>
	<n>leg4</n>
	<coord>
		<uv>0 0 0 0</uv>
	</coord>
	<coord>
		<uv>0.859597 0 0 0</uv>
	</coord>
</edge>

<edge>
	<id>matress : leg1</id>
	<type>POINT</type>

	<n>matress</n>
	<n>leg1</n>
	<coord>
		<uv>1 1 0 0</uv>
	</coord>
	<coord>
		<uv>0.217182 0 0 0</uv>
	</coord>
</edge>

<edge>
	<id>matress : leg3</id>
	<type>POINT</type>

	<n>matress</n>
	<n>leg3</n>
	<coord>
		<uv>0 1 0 0</uv>
	</coord>
	<coord>
		<uv>0.859053 0 0 0</uv>
	</coord>
</edge>

<edge>
	<id>matress : leg2</id>
	<type>POINT</type>

	<n>matress</n>
	<n>leg2</n>
	<coord>
		<uv>1 0 0 0</uv>
	</coord>
	<coord>
		<uv>0.217817 0 0 0</uv>
	</coord>
</edge>

<edge>
	<id>leg1 : back02</id>
	<type>POINT</type>

	<n>leg1</n>
	<n>back02</n>
	<coord>
		<uv>1 0 0 0</uv>
	</coord>
	<coord>
		<uv>0 0 0 0</uv>
	</coord>
</edge>

<edge>
	<id>leg1 : back03</id>
	<type>POINT</type>

	<n>leg1</n>
	<n>back03</n>
	<coord>
		<uv>0.376617 0 0 0</uv>
	</coord>
	<coord>
		<uv>0 0 0 0</uv>
	</coord>
</edge>

<edge>
	<id>leg1 : back04</id>
	<type>POINT</type>

	<n>leg1</n>
	<n>back04</n>
	<coord>
		<uv>0.787613 0 0 0</uv>
	</coord>
	<coord>
		<uv>0 0 0 0</uv>
	</coord>
</edge>

<edge>
	<id>leg1 : back05</id>
	<type>POINT</type>

	<n>leg1</n>
	<n>back05</n>
	<coord>
		<uv>0.61205 0 0 0</uv>
	</coord>
	<coord>
		<uv>0 0 0 0</uv>
	</coord>
</edge>

<edge>
	<id>leg1 : back01</id>
	<type>POINT</type>

	<n>leg1</n>
	<n>back01</n>
	<coord>
		<uv>0.925409 0 0 0</uv>
	</coord>
	<coord>
		<uv>0 0 0 0</uv>
	</coord>
</edge>

<edge>
	<id>leg2 : back02</id>
	<type>POINT</type>

	<n>leg2</n>
	<n>back02</n>
	<coord>
		<uv>1 0 0 0</uv>
	</coord>
	<coord>
		<uv>1 0 0 0</uv>
	</coord>
</edge>

<edge>
	<id>leg2 : back03</id>
	<type>POINT</type>

	<n>leg2</n>
	<n>back03</n>
	<coord>
		<uv>0.37768 0 0 0</uv>
	</coord>
	<coord>
		<uv>1 0 0 0</uv>
	</coord>
</edge>

<edge>
	<id>leg2 : back04</id>
	<type>POINT</type>

	<n>leg2</n>
	<n>back04</n>
	<coord>
		<uv>0.788377 0 0 0</uv>
	</coord>
	<coord>
		<uv>1 0 0 0</uv>
	</coord>
</edge>

<edge>
	<id>leg2 : back05</id>
	<type>POINT</type>

	<n>leg2</n>
	<n>back05</n>
	<coord>
		<uv>0.613089 0 0 0</uv>
	</coord>
	<coord>
		<uv>1 0 0 0</uv>
	</coord>
</edge>

<edge>
	<id>leg2 : back01</id>
	<type>POINT</type>

	<n>leg2</n>
	<n>back01</n>
	<coord>
		<uv>0.925909 0 0 0</uv>
	</coord>
	<coord>
		<uv>1 0 0 0</uv>
	</coord>
</edge>

<edge>
	<id>leg2 : part12</id>
	<type>POINT</type>

	<n>leg2</n>
	<n>part12</n>
	<coord>
		<uv>0.179843 0 0 0</uv>
	</coord>
	<coord>
		<uv>1 0 0 0</uv>
	</coord>
</edge>

<edge>
	<id>leg1 : part12</id>
	<type>POINT</type>

	<n>leg1</n>
	<n>part12</n>
	<coord>
		<uv>0.179117 0 0 0</uv>
	</coord>
	<coord>
		<uv>0 0 0 0</uv>
	</coord>
</edge>

<edge>
	<id>leg3 : part03</id>
	<type>POINT</type>

	<n>leg3</n>
	<n>part03</n>
	<coord>
		<uv>1 0 0 0</uv>
	</coord>
	<coord>
		<uv>0 0 0 0</uv>
	</coord>
</edge>

<edge>
	<id>leg3 : part17</id>
	<type>POINT</type>

	<n>leg3</n>
	<n>part17</n>
	<coord>
		<uv>0.779262 0 0 0</uv>
	</coord>
	<coord>
		<uv>0 0 0 0</uv>
	</coord>
</edge>

<edge>
	<id>leg3 : part10</id>
	<type>POINT</type>

	<n>leg3</n>
	<n>part10</n>
	<coord>
		<uv>0.779193 0 0 0</uv>
	</coord>
	<coord>
		<uv>1 0 0 0</uv>
	</coord>
</edge>

<edge>
	<id>leg4 : part03</id>
	<type>POINT</type>

	<n>leg4</n>
	<n>part03</n>
	<coord>
		<uv>1 0 0 0</uv>
	</coord>
	<coord>
		<uv>1 0 0 0</uv>
	</coord>
</edge>

<edge>
	<id>leg4 : part17</id>
	<type>POINT</type>

	<n>leg4</n>
	<n>part17</n>
	<coord>
		<uv>0.779944 0 0 0</uv>
	</coord>
	<coord>
		<uv>1 0 0 0</uv>
	</coord>
</edge>

<edge>
	<id>leg4 : part11</id>
	<type>POINT</type>

	<n>leg4</n>
	<n>part11</n>
	<coord>
		<uv>0.77844 0 0 0</uv>
	</coord>
	<coord>
		<uv>1 0 0 0</uv>
	</coord>
</edge>

<edge>
	<id>part10 : leg1</id>
	<type>POINT</type>

	<n>part10</n>
	<n>leg1</n>
	<coord>
		<uv>0 0 0 0</uv>
	</coord>
	<coord>
		<uv>0.17954 0 0 0</uv>
	</coord>
</edge>

<edge>
	<id>part11 : leg2</id>
	<type>POINT</type>

	<n>part11</n>
	<n>leg2</n>
	<coord>
		<uv>0 0 0 0</uv>
	</coord>
	<coord>
		<uv>0.179852 0 0 0</uv>
	</coord>
</edge>

<edge>
	<id>frontmiddle : part03</id>
	<type>POINT</type>

	<n>frontmiddle</n>
	<n>part03</n>
	<coord>
		<uv>1 0 0 0</uv>
	</coord>
	<coord>
		<uv>0.504175 0 0 0</uv>
	</coord>
</edge>

<edge>
	<id>frontmiddle : part17</id>
	<type>POINT</type>

	<n>frontmiddle</n>
	<n>part17</n>
	<coord>
		<uv>0 0 0 0</uv>
	</coord>
	<coord>
		<uv>0.498065 0 0 0</uv>
	</coord>
</edge>

<edge>
	<id>backmiddle : back02</id>
	<type>POINT</type>

	<n>backmiddle</n>
	<n>back02</n>
	<coord>
		<uv>1 0 0 0</uv>
	</coord>
	<coord>
		<uv>0.491374 0 0 0</uv>
	</coord>
</edge>

<edge>
	<id>backmiddle : part12</id>
	<type>POINT</type>

	<n>backmiddle</n>
	<n>part12</n>
	<coord>
		<uv>0 0 0 0</uv>
	</coord>
	<coord>
		<uv>0.491373 0 0 0</uv>
	</coord>
</edge>

<group>
	<n>back03</n>
	<n>back04</n>
	<n>back05</n>
	<n>back01</n>
	<n>back02</n>
</group>

<group>
	<n>part03</n>
	<n>part17</n>
</group>

<group>
	<n>part11</n>
	<n>part10</n>
</group>

<group>
	<n>leg4</n>
	<n>leg3</n>
</group>

<group>
	<n>leg2</n>
	<n>leg1</n>
</group>


</document>
