<?xml version="1.0" encoding="UTF-8" ?>
<document>
<node>
	<id>body</id>
	<type>CURVE</type>
	<mesh>meshes/body.obj</mesh>

	<controls>
		<c>30</c>
	</controls>

	<point>0 1.20057 0.443815</point>
	<point>0 1.09196 0.452602</point>
	<point>0 0.983339 0.461149</point>
	<point>0 0.874673 0.469163</point>
	<point>0 0.765976 0.476728</point>
	<point>0 0.657263 0.484054</point>
	<point>0 0.548538 0.49122</point>
	<point>0 0.439815 0.498377</point>
	<point>0 0.331103 0.505727</point>
	<point>0 0.22242 0.513494</point>
	<point>0 0.113785 0.521885</point>
	<point>0 0.00520736 0.530999</point>
	<point>0 -0.103291 0.541025</point>
	<point>0 -0.211706 0.551911</point>
	<point>0 -0.320071 0.563292</point>
	<point>0 -0.428427 0.574758</point>
	<point>0 -0.536827 0.585809</point>
	<point>0 -0.645332 0.595759</point>
	<point>0 -0.753958 0.604272</point>
	<point>0 -0.862728 0.610722</point>
	<point>0 -0.971581 0.615534</point>
	<point>0 -1.08052 0.61773</point>
	<point>0 -1.18947 0.617316</point>
	<point>0 -1.29837 0.613791</point>
	<point>0 -1.40719 0.608296</point>
	<point>0 -1.51585 0.600493</point>
	<point>0 -1.62435 0.590414</point>
	<point>0 -1.7327 0.578973</point>
	<point>0 -1.84098 0.566826</point>
	<point>0 -1.9492 0.554177</point>

	<weights>1 1 1 1 1 1 1 1 1 1 1 1 1 1 1 1 1 1 1 1 1 1 1 1 1 1 1 1 1 1 </weights>

	<meta><key>label</key><value>fuselage</value></meta>

	<meta><key>parentLabel</key><value>fuselage</value></meta>
</node>

<node>
	<id>wingbottomright</id>
	<type>CURVE</type>
	<mesh>meshes/wingbottomright.obj</mesh>

	<controls>
		<c>32</c>
	</controls>

	<point>-0.724861 0.40788 0.467176</point>
	<point>-0.785753 0.417137 0.463042</point>
	<point>-0.846498 0.42684 0.459304</point>
	<point>-0.907095 0.436951 0.450774</point>
	<point>-0.967534 0.447443 0.437263</point>
	<point>-1.02777 0.45838 0.418831</point>
	<point>-1.0879 0.469578 0.400904</point>
	<point>-1.14787 0.481123 0.388232</point>
	<point>-1.20764 0.493095 0.375046</point>
	<point>-1.26717 0.505588 0.361266</point>
	<point>-1.32645 0.518616 0.346895</point>
	<point>-1.38558 0.531924 0.332208</point>
	<point>-1.44458 0.545503 0.317202</point>
	<point>-1.50346 0.559281 0.30192</point>
	<point>-1.56221 0.573233 0.286301</point>
	<point>-1.62083 0.58729 0.270276</point>
	<point>-1.67938 0.601317 0.253988</point>
	<point>-1.73791 0.615218 0.237514</point>
	<point>-1.79644 0.628824 0.220828</point>
	<point>-1.85501 0.642111 0.203974</point>
	<point>-1.91358 0.655251 0.187056</point>
	<point>-1.97217 0.668339 0.170123</point>
	<point>-2.03078 0.68122 0.153137</point>
	<point>-2.08944 0.693855 0.13611</point>
	<point>-2.14811 0.706364 0.119069</point>
	<point>-2.20681 0.718821 0.102026</point>
	<point>-2.2655 0.73127 0.0849887</point>
	<point>-2.32419 0.743747 0.0679609</point>
	<point>-2.38287 0.756266 0.0509451</point>
	<point>-2.44155 0.768857 0.0339478</point>
	<point>-2.50021 0.781511 0.0169657</point>
	<point>-2.55887 0.794236 0</point>

	<weights>1 1 1 1 1 1 1 1 1 1 1 1 1 1 1 1 1 1 1 1 1 1 1 1 1 1 1 1 1 1 1 1 </weights>

	<meta><key>label</key><value>wing-right</value></meta>

	<meta><key>parentLabel</key><value>wing</value></meta>
</node>

<node>
	<id>engineright</id>
	<type>CURVE</type>
	<mesh>meshes/engineright.obj</mesh>

	<controls>
		<c>15</c>
	</controls>

	<point>-0.685531 0.638345 0.647945</point>
	<point>-0.685291 0.606591 0.648086</point>
	<point>-0.685603 0.574839 0.648034</point>
	<point>-0.686018 0.543086 0.647952</point>
	<point>-0.686438 0.511334 0.647872</point>
	<point>-0.686867 0.479582 0.647798</point>
	<point>-0.687308 0.44783 0.647736</point>
	<point>-0.687748 0.416079 0.64769</point>
	<point>-0.688159 0.384326 0.647677</point>
	<point>-0.688415 0.352571 0.647734</point>
	<point>-0.688581 0.320818 0.647821</point>
	<point>-0.688745 0.289063 0.64791</point>
	<point>-0.688835 0.257308 0.648004</point>
	<point>-0.688514 0.225557 0.648082</point>
	<point>-0.687684 0.193812 0.648127</point>

	<weights>1 1 1 1 1 1 1 1 1 1 1 1 1 1 1 </weights>

	<meta><key>label</key><value>wing-engine-right</value></meta>

	<meta><key>parentLabel</key><value>wing</value></meta>
</node>

<node>
	<id>wingtopright</id>
	<type>CURVE</type>
	<mesh>meshes/wingtopright.obj</mesh>

	<controls>
		<c>30</c>
	</controls>

	<point>-0.303668 0.686868 0.832196</point>
	<point>-0.366262 0.709232 0.832769</point>
	<point>-0.428686 0.732051 0.833612</point>
	<point>-0.490649 0.75608 0.834812</point>
	<point>-0.552107 0.781353 0.836306</point>
	<point>-0.612706 0.808598 0.838205</point>
	<point>-0.672158 0.838227 0.84056</point>
	<point>-0.730393 0.870136 0.843341</point>
	<point>-0.787455 0.904076 0.846499</point>
	<point>-0.843422 0.939763 0.849986</point>
	<point>-0.898163 0.977266 0.853821</point>
	<point>-0.950635 1.0178 0.858268</point>
	<point>-1.00086 1.06104 0.863297</point>
	<point>-1.04953 1.10598 0.868748</point>
	<point>-1.09685 1.15229 0.874621</point>
	<point>-1.14324 1.19949 0.880872</point>
	<point>-1.18925 1.24702 0.887375</point>
	<point>-1.23514 1.29462 0.894108</point>
	<point>-1.28105 1.3422 0.90104</point>
	<point>-1.32703 1.38967 0.908134</point>
	<point>-1.37312 1.437 0.915416</point>
	<point>-1.41934 1.48421 0.922868</point>
	<point>-1.46564 1.53128 0.930465</point>
	<point>-1.51204 1.57824 0.938229</point>
	<point>-1.55853 1.62509 0.946151</point>
	<point>-1.60507 1.67186 0.954196</point>
	<point>-1.65156 1.71867 0.962292</point>
	<point>-1.69781 1.76573 0.970408</point>
	<point>-1.74392 1.81291 0.978521</point>
	<point>-1.7899 1.86021 0.986621</point>

	<weights>1 1 1 1 1 1 1 1 1 1 1 1 1 1 1 1 1 1 1 1 1 1 1 1 1 1 1 1 1 1 </weights>

	<meta><key>label</key><value>tail-right</value></meta>

	<meta><key>parentLabel</key><value>tail</value></meta>
</node>

<node>
	<id>wingbottomleft</id>
	<type>CURVE</type>
	<mesh>meshes/wingbottomleft.obj</mesh>

	<controls>
		<c>32</c>
	</controls>

	<point>0.724377 0.40788 0.467176</point>
	<point>0.785269 0.417137 0.463042</point>
	<point>0.846014 0.42684 0.459304</point>
	<point>0.906611 0.436951 0.450774</point>
	<point>0.96705 0.447443 0.437263</point>
	<point>1.02729 0.45838 0.418831</point>
	<point>1.08742 0.469578 0.400904</point>
	<point>1.14739 0.481123 0.388232</point>
	<point>1.20716 0.493095 0.375046</point>
	<point>1.26669 0.505588 0.361266</point>
	<point>1.32597 0.518616 0.346895</point>
	<point>1.3851 0.531924 0.332208</point>
	<point>1.4441 0.545503 0.317202</point>
	<point>1.50298 0.559281 0.30192</point>
	<point>1.56173 0.573233 0.286301</point>
	<point>1.62035 0.58729 0.270276</point>
	<point>1.6789 0.601317 0.253988</point>
	<point>1.73743 0.615218 0.237514</point>
	<point>1.79596 0.628824 0.220828</point>
	<point>1.85453 0.642111 0.203974</point>
	<point>1.9131 0.655251 0.187056</point>
	<point>1.97169 0.668339 0.170123</point>
	<point>2.0303 0.68122 0.153137</point>
	<point>2.08896 0.693855 0.13611</point>
	<point>2.14763 0.706364 0.119069</point>
	<point>2.20633 0.718821 0.102026</point>
	<point>2.26502 0.73127 0.0849888</point>
	<point>2.32371 0.743747 0.067961</point>
	<point>2.38239 0.756266 0.0509452</point>
	<point>2.44107 0.768857 0.0339479</point>
	<point>2.49973 0.781511 0.0169658</point>
	<point>2.55839 0.794236 0</point>

	<weights>1 1 1 1 1 1 1 1 1 1 1 1 1 1 1 1 1 1 1 1 1 1 1 1 1 1 1 1 1 1 1 1 </weights>

	<meta><key>label</key><value>wing-left</value></meta>

	<meta><key>parentLabel</key><value>wing</value></meta>
</node>

<node>
	<id>engineleft</id>
	<type>CURVE</type>
	<mesh>meshes/engineleft.obj</mesh>

	<controls>
		<c>15</c>
	</controls>

	<point>0.685047 0.638345 0.647945</point>
	<point>0.684807 0.606591 0.648086</point>
	<point>0.685119 0.574839 0.648034</point>
	<point>0.685534 0.543086 0.647952</point>
	<point>0.685954 0.511334 0.647872</point>
	<point>0.686383 0.479582 0.647798</point>
	<point>0.686824 0.44783 0.647736</point>
	<point>0.687264 0.416079 0.64769</point>
	<point>0.687675 0.384326 0.647677</point>
	<point>0.687931 0.352571 0.647734</point>
	<point>0.688097 0.320818 0.647821</point>
	<point>0.688261 0.289063 0.64791</point>
	<point>0.688351 0.257308 0.648004</point>
	<point>0.68803 0.225557 0.648082</point>
	<point>0.6872 0.193812 0.648127</point>

	<weights>1 1 1 1 1 1 1 1 1 1 1 1 1 1 1 </weights>

	<meta><key>label</key><value>wing-engine-left</value></meta>

	<meta><key>parentLabel</key><value>wing</value></meta>
</node>

<node>
	<id>wingtopleft</id>
	<type>CURVE</type>
	<mesh>meshes/wingtopleft.obj</mesh>

	<controls>
		<c>30</c>
	</controls>

	<point>0.303184 0.686868 0.832196</point>
	<point>0.365778 0.709232 0.832769</point>
	<point>0.428202 0.732051 0.833612</point>
	<point>0.490165 0.75608 0.834812</point>
	<point>0.551623 0.781353 0.836306</point>
	<point>0.612222 0.808598 0.838205</point>
	<point>0.671674 0.838227 0.84056</point>
	<point>0.729909 0.870136 0.843341</point>
	<point>0.786971 0.904076 0.846499</point>
	<point>0.842938 0.939763 0.849986</point>
	<point>0.897679 0.977266 0.853821</point>
	<point>0.950151 1.0178 0.858268</point>
	<point>1.00038 1.06104 0.863297</point>
	<point>1.04905 1.10598 0.868748</point>
	<point>1.09637 1.15229 0.874621</point>
	<point>1.14276 1.19949 0.880872</point>
	<point>1.18877 1.24702 0.887375</point>
	<point>1.23466 1.29462 0.894108</point>
	<point>1.28057 1.3422 0.90104</point>
	<point>1.32655 1.38967 0.908134</point>
	<point>1.37264 1.437 0.915416</point>
	<point>1.41886 1.48421 0.922868</point>
	<point>1.46516 1.53128 0.930465</point>
	<point>1.51156 1.57824 0.938229</point>
	<point>1.55805 1.62509 0.946151</point>
	<point>1.60459 1.67186 0.954196</point>
	<point>1.65108 1.71867 0.962292</point>
	<point>1.69733 1.76573 0.970408</point>
	<point>1.74344 1.81291 0.978521</point>
	<point>1.78942 1.86021 0.986621</point>

	<weights>1 1 1 1 1 1 1 1 1 1 1 1 1 1 1 1 1 1 1 1 1 1 1 1 1 1 1 1 1 1 </weights>

	<meta><key>label</key><value>tail-left</value></meta>

	<meta><key>parentLabel</key><value>tail</value></meta>
</node>

<edge>
	<id>body : wingbottomright</id>
	<type>POINT</type>

	<n>body</n>
	<n>wingbottomright</n>
	<coord>
		<uv>0.231958 0 0 0</uv>
	</coord>
	<coord>
		<uv>0 0 0 0</uv>
	</coord>
</edge>

<edge>
	<id>body : engineright</id>
	<type>POINT</type>

	<n>body</n>
	<n>engineright</n>
	<coord>
		<uv>0.30921 0 0 0</uv>
	</coord>
	<coord>
		<uv>1 0 0 0</uv>
	</coord>
</edge>

<edge>
	<id>body : wingtopright</id>
	<type>POINT</type>

	<n>body</n>
	<n>wingtopright</n>
	<coord>
		<uv>0.146206 0 0 0</uv>
	</coord>
	<coord>
		<uv>0 0 0 0</uv>
	</coord>
</edge>

<edge>
	<id>body : wingbottomleft</id>
	<type>POINT</type>

	<n>body</n>
	<n>wingbottomleft</n>
	<coord>
		<uv>0.231958 0 0 0</uv>
	</coord>
	<coord>
		<uv>0 0 0 0</uv>
	</coord>
</edge>

<edge>
	<id>body : engineleft</id>
	<type>POINT</type>

	<n>body</n>
	<n>engineleft</n>
	<coord>
		<uv>0.30921 0 0 0</uv>
	</coord>
	<coord>
		<uv>1 0 0 0</uv>
	</coord>
</edge>

<edge>
	<id>body : wingtopleft</id>
	<type>POINT</type>

	<n>body</n>
	<n>wingtopleft</n>
	<coord>
		<uv>0.146206 0 0 0</uv>
	</coord>
	<coord>
		<uv>0 0 0 0</uv>
	</coord>
</edge>

<group>
	<n>wingbottomright</n>
	<n>wingbottomleft</n>
</group>

<group>
	<n>engineright</n>
	<n>engineleft</n>
</group>

<group>
	<n>wingtopright</n>
	<n>wingtopleft</n>
</group>


</document>
