<?xml version="1.0" encoding="UTF-8" ?>
<document>
<node>
	<id>part01</id>
	<type>CURVE</type>
	<mesh>meshes/part01.obj</mesh>

	<controls>
		<c>6</c>
	</controls>

	<point>0.00456182 -0.22513 0.735013</point>
	<point>0.00377996 -0.235381 0.704553</point>
	<point>0.00299812 -0.245632 0.67409</point>
	<point>0.00221649 -0.255882 0.643627</point>
	<point>0.00143465 -0.266132 0.613167</point>
	<point>0.000653022 -0.276383 0.582705</point>

	<weights>1 1 1 1 1 1 </weights>

	<meta><key>label</key><value>trunk-front</value></meta>

	<meta><key>parentLabel</key><value>trunk</value></meta>
</node>

<node>
	<id>part02</id>
	<type>CURVE</type>
	<mesh>meshes/part02.obj</mesh>

	<controls>
		<c>6</c>
	</controls>

	<point>-0.0239817 0.100951 0.268774</point>
	<point>-0.0239817 0.0974501 0.248689</point>
	<point>-0.0239817 0.0939506 0.228603</point>
	<point>-0.0239817 0.0904495 0.208518</point>
	<point>-0.0239817 0.0869508 0.188434</point>
	<point>-0.0239817 0.0834489 0.168348</point>

	<weights>1 1 1 1 1 1 </weights>

	<meta><key>label</key><value>peddle-middle</value></meta>

	<meta><key>parentLabel</key><value>peddle</value></meta>
</node>

<node>
	<id>part03</id>
	<type>CURVE</type>
	<mesh>meshes/part03.obj</mesh>

	<controls>
		<c>6</c>
	</controls>

	<point>-0.138648 -0.214208 0.739664</point>
	<point>-0.138639 -0.255066 0.739664</point>
	<point>-0.138629 -0.295923 0.739664</point>
	<point>-0.13862 -0.33678 0.739664</point>
	<point>-0.138611 -0.377636 0.739664</point>
	<point>-0.138602 -0.418493 0.739661</point>

	<weights>1 1 1 1 1 1 </weights>

	<meta><key>label</key><value>handle-right</value></meta>

	<meta><key>parentLabel</key><value>handle</value></meta>
</node>

<node>
	<id>part04</id>
	<type>CURVE</type>
	<mesh>meshes/part04.obj</mesh>

	<controls>
		<c>6</c>
	</controls>

	<point>0.138601 -0.213611 0.738747</point>
	<point>0.13861 -0.254469 0.738747</point>
	<point>0.138619 -0.295325 0.738747</point>
	<point>0.138628 -0.336182 0.738747</point>
	<point>0.138636 -0.377039 0.738747</point>
	<point>0.138648 -0.417896 0.738747</point>

	<weights>1 1 1 1 1 1 </weights>

	<meta><key>label</key><value>handle-left</value></meta>

	<meta><key>parentLabel</key><value>handle</value></meta>
</node>

<node>
	<id>part05</id>
	<type>CURVE</type>
	<mesh>meshes/part05.obj</mesh>

	<controls>
		<c>6</c>
	</controls>

	<point>-0.0323248 -0.0587528 0.246913</point>
	<point>-0.0323248 -0.0276656 0.24143</point>
	<point>-0.0323248 0.00342372 0.235951</point>
	<point>-0.0323248 0.0345109 0.230468</point>
	<point>-0.0323248 0.0656003 0.224987</point>
	<point>-0.0323248 0.0966899 0.219505</point>

	<weights>1 1 1 1 1 1 </weights>

	<meta><key>label</key><value>peddle-right</value></meta>

	<meta><key>parentLabel</key><value>peddle</value></meta>
</node>

<node>
	<id>part06</id>
	<type>CURVE</type>
	<mesh>meshes/part06.obj</mesh>

	<controls>
		<c>6</c>
	</controls>

	<point>0.0232515 0.08206 0.21492</point>
	<point>0.0232515 0.113142 0.209441</point>
	<point>0.0232515 0.144225 0.203959</point>
	<point>0.0232515 0.175308 0.198479</point>
	<point>0.0232515 0.206391 0.192998</point>
	<point>0.0232515 0.237471 0.187518</point>

	<weights>1 1 1 1 1 1 </weights>

	<meta><key>label</key><value>peddle-left</value></meta>

	<meta><key>parentLabel</key><value>peddle</value></meta>
</node>

<node>
	<id>part07</id>
	<type>CURVE</type>
	<mesh>meshes/part07.obj</mesh>

	<controls>
		<c>6</c>
	</controls>

	<point>-0.000869773 0.382552 0.79955</point>
	<point>-0.000402261 0.339147 0.800019</point>
	<point>6.50243e-05 0.295741 0.80049</point>
	<point>0.00053231 0.252339 0.800959</point>
	<point>0.000999592 0.208933 0.801428</point>
	<point>0.0014671 0.165529 0.8019</point>

	<weights>1 1 1 1 1 1 </weights>

	<meta><key>label</key><value>seat</value></meta>

	<meta><key>parentLabel</key><value>seat</value></meta>
</node>

<node>
	<id>part08</id>
	<type>CURVE</type>
	<mesh>meshes/part08.obj</mesh>

	<controls>
		<c>6</c>
	</controls>

	<point>-0.126431 -0.218353 0.742505</point>
	<point>-0.0759062 -0.217699 0.743985</point>
	<point>-0.0253818 -0.217048 0.745465</point>
	<point>0.0251433 -0.216396 0.746944</point>
	<point>0.0756666 -0.215745 0.748424</point>
	<point>0.126192 -0.215091 0.749905</point>

	<weights>1 1 1 1 1 1 </weights>

	<meta><key>label</key><value>handle-bar</value></meta>

	<meta><key>parentLabel</key><value>handle</value></meta>
</node>

<node>
	<id>part09</id>
	<type>CURVE</type>
	<mesh>meshes/part09.obj</mesh>

	<controls>
		<c>6</c>
	</controls>

	<point>0.0199318 -0.426187 0.253291</point>
	<point>0.0118672 -0.425989 0.253348</point>
	<point>0.00380264 -0.425792 0.253404</point>
	<point>-0.00426171 -0.425594 0.25346</point>
	<point>-0.0123262 -0.425397 0.253515</point>
	<point>-0.0203909 -0.425199 0.25357</point>

	<weights>1 1 1 1 1 1 </weights>

	<meta><key>label</key><value>tire-front-support</value></meta>

	<meta><key>parentLabel</key><value>tire</value></meta>
</node>

<node>
	<id>part10</id>
	<type>CURVE</type>
	<mesh>meshes/part10.obj</mesh>

	<controls>
		<c>6</c>
	</controls>

	<point>0.0242363 0.430328 0.249427</point>
	<point>0.0136386 0.43033 0.249427</point>
	<point>0.0030408 0.430332 0.249429</point>
	<point>-0.00755694 0.430332 0.249432</point>
	<point>-0.0181547 0.430334 0.249433</point>
	<point>-0.0287522 0.430336 0.249433</point>

	<weights>1 1 1 1 1 1 </weights>

	<meta><key>label</key><value>tire-back-support</value></meta>

	<meta><key>parentLabel</key><value>tire</value></meta>
</node>

<node>
	<id>part11</id>
	<type>CURVE</type>
	<mesh>meshes/part11.obj</mesh>

	<controls>
		<c>6</c>
	</controls>

	<point>-0.0406159 -0.065731 0.25069</point>
	<point>-0.0546785 -0.0646239 0.250585</point>
	<point>-0.0687409 -0.0635168 0.250478</point>
	<point>-0.0828034 -0.062412 0.250374</point>
	<point>-0.0968655 -0.0613049 0.25027</point>
	<point>-0.110928 -0.0601978 0.250163</point>

	<weights>1 1 1 1 1 1 </weights>

	<meta><key>label</key><value>peddle-right</value></meta>

	<meta><key>parentLabel</key><value>peddle</value></meta>
</node>

<node>
	<id>part12</id>
	<type>CURVE</type>
	<mesh>meshes/part12.obj</mesh>

	<controls>
		<c>6</c>
	</controls>

	<point>0.0316301 0.244031 0.183085</point>
	<point>0.0456576 0.243042 0.183186</point>
	<point>0.0596851 0.242053 0.183287</point>
	<point>0.0737126 0.241062 0.183389</point>
	<point>0.0877399 0.240072 0.18349</point>
	<point>0.101768 0.239082 0.183592</point>

	<weights>1 1 1 1 1 1 </weights>

	<meta><key>label</key><value>peddle-left</value></meta>

	<meta><key>parentLabel</key><value>peddle</value></meta>
</node>

<node>
	<id>part13</id>
	<type>CURVE</type>
	<mesh>meshes/part13.obj</mesh>

	<controls>
		<c>6</c>
	</controls>

	<point>-0.00999632 0.199439 0.63366</point>
	<point>-0.00608394 0.114601 0.639372</point>
	<point>-0.00217137 0.0297647 0.645086</point>
	<point>0.00174121 -0.0550737 0.650799</point>
	<point>0.00565356 -0.13991 0.656512</point>
	<point>0.0095661 -0.224749 0.662226</point>

	<weights>1 1 1 1 1 1 </weights>

	<meta><key>label</key><value>trunk</value></meta>

	<meta><key>parentLabel</key><value>trunk</value></meta>
</node>

<node>
	<id>part16</id>
	<type>CURVE</type>
	<mesh>meshes/part16.obj</mesh>

	<controls>
		<c>6</c>
	</controls>

	<point>0.00907037 0.26666 0.757415</point>
	<point>0.00536412 0.23056 0.650764</point>
	<point>0.00165717 0.194459 0.544112</point>
	<point>-0.00204932 0.158357 0.43746</point>
	<point>-0.00575626 0.122257 0.330809</point>
	<point>-0.00946234 0.0861569 0.224158</point>

	<weights>1 1 1 1 1 1 </weights>

	<meta><key>label</key><value>trunk-side</value></meta>

	<meta><key>parentLabel</key><value>trunk</value></meta>
</node>

<node>
	<id>part17</id>
	<type>CURVE</type>
	<mesh>meshes/part17.obj</mesh>

	<controls>
		<c>6</c>
	</controls>

	<point>-0.00046673 0.104941 0.234288</point>
	<point>-0.000362691 0.0318077 0.304283</point>
	<point>-0.000258652 -0.0413263 0.374278</point>
	<point>-0.000154614 -0.11446 0.444275</point>
	<point>-5.05745e-05 -0.187594 0.51427</point>
	<point>5.32421e-05 -0.260728 0.584265</point>

	<weights>1 1 1 1 1 1 </weights>

	<meta><key>label</key><value>trunk-bottom</value></meta>

	<meta><key>parentLabel</key><value>trunk</value></meta>
</node>

<node>
	<id>part18</id>
	<type>CURVE</type>
	<mesh>meshes/part18.obj</mesh>

	<controls>
		<c>6</c>
	</controls>

	<point>-0.0142146 0.245021 0.624152</point>
	<point>-0.0240676 0.281459 0.553647</point>
	<point>-0.0339204 0.317895 0.483143</point>
	<point>-0.0437733 0.354331 0.412639</point>
	<point>-0.0536263 0.390768 0.342137</point>
	<point>-0.0634791 0.427204 0.271633</point>

	<weights>1 1 1 1 1 1 </weights>

	<meta><key>label</key><value>tire-back-fork-right</value></meta>

	<meta><key>parentLabel</key><value>tire</value></meta>
</node>

<node>
	<id>part19</id>
	<type>CURVE</type>
	<mesh>meshes/part19.obj</mesh>

	<controls>
		<c>6</c>
	</controls>

	<point>0.0251344 0.245305 0.623947</point>
	<point>0.0293782 0.281723 0.552961</point>
	<point>0.0336198 0.318141 0.481974</point>
	<point>0.0378635 0.354559 0.410985</point>
	<point>0.0421074 0.390978 0.339998</point>
	<point>0.0463512 0.427395 0.269012</point>

	<weights>1 1 1 1 1 1 </weights>

	<meta><key>label</key><value>tire-back-fork-left</value></meta>

	<meta><key>parentLabel</key><value>tire</value></meta>
</node>

<node>
	<id>part20</id>
	<type>CURVE</type>
	<mesh>meshes/part20.obj</mesh>

	<controls>
		<c>6</c>
	</controls>

	<point>-0.0208306 -0.286201 0.567928</point>
	<point>-0.0280806 -0.312514 0.508292</point>
	<point>-0.0353304 -0.338827 0.448655</point>
	<point>-0.0425802 -0.36514 0.389019</point>
	<point>-0.0498301 -0.391452 0.329384</point>
	<point>-0.0570799 -0.417766 0.269745</point>

	<weights>1 1 1 1 1 1 </weights>

	<meta><key>label</key><value>tire-front-fork-right</value></meta>

	<meta><key>parentLabel</key><value>tire</value></meta>
</node>

<node>
	<id>part21</id>
	<type>CURVE</type>
	<mesh>meshes/part21.obj</mesh>

	<controls>
		<c>6</c>
	</controls>

	<point>0.0249854 -0.286461 0.567174</point>
	<point>0.028609 -0.312277 0.507617</point>
	<point>0.0322349 -0.338092 0.448059</point>
	<point>0.0358584 -0.363908 0.388501</point>
	<point>0.0394842 -0.389723 0.328943</point>
	<point>0.0431077 -0.415539 0.269385</point>

	<weights>1 1 1 1 1 1 </weights>

	<meta><key>label</key><value>tire-front-fork-left</value></meta>

	<meta><key>parentLabel</key><value>tire</value></meta>
</node>

<node>
	<id>tireFront</id>
	<type>CURVE</type>
	<mesh>meshes/tireFront.obj</mesh>

	<controls>
		<c>36</c>
	</controls>

	<point>-0.00115676 -0.429286 7.40425e-17</point>
	<point>-0.00115676 -0.43159 7.40425e-17</point>
	<point>-0.00115676 -0.433885 3.12561e-05</point>
	<point>-0.00115676 -0.478712 0.00124747</point>
	<point>-0.00115676 -0.518617 0.01306</point>
	<point>-0.00115676 -0.57843 0.0473566</point>
	<point>-0.00115676 -0.600818 0.0659962</point>
	<point>-0.00115676 -0.630397 0.100673</point>
	<point>-0.00115676 -0.640033 0.114563</point>
	<point>-0.00115676 -0.667969 0.165128</point>
	<point>-0.00115676 -0.679218 0.206231</point>
	<point>-0.00115676 -0.679218 0.286557</point>
	<point>-0.00115676 -0.671318 0.321356</point>
	<point>-0.00115676 -0.644566 0.380482</point>
	<point>-0.00115676 -0.627074 0.405555</point>
	<point>-0.00115676 -0.586992 0.445549</point>
	<point>-0.00115676 -0.565249 0.461324</point>
	<point>-0.00115676 -0.507605 0.490317</point>
	<point>-0.00115676 -0.469549 0.499865</point>
	<point>-0.00115676 -0.376 0.499865</point>
	<point>-0.00115676 -0.326579 0.483141</point>
	<point>-0.00115676 -0.267142 0.441434</point>
	<point>-0.00115676 -0.250198 0.425673</point>
	<point>-0.00115676 -0.220705 0.389573</point>
	<point>-0.00115676 -0.208294 0.369116</point>
	<point>-0.00115676 -0.186336 0.317184</point>
	<point>-0.00115676 -0.179354 0.284364</point>
	<point>-0.00115676 -0.179354 0.216413</point>
	<point>-0.00115676 -0.185972 0.184421</point>
	<point>-0.00115676 -0.209896 0.126153</point>
	<point>-0.00115676 -0.227136 0.0998422</point>
	<point>-0.00115676 -0.270527 0.054365</point>
	<point>-0.00115676 -0.296959 0.0354666</point>
	<point>-0.00115676 -0.356268 0.0086108</point>
	<point>-0.00115676 -0.389221 0.000792407</point>
	<point>-0.00115676 -0.4239 5.70436e-05</point>

	<weights>1 1 1 1 1 1 1 1 1 1 1 1 1 1 1 1 1 1 1 1 1 1 1 1 1 1 1 1 1 1 1 1 1 1 1 1 </weights>

	<meta><key>label</key><value>tire-front</value></meta>

	<meta><key>parentLabel</key><value>tire</value></meta>
</node>

<node>
	<id>tireBack</id>
	<type>CURVE</type>
	<mesh>meshes/tireBack.obj</mesh>

	<controls>
		<c>36</c>
	</controls>

	<point>-0.00115676 0.429287 7.40425e-17</point>
	<point>-0.00115676 0.426984 7.40425e-17</point>
	<point>-0.00115676 0.424688 3.12561e-05</point>
	<point>-0.00115676 0.379862 0.00124747</point>
	<point>-0.00115676 0.339956 0.01306</point>
	<point>-0.00115676 0.280143 0.0473566</point>
	<point>-0.00115676 0.257754 0.0659962</point>
	<point>-0.00115676 0.228177 0.100673</point>
	<point>-0.00115676 0.218539 0.114563</point>
	<point>-0.00115676 0.190604 0.165128</point>
	<point>-0.00115676 0.179354 0.206231</point>
	<point>-0.00115676 0.179354 0.286557</point>
	<point>-0.00115676 0.187255 0.321356</point>
	<point>-0.00115676 0.214007 0.380482</point>
	<point>-0.00115676 0.231498 0.405555</point>
	<point>-0.00115676 0.271579 0.445549</point>
	<point>-0.00115676 0.293323 0.461324</point>
	<point>-0.00115676 0.350967 0.490317</point>
	<point>-0.00115676 0.389023 0.499865</point>
	<point>-0.00115676 0.482574 0.499865</point>
	<point>-0.00115676 0.531995 0.483141</point>
	<point>-0.00115676 0.59143 0.441434</point>
	<point>-0.00115676 0.608374 0.425673</point>
	<point>-0.00115676 0.63787 0.389573</point>
	<point>-0.00115676 0.650281 0.369116</point>
	<point>-0.00115676 0.672236 0.317184</point>
	<point>-0.00115676 0.679218 0.284364</point>
	<point>-0.00115676 0.679218 0.216413</point>
	<point>-0.00115676 0.6726 0.184421</point>
	<point>-0.00115676 0.648676 0.126153</point>
	<point>-0.00115676 0.631438 0.0998422</point>
	<point>-0.00115676 0.588047 0.054365</point>
	<point>-0.00115676 0.561615 0.0354666</point>
	<point>-0.00115676 0.502305 0.0086108</point>
	<point>-0.00115676 0.469351 0.000792407</point>
	<point>-0.00115676 0.434674 5.70436e-05</point>

	<weights>1 1 1 1 1 1 1 1 1 1 1 1 1 1 1 1 1 1 1 1 1 1 1 1 1 1 1 1 1 1 1 1 1 1 1 1 </weights>

	<meta><key>label</key><value>tire-back</value></meta>

	<meta><key>parentLabel</key><value>tire</value></meta>
</node>

<edge>
	<id>part01 : part08</id>
	<type>POINT</type>

	<n>part01</n>
	<n>part08</n>
	<coord>
		<uv>0 0 0 0</uv>
	</coord>
	<coord>
		<uv>0.521916 0 0 0</uv>
	</coord>
</edge>

<edge>
	<id>part01 : part13</id>
	<type>POINT</type>

	<n>part01</n>
	<n>part13</n>
	<coord>
		<uv>0.386543 0 0 0</uv>
	</coord>
	<coord>
		<uv>1 0 0 0</uv>
	</coord>
</edge>

<edge>
	<id>part01 : part17</id>
	<type>POINT</type>

	<n>part01</n>
	<n>part17</n>
	<coord>
		<uv>0.976453 0 0 0</uv>
	</coord>
	<coord>
		<uv>1 0 0 0</uv>
	</coord>
</edge>

<edge>
	<id>part01 : part20</id>
	<type>POINT</type>

	<n>part01</n>
	<n>part20</n>
	<coord>
		<uv>1 0 0 0</uv>
	</coord>
	<coord>
		<uv>0 0 0 0</uv>
	</coord>
</edge>

<edge>
	<id>part01 : part21</id>
	<type>POINT</type>

	<n>part01</n>
	<n>part21</n>
	<coord>
		<uv>1 0 0 0</uv>
	</coord>
	<coord>
		<uv>0 0 0 0</uv>
	</coord>
</edge>

<edge>
	<id>part16 : part18</id>
	<type>POINT</type>

	<n>part16</n>
	<n>part18</n>
	<coord>
		<uv>0.164558 0 0 0</uv>
	</coord>
	<coord>
		<uv>0 0 0 0</uv>
	</coord>
</edge>

<edge>
	<id>part16 : part19</id>
	<type>POINT</type>

	<n>part16</n>
	<n>part19</n>
	<coord>
		<uv>0.163587 0 0 0</uv>
	</coord>
	<coord>
		<uv>0 0 0 0</uv>
	</coord>
</edge>

<edge>
	<id>part16 : part02</id>
	<type>POINT</type>

	<n>part16</n>
	<n>part02</n>
	<coord>
		<uv>0.978738 0 0 0</uv>
	</coord>
	<coord>
		<uv>0.184373 0 0 0</uv>
	</coord>
</edge>

<edge>
	<id>part16 : part17</id>
	<type>POINT</type>

	<n>part16</n>
	<n>part17</n>
	<coord>
		<uv>0.976665 0 0 0</uv>
	</coord>
	<coord>
		<uv>0.0206584 0 0 0</uv>
	</coord>
</edge>

<edge>
	<id>part16 : part13</id>
	<type>POINT</type>

	<n>part16</n>
	<n>part13</n>
	<coord>
		<uv>0.175509 0 0 0</uv>
	</coord>
	<coord>
		<uv>0 0 0 0</uv>
	</coord>
</edge>

<edge>
	<id>part16 : part07</id>
	<type>POINT</type>

	<n>part16</n>
	<n>part07</n>
	<coord>
		<uv>0 0 0 0</uv>
	</coord>
	<coord>
		<uv>0.554549 0 0 0</uv>
	</coord>
</edge>

<edge>
	<id>part08 : part04</id>
	<type>POINT</type>

	<n>part08</n>
	<n>part04</n>
	<coord>
		<uv>1 0 0 0</uv>
	</coord>
	<coord>
		<uv>0.0020263 0 0 0</uv>
	</coord>
</edge>

<edge>
	<id>part08 : part03</id>
	<type>POINT</type>

	<n>part08</n>
	<n>part03</n>
	<coord>
		<uv>0 0 0 0</uv>
	</coord>
	<coord>
		<uv>0.00568716 0 0 0</uv>
	</coord>
</edge>

<edge>
	<id>part10 : part18</id>
	<type>POINT</type>

	<n>part10</n>
	<n>part18</n>
	<coord>
		<uv>1 0 0 0</uv>
	</coord>
	<coord>
		<uv>1 0 0 0</uv>
	</coord>
</edge>

<edge>
	<id>part10 : part19</id>
	<type>POINT</type>

	<n>part10</n>
	<n>part19</n>
	<coord>
		<uv>0 0 0 0</uv>
	</coord>
	<coord>
		<uv>1 0 0 0</uv>
	</coord>
</edge>

<edge>
	<id>part10 : tireBack</id>
	<type>POINT</type>

	<n>part10</n>
	<n>tireBack</n>
	<coord>
		<uv>0.453539 0 0 0</uv>
	</coord>
	<coord>
		<uv>0 0 0 0</uv>
	</coord>
</edge>

<edge>
	<id>part09 : part20</id>
	<type>POINT</type>

	<n>part09</n>
	<n>part20</n>
	<coord>
		<uv>1 0 0 0</uv>
	</coord>
	<coord>
		<uv>1 0 0 0</uv>
	</coord>
</edge>

<edge>
	<id>part09 : part21</id>
	<type>POINT</type>

	<n>part09</n>
	<n>part21</n>
	<coord>
		<uv>0 0 0 0</uv>
	</coord>
	<coord>
		<uv>1 0 0 0</uv>
	</coord>
</edge>

<edge>
	<id>part09 : tireFront</id>
	<type>POINT</type>

	<n>part09</n>
	<n>tireFront</n>
	<coord>
		<uv>0.689672 0 0 0</uv>
	</coord>
	<coord>
		<uv>0 0 0 0</uv>
	</coord>
</edge>

<edge>
	<id>part05 : part02</id>
	<type>POINT</type>

	<n>part05</n>
	<n>part02</n>
	<coord>
		<uv>0.984845 0 0 0</uv>
	</coord>
	<coord>
		<uv>0.487579 0 0 0</uv>
	</coord>
</edge>

<edge>
	<id>part05 : part11</id>
	<type>POINT</type>

	<n>part05</n>
	<n>part11</n>
	<coord>
		<uv>0 0 0 0</uv>
	</coord>
	<coord>
		<uv>0 0 0 0</uv>
	</coord>
</edge>

<edge>
	<id>part06 : part02</id>
	<type>POINT</type>

	<n>part06</n>
	<n>part02</n>
	<coord>
		<uv>0.0326697 0 0 0</uv>
	</coord>
	<coord>
		<uv>0.569235 0 0 0</uv>
	</coord>
</edge>

<edge>
	<id>part06 : part12</id>
	<type>POINT</type>

	<n>part06</n>
	<n>part12</n>
	<coord>
		<uv>1 0 0 0</uv>
	</coord>
	<coord>
		<uv>0 0 0 0</uv>
	</coord>
</edge>

<group>
	<n>part03</n>
	<n>part04</n>
</group>

<group>
	<n>part20</n>
	<n>part21</n>
</group>

<group>
	<n>part18</n>
	<n>part19</n>
</group>

<group>
	<n>part05</n>
	<n>part06</n>
</group>

<group>
	<n>part11</n>
	<n>part12</n>
</group>


</document>
