<?xml version="1.0" encoding="UTF-8" ?>
<document>
<node>
	<id>stabilizer</id>
	<type>CURVE</type>
	<mesh>meshes/stabilizer.obj</mesh>

	<controls>
		<c>6</c>
	</controls>

	<point>0.000741317 0.731081 0.165497</point>
	<point>0.000741317 0.715527 0.133308</point>
	<point>0.000741317 0.699973 0.101118</point>
	<point>0.000741317 0.684419 0.0689283</point>
	<point>0.000741317 0.668865 0.0367386</point>
	<point>0.000741317 0.65331 0.0045489</point>

	<weights>1 1 1 1 1 1 </weights>

	<meta><key>label</key><value>tail-stabilizer</value></meta>

	<meta><key>parentLabel</key><value>tail</value></meta>
</node>

<node>
	<id>wingL</id>
	<type>CURVE</type>
	<mesh>meshes/wingL.obj</mesh>

	<controls>
		<c>6</c>
	</controls>

	<point>0.133306 0.00321574 0.196544</point>
	<point>0.411366 0.00705364 0.192391</point>
	<point>0.689431 0.0108915 0.188238</point>
	<point>0.967494 0.0147294 0.184085</point>
	<point>1.24556 0.0186077 0.179932</point>
	<point>1.52362 0.0224456 0.175779</point>

	<weights>1 1 1 1 1 1 </weights>

	<meta><key>label</key><value>wing-left</value></meta>

	<meta><key>parentLabel</key><value>wing</value></meta>
</node>

<node>
	<id>wingR</id>
	<type>CURVE</type>
	<mesh>meshes/wingR.obj</mesh>

	<controls>
		<c>6</c>
	</controls>

	<point>-0.132922 0.00111501 0.196701</point>
	<point>-0.411063 -0.00272288 0.193138</point>
	<point>-0.689202 -0.00660117 0.189571</point>
	<point>-0.967341 -0.010439 0.186004</point>
	<point>-1.24548 -0.0142769 0.182441</point>
	<point>-1.52362 -0.0181552 0.178873</point>

	<weights>1 1 1 1 1 1 </weights>

	<meta><key>label</key><value>wing-right</value></meta>

	<meta><key>parentLabel</key><value>wing</value></meta>
</node>

<node>
	<id>tailL</id>
	<type>CURVE</type>
	<mesh>meshes/tailL.obj</mesh>

	<controls>
		<c>6</c>
	</controls>

	<point>0.0811588 0.694602 0.229869</point>
	<point>0.167172 0.69464 0.279555</point>
	<point>0.253185 0.69464 0.329238</point>
	<point>0.339198 0.694678 0.378924</point>
	<point>0.425211 0.694678 0.42861</point>
	<point>0.511223 0.694721 0.478297</point>

	<weights>1 1 1 1 1 1 </weights>

	<meta><key>label</key><value>tail-left</value></meta>

	<meta><key>parentLabel</key><value>tail</value></meta>
</node>

<node>
	<id>wheelL</id>
	<type>CURVE</type>
	<mesh>meshes/wheelL.obj</mesh>

	<controls>
		<c>6</c>
	</controls>

	<point>0.00808986 0.00980073 0.228051</point>
	<point>0.0624785 0.00818481 0.182441</point>
	<point>0.116868 0.00660925 0.136831</point>
	<point>0.171256 0.00503369 0.0912203</point>
	<point>0.225649 0.00341773 0.0456102</point>
	<point>0.280038 0.00184218 0</point>

	<weights>1 1 1 1 1 1 </weights>

	<meta><key>label</key><value>wheel-left</value></meta>

	<meta><key>parentLabel</key><value>wheel</value></meta>
</node>

<node>
	<id>wheelR</id>
	<type>CURVE</type>
	<mesh>meshes/wheelR.obj</mesh>

	<controls>
		<c>6</c>
	</controls>

	<point>-0.00541547 0.00971995 0.225849</point>
	<point>-0.0602243 0.00814439 0.180724</point>
	<point>-0.115029 0.00656883 0.135594</point>
	<point>-0.169834 0.00499328 0.0904651</point>
	<point>-0.224643 0.00341773 0.0453395</point>
	<point>-0.279448 0.00184218 0.000210073</point>

	<weights>1 1 1 1 1 1 </weights>

	<meta><key>label</key><value>wheel-right</value></meta>

	<meta><key>parentLabel</key><value>wheel</value></meta>
</node>

<node>
	<id>wheelFront</id>
	<type>CURVE</type>
	<mesh>meshes/wheelFront.obj</mesh>

	<controls>
		<c>6</c>
	</controls>

	<point>0.00070092 -0.423055 0.189102</point>
	<point>0.000608001 -0.436775 0.15171</point>
	<point>0.000515083 -0.450494 0.114316</point>
	<point>0.000422167 -0.464214 0.076923</point>
	<point>0.00032925 -0.477933 0.0395342</point>
	<point>0.000236333 -0.491651 0.00214113</point>

	<weights>1 1 1 1 1 1 </weights>

	<meta><key>label</key><value>wheel-front</value></meta>

	<meta><key>parentLabel</key><value>wheel</value></meta>
</node>

<node>
	<id>fuselage</id>
	<type>CURVE</type>
	<mesh>meshes/fuselage.obj</mesh>

	<controls>
		<c>6</c>
	</controls>

	<point>-0.00716068 0.834704 0.148195</point>
	<point>-0.00276933 0.500805 0.184881</point>
	<point>0.00162605 0.166952 0.221567</point>
	<point>0.00602142 -0.166944 0.258253</point>
	<point>0.0104128 -0.500825 0.294939</point>
	<point>0.0148082 -0.834704 0.331625</point>

	<weights>1 1 1 1 1 1 </weights>

	<meta><key>label</key><value>fuselage</value></meta>

	<meta><key>parentLabel</key><value>fuselage</value></meta>
</node>

<node>
	<id>tailR</id>
	<type>CURVE</type>
	<mesh>meshes/tailR.obj</mesh>

	<controls>
		<c>6</c>
	</controls>

	<point>-0.0815267 0.694602 0.229768</point>
	<point>-0.167548 0.694559 0.279466</point>
	<point>-0.253565 0.69452 0.329169</point>
	<point>-0.339586 0.69452 0.378868</point>
	<point>-0.425607 0.694477 0.428566</point>
	<point>-0.511625 0.694439 0.478264</point>

	<weights>1 1 1 1 1 1 </weights>

	<meta><key>label</key><value>tail-right</value></meta>

	<meta><key>parentLabel</key><value>tail</value></meta>
</node>

<edge>
	<id>fuselage : stabilizer</id>
	<type>POINT</type>

	<n>fuselage</n>
	<n>stabilizer</n>
	<coord>
		<uv>0.0376514 0 0 0</uv>
	</coord>
	<coord>
		<uv>0.0223671 0 0 0</uv>
	</coord>
</edge>

<edge>
	<id>fuselage : wingL</id>
	<type>POINT</type>

	<n>fuselage</n>
	<n>wingL</n>
	<coord>
		<uv>0.497251 0 0 0</uv>
	</coord>
	<coord>
		<uv>0 0 0 0</uv>
	</coord>
</edge>

<edge>
	<id>fuselage : wingR</id>
	<type>POINT</type>

	<n>fuselage</n>
	<n>wingR</n>
	<coord>
		<uv>0.496643 0 0 0</uv>
	</coord>
	<coord>
		<uv>0 0 0 0</uv>
	</coord>
</edge>

<edge>
	<id>fuselage : tailL</id>
	<type>POINT</type>

	<n>fuselage</n>
	<n>tailL</n>
	<coord>
		<uv>0.0516922 0 0 0</uv>
	</coord>
	<coord>
		<uv>0 0 0 0</uv>
	</coord>
</edge>

<edge>
	<id>fuselage : wheelL</id>
	<type>POINT</type>

	<n>fuselage</n>
	<n>wheelL</n>
	<coord>
		<uv>0.488886 0 0 0</uv>
	</coord>
	<coord>
		<uv>0 0 0 0</uv>
	</coord>
</edge>

<edge>
	<id>fuselage : wheelR</id>
	<type>POINT</type>

	<n>fuselage</n>
	<n>wheelR</n>
	<coord>
		<uv>0.488738 0 0 0</uv>
	</coord>
	<coord>
		<uv>0 0 0 0</uv>
	</coord>
</edge>

<edge>
	<id>fuselage : wheelFront</id>
	<type>POINT</type>

	<n>fuselage</n>
	<n>wheelFront</n>
	<coord>
		<uv>0.817083 0 0 0</uv>
	</coord>
	<coord>
		<uv>0 0 0 0</uv>
	</coord>
</edge>

<edge>
	<id>fuselage : tailR</id>
	<type>POINT</type>

	<n>fuselage</n>
	<n>tailR</n>
	<coord>
		<uv>0.0512789 0 0 0</uv>
	</coord>
	<coord>
		<uv>0 0 0 0</uv>
	</coord>
</edge>

<group>
	<n>wingL</n>
	<n>wingR</n>
</group>

<group>
	<n>wheelL</n>
	<n>wheelR</n>
</group>

<group>
	<n>tailR</n>
	<n>tailL</n>
</group>


</document>
