<?xml version="1.0" encoding="UTF-8" ?>
<document>
<node>
	<id>part02</id>
	<type>CURVE</type>
	<mesh>meshes/part02.obj</mesh>

	<controls>
		<c>6</c>
	</controls>

	<point>0.00265957 0.102053 0.622768</point>
	<point>0.000601016 0.00307999 0.623673</point>
	<point>-0.00145758 -0.0958934 0.624577</point>
	<point>-0.0035172 -0.194867 0.625482</point>
	<point>-0.00557568 -0.29384 0.626387</point>
	<point>-0.00763439 -0.392815 0.627292</point>

	<weights>1 1 1 1 1 1 </weights>

	<meta><key>label</key><value>trunk</value></meta>

	<meta><key>parentLabel</key><value>trunk</value></meta>
</node>

<node>
	<id>handlebar</id>
	<type>CURVE</type>
	<mesh>meshes/handlebar.obj</mesh>

	<controls>
		<c>6</c>
	</controls>

	<point>-0.239288 -0.434366 0.804457</point>
	<point>-0.143573 -0.434348 0.804439</point>
	<point>-0.0478573 -0.43433 0.804421</point>
	<point>0.047858 -0.434312 0.804402</point>
	<point>0.143573 -0.434293 0.804384</point>
	<point>0.239288 -0.434275 0.804366</point>

	<weights>1 1 1 1 1 1 </weights>

	<meta><key>label</key><value>handle-bar</value></meta>

	<meta><key>parentLabel</key><value>handle</value></meta>
</node>

<node>
	<id>underhandle</id>
	<type>CURVE</type>
	<mesh>meshes/underhandle.obj</mesh>

	<controls>
		<c>6</c>
	</controls>

	<point>-0.000499251 -0.424235 0.620037</point>
	<point>-0.000499274 -0.425754 0.652763</point>
	<point>-0.000499297 -0.427273 0.685486</point>
	<point>-0.00049932 -0.428791 0.718212</point>
	<point>-0.000499365 -0.43031 0.750937</point>
	<point>-0.000499388 -0.431829 0.783663</point>

	<weights>1 1 1 1 1 1 </weights>

	<meta><key>label</key><value>trunk-front</value></meta>

	<meta><key>parentLabel</key><value>trunk</value></meta>
</node>

<node>
	<id>part06</id>
	<type>CURVE</type>
	<mesh>meshes/part06.obj</mesh>

	<controls>
		<c>6</c>
	</controls>

	<point>0.00822765 -0.00990841 0.292647</point>
	<point>0.00396477 -0.087706 0.353612</point>
	<point>-0.000298132 -0.165504 0.414578</point>
	<point>-0.00456099 -0.243301 0.475543</point>
	<point>-0.00882392 -0.3211 0.536509</point>
	<point>-0.0130868 -0.398896 0.597474</point>

	<weights>1 1 1 1 1 1 </weights>

	<meta><key>label</key><value>trunk-bottom</value></meta>

	<meta><key>parentLabel</key><value>trunk</value></meta>
</node>

<node>
	<id>trunk</id>
	<type>CURVE</type>
	<mesh>meshes/trunk.obj</mesh>

	<controls>
		<c>6</c>
	</controls>

	<point>-0.000498592 0.0223873 0.293526</point>
	<point>-0.000498592 0.0570452 0.389027</point>
	<point>-0.000498592 0.0917032 0.484526</point>
	<point>-0.000498592 0.126361 0.580027</point>
	<point>-0.000498592 0.161019 0.675526</point>
	<point>-0.000498592 0.195676 0.771027</point>

	<weights>1 1 1 1 1 1 </weights>

	<meta><key>label</key><value>trunk-side</value></meta>

	<meta><key>parentLabel</key><value>trunk</value></meta>
</node>

<node>
	<id>seat</id>
	<type>CURVE</type>
	<mesh>meshes/seat.obj</mesh>

	<controls>
		<c>6</c>
	</controls>

	<point>-0.000232199 0.267587 0.80997</point>
	<point>-0.000240225 0.23901 0.809977</point>
	<point>-0.00024825 0.210432 0.809982</point>
	<point>-0.000256299 0.181854 0.809989</point>
	<point>-0.000264324 0.153277 0.809995</point>
	<point>-0.000272373 0.124699 0.81</point>

	<weights>1 1 1 1 1 1 </weights>

	<meta><key>label</key><value>seat</value></meta>

	<meta><key>parentLabel</key><value>seat</value></meta>
</node>

<node>
	<id>backForkL01</id>
	<type>CURVE</type>
	<mesh>meshes/backForkL01.obj</mesh>

	<controls>
		<c>6</c>
	</controls>

	<point>0.0241658 0.482975 0.261503</point>
	<point>0.0225824 0.394301 0.26455</point>
	<point>0.0209991 0.30563 0.267596</point>
	<point>0.0194166 0.216957 0.270638</point>
	<point>0.0178332 0.128285 0.273685</point>
	<point>0.0162499 0.0396123 0.276732</point>

	<weights>1 1 1 1 1 1 </weights>

	<meta><key>label</key><value>tire-back-fork-left</value></meta>

	<meta><key>parentLabel</key><value>tire</value></meta>
</node>

<node>
	<id>backForkR01</id>
	<type>CURVE</type>
	<mesh>meshes/backForkR01.obj</mesh>

	<controls>
		<c>6</c>
	</controls>

	<point>-0.0081323 0.481784 0.251788</point>
	<point>-0.0133619 0.393588 0.258727</point>
	<point>-0.0185916 0.305392 0.265666</point>
	<point>-0.0238215 0.217196 0.272605</point>
	<point>-0.0290511 0.128999 0.279544</point>
	<point>-0.0342808 0.0408029 0.286483</point>

	<weights>1 1 1 1 1 1 </weights>

	<meta><key>label</key><value>tire-back-fork-right</value></meta>

	<meta><key>parentLabel</key><value>tire</value></meta>
</node>

<node>
	<id>middle</id>
	<type>CURVE</type>
	<mesh>meshes/middle.obj</mesh>

	<controls>
		<c>6</c>
	</controls>

	<point>-0.0651462 0.00956146 0.273965</point>
	<point>-0.0393704 0.00956806 0.273949</point>
	<point>-0.0135945 0.00957488 0.273933</point>
	<point>0.0121812 0.00958147 0.273917</point>
	<point>0.0379569 0.00958829 0.273901</point>
	<point>0.0637327 0.00959488 0.273885</point>

	<weights>1 1 1 1 1 1 </weights>

	<meta><key>label</key><value>peddle-middle</value></meta>

	<meta><key>parentLabel</key><value>peddle</value></meta>
</node>

<node>
	<id>supportPaddelR</id>
	<type>CURVE</type>
	<mesh>meshes/supportPaddelR.obj</mesh>

	<controls>
		<c>6</c>
	</controls>

	<point>-0.0731125 0.00472582 0.273921</point>
	<point>-0.0759329 0.0387781 0.273928</point>
	<point>-0.0787534 0.0728306 0.273937</point>
	<point>-0.0815738 0.106883 0.273946</point>
	<point>-0.0843944 0.140936 0.273956</point>
	<point>-0.0872149 0.174988 0.273962</point>

	<weights>1 1 1 1 1 1 </weights>

	<meta><key>label</key><value>peddle-right</value></meta>

	<meta><key>parentLabel</key><value>peddle</value></meta>
</node>

<node>
	<id>paddelR</id>
	<type>CURVE</type>
	<mesh>meshes/paddelR.obj</mesh>

	<controls>
		<c>6</c>
	</controls>

	<point>-0.0942162 0.170848 0.273933</point>
	<point>-0.108723 0.170843 0.273937</point>
	<point>-0.123229 0.170838 0.273944</point>
	<point>-0.137736 0.170833 0.273949</point>
	<point>-0.152242 0.170828 0.273953</point>
	<point>-0.166748 0.170823 0.27396</point>

	<weights>1 1 1 1 1 1 </weights>

	<meta><key>label</key><value>peddle-right</value></meta>

	<meta><key>parentLabel</key><value>peddle</value></meta>
</node>

<node>
	<id>supportPaddelL</id>
	<type>CURVE</type>
	<mesh>meshes/supportPaddelL.obj</mesh>

	<controls>
		<c>6</c>
	</controls>

	<point>0.0716704 0.0144298 0.273917</point>
	<point>0.0744907 -0.0196223 0.27391</point>
	<point>0.0773113 -0.0536745 0.273903</point>
	<point>0.0801317 -0.0877267 0.273899</point>
	<point>0.0829522 -0.121779 0.273892</point>
	<point>0.0857728 -0.155831 0.273885</point>

	<weights>1 1 1 1 1 1 </weights>

	<meta><key>label</key><value>peddle-left</value></meta>

	<meta><key>parentLabel</key><value>peddle</value></meta>
</node>

<node>
	<id>paddelL</id>
	<type>CURVE</type>
	<mesh>meshes/paddelL.obj</mesh>

	<controls>
		<c>6</c>
	</controls>

	<point>0.0927754 -0.151691 0.273885</point>
	<point>0.107281 -0.151687 0.273885</point>
	<point>0.121787 -0.151682 0.273885</point>
	<point>0.136293 -0.151677 0.273885</point>
	<point>0.150799 -0.151672 0.273885</point>
	<point>0.165305 -0.151668 0.273885</point>

	<weights>1 1 1 1 1 1 </weights>

	<meta><key>label</key><value>peddle-left</value></meta>

	<meta><key>parentLabel</key><value>peddle</value></meta>
</node>

<node>
	<id>frontForkL</id>
	<type>CURVE</type>
	<mesh>meshes/frontForkL.obj</mesh>

	<controls>
		<c>6</c>
	</controls>

	<point>0.0170488 -0.433393 0.602294</point>
	<point>0.0170488 -0.444729 0.537989</point>
	<point>0.0170488 -0.456067 0.473683</point>
	<point>0.0170488 -0.467406 0.409378</point>
	<point>0.0170488 -0.478744 0.345075</point>
	<point>0.0170488 -0.490082 0.280769</point>

	<weights>1 1 1 1 1 1 </weights>

	<meta><key>label</key><value>tire-front-fork-left</value></meta>

	<meta><key>parentLabel</key><value>tire</value></meta>
</node>

<node>
	<id>frontForkR</id>
	<type>CURVE</type>
	<mesh>meshes/frontForkR.obj</mesh>

	<controls>
		<c>6</c>
	</controls>

	<point>-0.0184597 -0.433389 0.60231</point>
	<point>-0.0184597 -0.444729 0.538002</point>
	<point>-0.0184597 -0.456067 0.473695</point>
	<point>-0.0184597 -0.467406 0.409387</point>
	<point>-0.0184597 -0.478744 0.345077</point>
	<point>-0.0184597 -0.490082 0.280769</point>

	<weights>1 1 1 1 1 1 </weights>

	<meta><key>label</key><value>tire-front-fork-right</value></meta>

	<meta><key>parentLabel</key><value>tire</value></meta>
</node>

<node>
	<id>backForkR02</id>
	<type>CURVE</type>
	<mesh>meshes/backForkR02.obj</mesh>

	<controls>
		<c>6</c>
	</controls>

	<point>-0.0257906 0.158389 0.609204</point>
	<point>-0.0216759 0.224094 0.542636</point>
	<point>-0.017561 0.2898 0.476066</point>
	<point>-0.0134463 0.355503 0.409499</point>
	<point>-0.00933138 0.421209 0.342931</point>
	<point>-0.00521669 0.486913 0.276363</point>

	<weights>1 1 1 1 1 1 </weights>

	<meta><key>label</key><value>tire-back-fork-right</value></meta>

	<meta><key>parentLabel</key><value>tire</value></meta>
</node>

<node>
	<id>backForkL02</id>
	<type>CURVE</type>
	<mesh>meshes/backForkL02.obj</mesh>

	<controls>
		<c>6</c>
	</controls>

	<point>0.0100406 0.154381 0.605257</point>
	<point>0.0118266 0.22169 0.540262</point>
	<point>0.0136126 0.288997 0.475268</point>
	<point>0.0153985 0.356306 0.410274</point>
	<point>0.0171845 0.423612 0.345279</point>
	<point>0.0189705 0.490921 0.280285</point>

	<weights>1 1 1 1 1 1 </weights>

	<meta><key>label</key><value>tire-back-fork-left</value></meta>

	<meta><key>parentLabel</key><value>tire</value></meta>
</node>

<node>
	<id>light</id>
	<type>CURVE</type>
	<mesh>meshes/light.obj</mesh>

	<controls>
		<c>6</c>
	</controls>

	<point>0.00479724 -0.435305 0.622458</point>
	<point>0.00337096 -0.45521 0.621476</point>
	<point>0.00194467 -0.475115 0.620492</point>
	<point>0.000518395 -0.49502 0.61951</point>
	<point>-0.000907901 -0.514925 0.618527</point>
	<point>-0.00233427 -0.53483 0.617543</point>

	<weights>1 1 1 1 1 1 </weights>

	<meta><key>label</key><value>handle-other</value></meta>

	<meta><key>parentLabel</key><value>handle</value></meta>
</node>

<node>
	<id>frontsupport</id>
	<type>CURVE</type>
	<mesh>meshes/frontsupport.obj</mesh>

	<controls>
		<c>6</c>
	</controls>

	<point>-0.0450615 -0.505874 0.265107</point>
	<point>-0.0273196 -0.505874 0.265107</point>
	<point>-0.0095776 -0.505874 0.265107</point>
	<point>0.00816422 -0.505874 0.265105</point>
	<point>0.0259061 -0.505874 0.265105</point>
	<point>0.043648 -0.505874 0.265105</point>

	<weights>1 1 1 1 1 1 </weights>

	<meta><key>label</key><value>tire-front-support</value></meta>

	<meta><key>parentLabel</key><value>tire</value></meta>
</node>

<node>
	<id>backsupport</id>
	<type>CURVE</type>
	<mesh>meshes/backsupport.obj</mesh>

	<controls>
		<c>6</c>
	</controls>

	<point>-0.045067 0.50557 0.264845</point>
	<point>-0.027323 0.505579 0.264836</point>
	<point>-0.00957874 0.505585 0.264825</point>
	<point>0.00816531 0.505595 0.264814</point>
	<point>0.0259094 0.505601 0.264802</point>
	<point>0.0436535 0.50561 0.264793</point>

	<weights>1 1 1 1 1 1 </weights>

	<meta><key>label</key><value>tire-back-support</value></meta>

	<meta><key>parentLabel</key><value>tire</value></meta>
</node>

<node>
	<id>tirefront</id>
	<type>CURVE</type>
	<mesh>meshes/tirefront.obj</mesh>

	<controls>
		<c>34</c>
	</controls>

	<point>0.00278784 -0.518581 2.01933e-17</point>
	<point>0.00278784 -0.540569 0.000889826</point>
	<point>0.00278782 -0.561867 0.00447694</point>
	<point>0.00278782 -0.621655 0.0220447</point>
	<point>0.00278782 -0.657323 0.0426507</point>
	<point>0.0027878 -0.71848 0.0991724</point>
	<point>0.0027878 -0.742991 0.136131</point>
	<point>0.0027878 -0.76664 0.204735</point>
	<point>0.00278777 -0.771685 0.233641</point>
	<point>0.00278777 -0.771685 0.30087</point>
	<point>0.00278777 -0.763985 0.336244</point>
	<point>0.00278777 -0.732528 0.408914</point>
	<point>0.0027878 -0.705059 0.444234</point>
	<point>0.0027878 -0.645059 0.491447</point>
	<point>0.0027878 -0.615539 0.506996</point>
	<point>0.0027878 -0.559476 0.523788</point>
	<point>0.00278782 -0.53406 0.527649</point>
	<point>0.00278782 -0.466298 0.527649</point>
	<point>0.00278782 -0.427061 0.518066</point>
	<point>0.00278784 -0.364422 0.48745</point>
	<point>0.00278784 -0.339425 0.469191</point>
	<point>0.00278786 -0.293574 0.421851</point>
	<point>0.00278786 -0.274014 0.391508</point>
	<point>0.00278786 -0.249951 0.328621</point>
	<point>0.00278786 -0.243817 0.296875</point>
	<point>0.00278786 -0.243817 0.22677</point>
	<point>0.00278786 -0.25143 0.191585</point>
	<point>0.00278786 -0.277538 0.130894</point>
	<point>0.00278786 -0.294872 0.104772</point>
	<point>0.00278786 -0.3464 0.0503383</point>
	<point>0.00278786 -0.384639 0.0258927</point>
	<point>0.00278784 -0.449019 0.00537136</point>
	<point>0.00278784 -0.471568 0.00121035</point>
	<point>0.00278784 -0.494909 8.90781e-05</point>

	<weights>1 1 1 1 1 1 1 1 1 1 1 1 1 1 1 1 1 1 1 1 1 1 1 1 1 1 1 1 1 1 1 1 1 1 </weights>

	<meta><key>label</key><value>tire-front</value></meta>

	<meta><key>parentLabel</key><value>tire</value></meta>
</node>

<node>
	<id>tireback</id>
	<type>CURVE</type>
	<mesh>meshes/tireback.obj</mesh>

	<controls>
		<c>34</c>
	</controls>

	<point>0.00278789 0.496923 4.54712e-08</point>
	<point>0.00278789 0.474936 0.000889872</point>
	<point>0.00278786 0.453635 0.00447694</point>
	<point>0.00278786 0.393849 0.022045</point>
	<point>0.00278786 0.358181 0.0426507</point>
	<point>0.00278784 0.297025 0.0991724</point>
	<point>0.00278784 0.272514 0.136132</point>
	<point>0.00278784 0.248862 0.204735</point>
	<point>0.00278782 0.243819 0.233643</point>
	<point>0.00278782 0.243819 0.30087</point>
	<point>0.00278782 0.251517 0.336244</point>
	<point>0.00278782 0.282974 0.408914</point>
	<point>0.00278784 0.310443 0.444234</point>
	<point>0.00278784 0.370443 0.491447</point>
	<point>0.00278784 0.399965 0.506998</point>
	<point>0.00278784 0.456026 0.523788</point>
	<point>0.00278786 0.481443 0.527649</point>
	<point>0.00278786 0.549204 0.527649</point>
	<point>0.00278786 0.588441 0.518066</point>
	<point>0.00278789 0.65108 0.48745</point>
	<point>0.00278789 0.676078 0.469191</point>
	<point>0.00278791 0.721928 0.421851</point>
	<point>0.00278791 0.741488 0.391508</point>
	<point>0.00278791 0.765551 0.328621</point>
	<point>0.00278791 0.771685 0.296875</point>
	<point>0.00278791 0.771685 0.22677</point>
	<point>0.00278791 0.764073 0.191585</point>
	<point>0.00278791 0.737964 0.130894</point>
	<point>0.00278791 0.720633 0.104772</point>
	<point>0.00278791 0.669102 0.0503383</point>
	<point>0.00278791 0.630863 0.0258927</point>
	<point>0.00278789 0.566485 0.00537136</point>
	<point>0.00278789 0.543934 0.0012104</point>
	<point>0.00278789 0.520593 8.91236e-05</point>

	<weights>1 1 1 1 1 1 1 1 1 1 1 1 1 1 1 1 1 1 1 1 1 1 1 1 1 1 1 1 1 1 1 1 1 1 </weights>

	<meta><key>label</key><value>tire-back</value></meta>

	<meta><key>parentLabel</key><value>tire</value></meta>
</node>

<edge>
	<id>underhandle : handlebar</id>
	<type>POINT</type>

	<n>underhandle</n>
	<n>handlebar</n>
	<coord>
		<uv>1 0 0 0</uv>
	</coord>
	<coord>
		<uv>0.494159 0 0 0</uv>
	</coord>
</edge>

<edge>
	<id>underhandle : light</id>
	<type>POINT</type>

	<n>underhandle</n>
	<n>light</n>
	<coord>
		<uv>0.0121405 0 0 0</uv>
	</coord>
	<coord>
		<uv>0 0 0 0</uv>
	</coord>
</edge>

<edge>
	<id>underhandle : frontForkL</id>
	<type>POINT</type>

	<n>underhandle</n>
	<n>frontForkL</n>
	<coord>
		<uv>0 0 0 0</uv>
	</coord>
	<coord>
		<uv>0 0 0 0</uv>
	</coord>
</edge>

<edge>
	<id>underhandle : frontForkR</id>
	<type>POINT</type>

	<n>underhandle</n>
	<n>frontForkR</n>
	<coord>
		<uv>0 0 0 0</uv>
	</coord>
	<coord>
		<uv>0 0 0 0</uv>
	</coord>
</edge>

<edge>
	<id>underhandle : part02</id>
	<type>POINT</type>

	<n>underhandle</n>
	<n>part02</n>
	<coord>
		<uv>0.0221217 0 0 0</uv>
	</coord>
	<coord>
		<uv>1 0 0 0</uv>
	</coord>
</edge>

<edge>
	<id>underhandle : part06</id>
	<type>POINT</type>

	<n>underhandle</n>
	<n>part06</n>
	<coord>
		<uv>0 0 0 0</uv>
	</coord>
	<coord>
		<uv>1 0 0 0</uv>
	</coord>
</edge>

<edge>
	<id>frontsupport : frontForkL</id>
	<type>POINT</type>

	<n>frontsupport</n>
	<n>frontForkL</n>
	<coord>
		<uv>0.773003 0 0 0</uv>
	</coord>
	<coord>
		<uv>1 0 0 0</uv>
	</coord>
</edge>

<edge>
	<id>frontsupport : frontForkR</id>
	<type>POINT</type>

	<n>frontsupport</n>
	<n>frontForkR</n>
	<coord>
		<uv>0.227007 0 0 0</uv>
	</coord>
	<coord>
		<uv>1 0 0 0</uv>
	</coord>
</edge>

<edge>
	<id>frontsupport : tirefront</id>
	<type>POINT</type>

	<n>frontsupport</n>
	<n>tirefront</n>
	<coord>
		<uv>0.559625 0 0 0</uv>
	</coord>
	<coord>
		<uv>0.628607 0 0 0</uv>
	</coord>
</edge>

<edge>
	<id>trunk : part02</id>
	<type>POINT</type>

	<n>trunk</n>
	<n>part02</n>
	<coord>
		<uv>0.735729 0 0 0</uv>
	</coord>
	<coord>
		<uv>0 0 0 0</uv>
	</coord>
</edge>

<edge>
	<id>trunk : backForkR02</id>
	<type>POINT</type>

	<n>trunk</n>
	<n>backForkR02</n>
	<coord>
		<uv>0.735375 0 0 0</uv>
	</coord>
	<coord>
		<uv>0 0 0 0</uv>
	</coord>
</edge>

<edge>
	<id>trunk : backForkL02</id>
	<type>POINT</type>

	<n>trunk</n>
	<n>backForkL02</n>
	<coord>
		<uv>0.729444 0 0 0</uv>
	</coord>
	<coord>
		<uv>0 0 0 0</uv>
	</coord>
</edge>

<edge>
	<id>trunk : backForkL01</id>
	<type>POINT</type>

	<n>trunk</n>
	<n>backForkL01</n>
	<coord>
		<uv>0 0 0 0</uv>
	</coord>
	<coord>
		<uv>1 0 0 0</uv>
	</coord>
</edge>

<edge>
	<id>trunk : backForkR01</id>
	<type>POINT</type>

	<n>trunk</n>
	<n>backForkR01</n>
	<coord>
		<uv>0 0 0 0</uv>
	</coord>
	<coord>
		<uv>1 0 0 0</uv>
	</coord>
</edge>

<edge>
	<id>trunk : middle</id>
	<type>POINT</type>

	<n>trunk</n>
	<n>middle</n>
	<coord>
		<uv>0 0 0 0</uv>
	</coord>
	<coord>
		<uv>0.501144 0 0 0</uv>
	</coord>
</edge>

<edge>
	<id>trunk : part06</id>
	<type>POINT</type>

	<n>trunk</n>
	<n>part06</n>
	<coord>
		<uv>0 0 0 0</uv>
	</coord>
	<coord>
		<uv>0 0 0 0</uv>
	</coord>
</edge>

<edge>
	<id>trunk : seat</id>
	<type>POINT</type>

	<n>trunk</n>
	<n>seat</n>
	<coord>
		<uv>1 0 0 0</uv>
	</coord>
	<coord>
		<uv>0.502374 0 0 0</uv>
	</coord>
</edge>

<edge>
	<id>backsupport : tireback</id>
	<type>POINT</type>

	<n>backsupport</n>
	<n>tireback</n>
	<coord>
		<uv>0.558283 0 0 0</uv>
	</coord>
	<coord>
		<uv>0.303159 0 0 0</uv>
	</coord>
</edge>

<edge>
	<id>backsupport : backForkL01</id>
	<type>POINT</type>

	<n>backsupport</n>
	<n>backForkL01</n>
	<coord>
		<uv>0.852428 0 0 0</uv>
	</coord>
	<coord>
		<uv>0 0 0 0</uv>
	</coord>
</edge>

<edge>
	<id>backsupport : backForkR01</id>
	<type>POINT</type>

	<n>backsupport</n>
	<n>backForkR01</n>
	<coord>
		<uv>0.378653 0 0 0</uv>
	</coord>
	<coord>
		<uv>0 0 0 0</uv>
	</coord>
</edge>

<edge>
	<id>backsupport : backForkR02</id>
	<type>POINT</type>

	<n>backsupport</n>
	<n>backForkR02</n>
	<coord>
		<uv>0.431775 0 0 0</uv>
	</coord>
	<coord>
		<uv>1 0 0 0</uv>
	</coord>
</edge>

<edge>
	<id>backsupport : backForkL02</id>
	<type>POINT</type>

	<n>backsupport</n>
	<n>backForkL02</n>
	<coord>
		<uv>0.784475 0 0 0</uv>
	</coord>
	<coord>
		<uv>1 0 0 0</uv>
	</coord>
</edge>

<edge>
	<id>supportPaddelR : middle</id>
	<type>POINT</type>

	<n>supportPaddelR</n>
	<n>middle</n>
	<coord>
		<uv>0.0155523 0 0 0</uv>
	</coord>
	<coord>
		<uv>0 0 0 0</uv>
	</coord>
</edge>

<edge>
	<id>supportPaddelR : paddelR</id>
	<type>POINT</type>

	<n>supportPaddelR</n>
	<n>paddelR</n>
	<coord>
		<uv>0.989266 0 0 0</uv>
	</coord>
	<coord>
		<uv>0 0 0 0</uv>
	</coord>
</edge>

<edge>
	<id>supportPaddelL : middle</id>
	<type>POINT</type>

	<n>supportPaddelL</n>
	<n>middle</n>
	<coord>
		<uv>0.0155552 0 0 0</uv>
	</coord>
	<coord>
		<uv>1 0 0 0</uv>
	</coord>
</edge>

<edge>
	<id>supportPaddelL : paddelL</id>
	<type>POINT</type>

	<n>supportPaddelL</n>
	<n>paddelL</n>
	<coord>
		<uv>0.989266 0 0 0</uv>
	</coord>
	<coord>
		<uv>0 0 0 0</uv>
	</coord>
</edge>

<group>
	<n>backForkL01</n>
	<n>backForkR01</n>
</group>

<group>
	<n>supportPaddelL</n>
	<n>supportPaddelR</n>
</group>

<group>
	<n>backForkR02</n>
	<n>backForkL02</n>
</group>

<group>
	<n>frontForkL</n>
	<n>frontForkR</n>
</group>

<group>
	<n>paddelL</n>
	<n>paddelR</n>
</group>


</document>
